№	Компания	Сегмент	Кому (ФИО, должность)	Уверенность ЛПР	Email	Тема	Тело письма	Флаги
1	VOX Architects	К10 Архитектор / дизайн-бюро	Борис Воскобойников, Основатель VOX Architects	ГИПОТЕЗА	info@vox-architects.com	Офис AZOT GROUP на 95 этаже: стекло в спецификации	Борис, добрый день! Офис AZOT GROUP на 95 этаже башни «Федерация» взял Гран-при Best Office Awards 2026: три уровня, 2642 м² и стеклянный купол. Поздравляю. Когда бюро закладывает стекло в спецификацию, на объекте часто упираются в срок или нестандартный размер, и позицию меняют на то, что есть. Делаем стеклянные перегородки (фиксированные, распашные, раздвижные), стеклянные маркерные доски и зеркала сложного контура: овал, арка, капсула. Перегородки - 15-30 рабочих дней с оплаты, доски - 10-15. Производство и сборка свои, металл режем и красим сами. Могу прислать материалы для спецификаций и привезти образцы стекла и профиля в бюро. Удобно на этой или следующей неделе? Если не актуально, ответьте одним словом.	проверить ЛПР до отправки; для К10 найти руководителя комплектации или партнёра по офисам; дату страницы о бюро проверить
2	OFFCON	К10 Архитектор / дизайн-бюро	Алексей Литин, Генеральный директор OFFCON (Фёдор Ращевский - партнёр бюро)	ДАННЫЕ	info@offcon.ru	Интерьер Avito: перегородки и доски в спецификации	Алексей, добрый день! Интерьер Avito победил на Best Office Awards 2026 в номинации «Организация пространства». Поздравляю. Стекло в спецификации чаще всего ломается на сроках и нестандартных размерах: на объекте позицию заменяют на складскую. Делаем стеклянные перегородки (фиксированные, распашные, раздвижные), стеклянные маркерные доски и зеркала сложного контура: овал, арка, капсула. Перегородки - 15-30 рабочих дней с оплаты, доски - 10-15. Производство и сборка свои, металл режем и красим сами. Привезу в бюро образцы стекла и профиля и материалы для спецификаций. Удобно на этой или следующей неделе? Если тема не ваша, подскажите, кому переслать.	дату страницы «О бюро» проверить
3	ABD architects	К10 Архитектор / дизайн-бюро	Илья Левянт, Партнёр ABD architects (основатели: Борис Левянт, Юлия Шишарина; Катерина Левянт - зам. ГД)	ГИПОТЕЗА	info@abdcom.ru	«Автобан» и «Сколково Парк»: стекло в спецификации	Илья, добрый день! «Автобан» и «Сколково Парк» победили на Best Office Awards 2026, а ABD architects выступило в этих проектах генпроектировщиком. После утверждения проекта перегородки и зеркала нередко меняют на аналоги, потому что не успевают в срок или не попадают в размер. Делаем стеклянные перегородки (фиксированные, распашные, раздвижные), стеклянные маркерные доски и зеркала сложного контура: овал, арка, капсула. Перегородки - 15-30 рабочих дней с оплаты, доски - 10-15. Производство и сборка свои, металл режем и красим сами. Могу заехать в бюро с образцами стекла и профиля. Когда удобно, на этой или следующей неделе? Если не актуально, ответьте одним словом.	проверить ЛПР до отправки; роль Ильи Левянта проверить; ГД юрлица не искали
4	UNK corporate interiors	К10 Архитектор / дизайн-бюро	Николай Миловидов; Евгения Чернышева, Руководители UNK corporate interiors	ГИПОТЕЗА	info@unkci.ru	Офис Яндекса и «Летово Джуниор»: стекло в проектах	Николай, Евгения, добрый день! UNK corporate interiors победили на Best Office Awards 2026 с офисом «Городские сервисы Яндекса», а UNK design - с «Летово Джуниор». Самая частая беда со стеклом после утверждения проекта - срок и нестандартный размер, из-за которых позицию подменяют. Делаем стеклянные перегородки (фиксированные, распашные, раздвижные), стеклянные маркерные доски и зеркала сложного контура: овал, арка, капсула. Перегородки - 15-30 рабочих дней с оплаты, доски - 10-15. Производство и сборка свои, металл режем и красим сами. Могу прислать материалы для спецификаций и привезти образцы стекла и профиля в бюро. Удобно на этой или следующей неделе? Если сейчас не до этого, напишите «не актуально» - больше не побеспокою.	проверить ЛПР до отправки; написание фамилий сверить (транслитерация из выдачи); уточнить, кто из двоих ГД
5	MORS ARCHITECTS	К10 Архитектор / дизайн-бюро	Виталий Землянский, Член команды MORS ARCHITECTS, контактное лицо по профилю officenext (роль не подтверждена)	ГИПОТЕЗА	info@morsarchitects.com	Офис Positive Technologies: стекло в спецификации	Виталий, добрый день! Видела офис Positive Technologies, с которым MORS ARCHITECTS взяли Best Office Awards 2025 в номинации «Цена и качество». Когда бюро закладывает стекло в спецификацию, на объекте часто упираются в срок или нестандартный размер, и позицию меняют на то, что есть. Делаем стеклянные перегородки (фиксированные, распашные, раздвижные), стеклянные маркерные доски и зеркала сложного контура: овал, арка, капсула. Перегородки - 15-30 рабочих дней с оплаты, доски - 10-15. Производство и сборка свои, металл режем и красим сами. Привезу в бюро образцы стекла и профиля и материалы для спецификаций. Удобно на этой или следующей неделе? Если не актуально, ответьте одним словом.	проверить ЛПР до отправки; факт не подтверждён: победа 2026 (Laminam Rus) есть только в исходном файле, в письме использован подтверждённый проект 2025; роль Виталия в бюро не подтверждена, основателя не нашли
6	ОФИСПРОЕКТ (OFFICEPROJECT)	К10 Архитектор / дизайн-бюро	Ke Chang (написание латиницей по выдаче), Founding Partner ОФИСПРОЕКТ (по агрегатору, роль не подтверждена)	ГИПОТЕЗА	mail@officeproject.ru	МОП Sadovaya Plaza: стекло и зеркала в спецификации	Добрый день! МОПы бизнес-центра Sadovaya Plaza ОФИСПРОЕКТ представил на Best Office Awards 2026 в номинации «Общественный интерьер». После утверждения проекта перегородки и зеркала нередко меняют на аналоги, потому что не успевают в срок или не попадают в размер. Делаем стеклянные перегородки (фиксированные, распашные, раздвижные), стеклянные маркерные доски и зеркала сложного контура: овал, арка, капсула. Перегородки - 15-30 рабочих дней с оплаты, доски - 10-15. Производство и сборка свои, металл режем и красим сами. Могу заехать в бюро с образцами стекла и профиля. Когда удобно, на этой или следующей неделе? Если вопрос не к вам, перешлите, пожалуйста, коллеге, который отвечает за закупку стекла.	проверить ЛПР до отправки; сначала звонок: узнать имя, письмо после; имя в базе латиницей (Ke Chang), письмо без имени; выбрать адресата вручную: Дмитрий Заводов (директор по коммерции) или Денис Лобанов (главный архитектор); факт не подтверждён: в части выдачи проект указан номинантом «Офисы нового поколения», а не победителем
7	БАЛКОН Studio (Balcon Studio)	К10 Архитектор / дизайн-бюро	Анастасия Бондаренко, Основатель студии BALCON	ГИПОТЕЗА	info@balcon.studio	Проекты BALCON: зеркала и перегородки под размер	Анастасия, добрый день! Видела материал в BURO. о влиянии кино на интерьеры и новые проекты студии BALCON в Telegram. В жилых и коммерческих интерьерах зеркала нестандартной формы и стеклянные перегородки обычно самые долгие позиции: размер подгоняют по месту, а решение принимают поздно. Делаем зеркала сложного контура: овал, арка, капсула, стеклянные перегородки (лофт, раздвижные) и консоли на металле. Перегородки - 15-30 рабочих дней с оплаты. Производство и сборка свои, металл режем и красим сами. Могу привезти образцы стекла и профиля в студию. Удобно на этой или следующей неделе? Если не актуально, ответьте одним словом.	проверить ЛПР до отправки; факт не подтверждён: слабый, из исходного файла; URL источника основателя уточнить; студия жилая и коммерческая, закупок fit-out может не быть
8	ZONT Hotel Group (ENZO Hotel Moscow)	К11 Отели и гостиничные компании	Николай Филатов, Генеральный директор и совладелец ZONT Hotel Group	ГИПОТЕЗА	sales@enzohotel.ru	ENZO Hotel Moscow: зеркала LED и стекло для номеров	Николай, добрый день! ENZO Hotel Moscow на 130 номеров, из них 68 апартаментов с кухнями, открылся в ЖК «Поклонная 9». Поздравляю. В номерном фонде повторяется один набор: зеркало с подсветкой, стекло в санузле, консоль. Ошибка в размере умножается на весь фонд, поэтому для следующих объектов группы образец одного изделия на утверждение нужен до партии, условия образца уточню. Производство и сборка свои, металл режем и красим сами. Зеркала LED - 7-12 рабочих дней с оплаты, стеклянные перегородки санузлов - 15-30, консоли на металле. По партии срок подтвердим в расчёте. Гарантия по договору, монтаж по Москве и МО. Если у группы есть следующие проекты, пришлите спецификацию номера - посчитаем за 2 рабочих дня, недостающие данные уточню сама. Если не актуально, ответьте одним словом.	проверить ЛПР до отправки; email общий (sales@enzohotel.ru); для К11 нужен ещё технический директор или директор по развитию, не найден; дату интервью Филатова проверить; дубль со строкой 228: тот же ЛПР (Николай Филатов, Zont), порядок согласовать
9	IFK Hotel Management («Смородина»)	К11 Отели и гостиничные компании	Максим Крымский, Генеральный директор и партнёр IFK Hotel Management	ДАННЫЕ	sales.chssk@smorodina-hotels.com	«Чёрная Смородина Сколково»: зеркала и стекло для номеров	Максим, добрый день! «Чёрная Смородина Сколково» - 165 номеров и конференц-центр 850 м² в Международном медицинском кластере - работает под управлением IFK с июня. В номерном фонде повторяется один набор: зеркало с подсветкой, стекло в санузле, консоль. Ошибка в размере умножается на весь фонд, поэтому образец одного изделия на утверждение нужен до партии, условия образца уточню. Производство и сборка свои, металл режем и красим сами. Зеркала LED - 7-12 рабочих дней с оплаты, стеклянные перегородки санузлов - 15-30, консоли на металле. По партии срок подтвердим в расчёте. Гарантия по договору, монтаж по Москве и МО. Для следующих отелей сети пришлите спецификацию номера - посчитаем за 2 рабочих дня, недостающие данные уточню сама. Если сейчас не до этого, напишите «не актуально» - больше не побеспокою.	email ящика продаж отеля (sales.chssk@), не личный ЛПР; генменеджер Светлана Соколова из файла не перепроверена; дату командной страницы проверить
10	Zenith - федеральный отельный оператор	К11 Отели и гостиничные компании	Андрей Уманский, Исполнительный директор Zenith (операционное управление сети)	ДАННЫЕ	owner@dsc-hotel.ru	ГК «Аметист» на 405 номеров: зеркала LED и стекло	Андрей, добрый день! ГК «Аметист» на 405 номеров, 16 этажей, получила разрешение на ввод 23 апреля, и номера передаются под комплектацию. Отель будет работать под управлением Zenith. В номерном фонде повторяется один набор: зеркало с подсветкой, стекло в санузле, консоль. Ошибка в размере умножается на весь фонд, поэтому образец одного изделия на утверждение нужен до партии, условия образца уточню. Производство и сборка свои, металл режем и красим сами. Зеркала LED - 7-12 рабочих дней с оплаты, стеклянные перегородки санузлов - 15-30, консоли на металле. По партии срок подтвердим в расчёте. Гарантия по договору, монтаж по Москве и МО. Подскажите, комплектацию ведёт управляющая компания или подрядчик? Если вы, пришлите спецификацию номера - посчитаем за 2 рабочих дня, недостающие данные уточню сама.	email общий (owner@dsc-hotel.ru); выбрать адресата вручную: Катерина Соболева (директор по инвестиционному управлению) может быть ближе к закупкам; дата факта апрель 2026, комплектация могла уже начаться; дату страницы оператора проверить; дубль со строкой 126: тот же объект «Аметист»: оператор и застройщик, порядок согласовать
11	Автодом (ГК «Автодом»)	К12 Автодилер	Андрей Ольховский, Генеральный директор ГК «Автодом» (с июля 2019)	ГИПОТЕЗА		ДЦ «Волга» в Балашихе: перегородки и стекло клиентской зоны	Андрей, добрый день! «Автодом» открыл дилерский центр «Волга» в Балашихе, «Автодом Измайлово»: шоурум 700 м². Есть и отдельная точка в Санкт-Петербурге. В салоне по стандарту бренда нужны стеклянные перегородки переговорных и кабинетов, столы переговоров и зеркала в зону ожидания, и всё к дате открытия. Производство и сборка свои, металл режем и красим сами, под размер и брендбук: перегородки - 15-30 рабочих дней с оплаты, столы на металле - 10-15. Замер и монтаж своими бригадами по Москве и МО, гарантия по договору. Если брендбук интерьера не закрепляет поставщика за маркой, пришлите планировку - посчитаем за 2 рабочих дня, недостающие данные уточню сама. Если не актуально, ответьте одним словом.	нет email, только звонок; проверить ЛПР до отправки; для К12 нужен директор по развитию или руководитель строительства, не найден; актуальность Ольховского на 2026 не подтверждена
12	АвтоСпецЦентр (ГК «АвтоСпецЦентр», АСЦ)	К12 Автодилер	Андрей Терлюкевич, Генеральный директор ГК «АвтоСпецЦентр»	ГИПОТЕЗА		Автоцентр Omoda и Jaecoo в Марьино: перегородки и стекло	Андрей, добрый день! «АвтоСпецЦентр» стал дилером Omoda и Jaecoo и открыл автоцентр в Марьино, на Марьинском парке, 1: шоурум 400 м². В новом шоуруме нужны стеклянные перегородки кабинетов и переговорных, столы переговоров и зеркала в зону ожидания. Всё это ждёт дату открытия, и любая позиция без срока её сдвигает. Производство и сборка свои, металл режем и красим сами, под размер и брендбук: перегородки - 15-30 рабочих дней с оплаты, столы на металле - 10-15. Замер и монтаж своими бригадами по Москве и МО, гарантия по договору. Если брендбук интерьера не закрепляет поставщика за маркой, пришлите планировку - посчитаем за 2 рабочих дня, недостающие данные уточню сама. Если тема не ваша, подскажите, кому переслать.	нет email, только звонок; проверить ЛПР до отправки; ФИО из исходного файла, поиском не подтверждено; для К12 нужен директор по развитию или руководитель строительства, не найден
13	Мэйджор (Major Auto)	К12 Автодилер	Михаил Бахтиаров, Основатель и президент «Мэйджор Авто»	ГИПОТЕЗА		Четыре шоурума «Умо» в Москве: перегородки и стекло	Михаил, добрый день! Мэйджор стал дилером бренда «Умо»: продажи «Умо 5» стартуют в четырёх автоцентрах Москвы (18 и 47 км МКАД, Сокольники, Новая Рига) и в одном в Санкт-Петербурге. Когда шоурумы открываются серией, в каждом повторяется один набор: перегородки менеджеров, столы переговоров, зеркала в зоне ожидания. Проще один раз зафиксировать типовую спецификацию. Производство и сборка свои, металл режем и красим сами, под размер и брендбук: перегородки - 15-30 рабочих дней с оплаты, столы на металле - 10-15. Замер и монтаж своими бригадами по Москве и МО, гарантия по договору. По партии срок подтвердим в расчёте. Пришлите планировку одного шоурума - посчитаем за 2 рабочих дня, недостающие данные уточню сама. Если не актуально, ответьте одним словом.	нет email, только звонок; проверить ЛПР до отправки; для К12 нужен директор по развитию или строительству, не найден; юрлиц «Мэйджор» много, ГД по ЕГРЮЛ не смотрели
14	Novikov Group	К13 Ресторанные группы и сети	Аркадий Новиков, Основатель Novikov Group	ДАННЫЕ	fr@novikov.family	Magritte в гостинице «Россия»: зеркала, стекло, консоли	Аркадий, добрый день! Ресторан Magritte в гостинице «Россия» открылся 28 мая: 155 мест, вид на Зарядье, интерьер Евгении Ужеговой. В ресторане стекло и металл видны гостю вблизи: зеркала в зале и санузлах, стеклянные перегородки, подстолья. И всё это нужно к дате открытия, а не после. Делаем зеркала (в раме 5-10 рабочих дней с оплаты, с подсветкой 7-12), зеркала сложного контура: овал, арка, капсула, перегородки и столы на металле с порошковой покраской. Производство и сборка свои, металл режем и красим сами. Пришлите планировку или список позиций следующего открытия - посчитаем за 2 рабочих дня, недостающие данные уточню сама. Если тема не ваша, подскажите, кому переслать.	основатель не обязательно принимает закупку стекла, руководителя стройки или открытий не нашли; дубль со строкой 98: тот же ящик fr@novikov.family, порядок согласовать
15	ДЕКОРАЦИЯ (DECORACIA)	К14 Салон дизайнерской мебели	не найден	не найдено	info@decoracia.ru	Зеркала и консоли для салона на Кутузовском, 35	Добрый день! Второй салон ДЕКОРАЦИИ открылся на Кутузовском проспекте, 35 (анонс от 11 августа), главный остаётся на Ленинском, 45. Зеркала и консоли под заказ у европейских фабрик клиенты ждут неделями. GENGLASS делает зеркала, консоли и столы на металле в палитрах NERO, ORO и BIANCO. Производство и сборка в Домодедово, металл режем и красим сами. Часть моделей на складе, отгрузка 1-3 рабочих дня с оплаты. Приглашаю в шоурум посмотреть изделия вблизи. Удобно на этой или следующей неделе? Если вопрос не к вам, перешлите, пожалуйста, коллеге, который отвечает за закупку.	ЛПР не найден, письмо без имени; сначала звонок: узнать имя, письмо после; владельца или руководителя салона в выдаче нет, смотреть ЕГРЮЛ
16	ASPACE	К1 Сервисные офисы / коворкинги	Иван Гуськов, Генеральный директор и основатель ASPACE	ДАННЫЕ	sales@a.space	Новые этажи в STONE Towers: перегородки и доски	Иван, добрый день! ASPACE расширяется в STONE Towers (запуск в IV квартале 2026) и заключила сделку по флагманскому проекту «Никольская». На каждой новой локации повторяется один набор: перегородки переговорных, маркерные доски, зеркала в санузлах. Обычно его заново согласуют и ждут под каждый объект. Производство и сборка в Домодедово, металл режем и красим сами. Перегородки - 15-30 рабочих дней с оплаты, доски - 10-15, монтаж своими бригадами по Москве и МО. По партии срок подтвердим в расчёте. Типовую спецификацию можно зафиксировать один раз и повторять на каждой локации. Пришлите планировку ближайшего этажа - посчитаю с техотделом за 2 рабочих дня, недостающие данные уточню сама. Если тема не ваша, подскажите, кому переслать.	цифры площади по сделке сверить (Коммерсантъ), в письме не использованы; для fit-out нужен директор по строительству, не найден; в файле упомянута Эвелина К., ФИО обрезано
17	Workki	К1 Сервисные офисы / коворкинги	Наталья Мормина, Коммерческий директор Workki	ГИПОТЕЗА	info@workki.co	Локации Workki: перегородки и доски одним набором	Наталья, добрый день! Локация Workki на Тульской - 1451 рабочее место, заполнена полностью. Если готовите следующую, пишу заранее. На каждой новой локации повторяется один набор: перегородки переговорных, маркерные доски, зеркала в санузлах. Обычно его заново согласуют и ждут под каждый объект. Производство и сборка в Домодедово, металл режем и красим сами. Перегородки - 15-30 рабочих дней с оплаты, доски - 10-15, монтаж своими бригадами по Москве и МО. По партии срок подтвердим в расчёте. Типовую спецификацию можно зафиксировать один раз и повторять на каждой локации. Пришлите планировку ближайшей локации - посчитаю с техотделом за 2 рабочих дня, недостающие данные уточню сама. Если тема не ваша, подскажите, кому переслать.	проверить ЛПР до отправки; факт не подтверждён: сигнал «открылись на Тульской 24.08.2026» неверный (локация открыта 01.06.2022), дату новости cre.ru проверить; новую локацию искать на workki.co/locations/opening_soon/
18	Практик	К1 Сервисные офисы / коворкинги	Евгений Лысый, Управляющий партнёр (по исходному файлу)	ГИПОТЕЗА	info@praktik.work	Практик Охта: перегородки для штаб-квартиры и новых площадок	Евгений, добрый день! «Газнефтесервис» размещает штаб-квартиру на 600+ рабочих мест в «Практик Охта» - это крупнейшая сделка в сегменте сервисных офисов Петербурга. На каждой новой локации повторяется один набор: перегородки переговорных, маркерные доски, зеркала в санузлах. Обычно его заново согласуют и ждут под каждый объект. Производство и сборка в Домодедово, металл режем и красим сами. Перегородки - 15-30 рабочих дней с оплаты, доски - 10-15, доставка по России, монтаж в регионе - условия уточню. По партии срок подтвердим в расчёте. Типовую спецификацию можно зафиксировать один раз для всех площадок. Пришлите планировку ближайшей площадки - посчитаю с техотделом за 2 рабочих дня, недостающие данные уточню сама. Если тема не ваша, подскажите, кому переслать.	проверить ЛПР до отправки; ФИО из исходного файла, поиском не подтверждено; регион Санкт-Петербург: монтаж своими бригадами только по Москве и МО, в письме доставка по России
19	REFOLIO	К1 Сервисные офисы / коворкинги	Андрей Новоселов, Управляющий партнёр REFOLIO (в исходном файле - ГД Pitch Development)	ДАННЫЕ	reg@pitchdev.ru	REFOLIO Dostoevsky: перегородки и доски для новых блоков	Андрей, добрый день! Pitch Development запустил оператора REFOLIO: первый объект, REFOLIO Dostoevsky на Институтском переулке, 2, открылся в июне. На каждой новой локации повторяется один набор: перегородки переговорных, маркерные доски, зеркала в санузлах. Обычно его заново согласуют и ждут под каждый объект. Производство и сборка в Домодедово, металл режем и красим сами. Перегородки - 15-30 рабочих дней с оплаты, доски - 10-15, монтаж своими бригадами по Москве и МО. По партии срок подтвердим в расчёте. Типовую спецификацию можно зафиксировать один раз и повторять на каждой локации. Пришлите планировку следующей локации - посчитаю с техотделом за 2 рабочих дня, недостающие данные уточню сама. Если тема не ваша, подскажите, кому переслать.	уточнить должность Новоселова (управляющий партнёр REFOLIO или ГД Pitch Development); email общий (reg@pitchdev.ru)
20	AOF Group (АОФ Групп)	К2 Офисный дилер-комплектатор	Владимир Андреев, Генеральный директор ООО «АОФ ГРУПП» (с 2016, по ЕГРЮЛ)	ГИПОТЕЗА	info@aof.ru	Мебель для проектов BOA 2026: стекло в комплект	Владимир, добрый день! Вы поставляли мебель в восемь проектов-номинантов Best Office Awards 2026, в том числе в Школу управления Сколково. В таких офисах мебель фабрики приходит в срок, а стеклянные перегородки и доски часто добирают отдельно и ждут дольше всего. GENGLASS делает перегородки, стеклянные маркерные доски и столы на металле под размер проекта. Их можно ставить в спецификацию как свою позицию, в том числе под вашим брендом - условия обсудим. Перегородки - 15-30 рабочих дней с оплаты, доски - 10-15. Производство и сборка свои, металл режем и красим сами. Пришлите одну текущую спецификацию со стеклом - посчитаем за 2 рабочих дня, недостающие данные уточню сама, сравните со своим поставщиком. Если не актуально, ответьте одним словом.	проверить ЛПР до отправки; ГД по ЕГРЮЛ, свежесть данных проверить
21	Стиль Комплект	К6 Комплектатор образования	не найден	не найдено	info@style-kit.ru	Школа №1253 и д/с при школе №2122: доски и зеркала	Добрый день! Стиль Комплект оснастил школу №1253 на Пресне и детский сад при школе №2122. В ТЗ на школы и сады стекло проверяют строже остального, поэтому нужно закалённое. Делаем стеклянные маркерные доски из закалённого осветлённого стекла, зеркала для хореографических и спортивных залов, перегородки в административные зоны. Доски - 10-15 рабочих дней с оплаты. Производство и сборка свои, металл режем и красим сами. Пришлите позицию из ТЗ ближайшего тендера - посчитаем за 2 рабочих дня, недостающие данные уточню сама. Если в цену не попадём, скажу сразу. Если вопрос не к вам, перешлите, пожалуйста, коллеге, который ведёт тендеры.	ЛПР не найден, письмо без имени; сначала звонок: узнать имя, письмо после; факт не подтверждён: компания не исследована, факт из исходного файла
22	Донстрой	К8 Девелопер	не найден	не найдено		ЖК «Огни»: зеркала и стекло для МОП третьей очереди	Добрый день! Для третьей очереди ЖК «Огни» в Раменках получено разрешение на ввод. В МОП и лобби повторяются одни и те же позиции: зеркала, стеклянные перегородки, стойки. Их обычно закупают последними и в сжатый срок. Производство и сборка свои, металл режем и красим сами. Перегородки - 15-30 рабочих дней с оплаты, замер и монтаж своими бригадами по Москве и МО, гарантия по договору. Для следующих очередей и новых проектов подскажите: отделку МОП закупаете сами или через генподрядчика? Если сами, пришлите дату тендера по МОП - подготовимся заранее. Если вопрос не к вам, перешлите, пожалуйста, коллеге, который отвечает за отделку.	нет email, только звонок; ЛПР не найден, письмо без имени; сначала звонок: узнать имя, письмо после; факт не подтверждён: компания не исследована, факт из исходного файла
23	Capital Group	К8 Девелопер	не найден	не найдено	zakupki@capitalgroup.ru	«Бадаевский»: зеркала и стекло для МОП и лобби	Добрый день! Западная «лента» проекта «Бадаевский» введена в эксплуатацию. В МОП и лобби повторяются одни и те же позиции: зеркала, стеклянные перегородки, стойки. Их обычно закупают последними и в сжатый срок. Производство и сборка свои, металл режем и красим сами. Перегородки - 15-30 рабочих дней с оплаты, замер и монтаж своими бригадами по Москве и МО, гарантия по договору. Подскажите, отделку МОП закупаете сами или через генподрядчика? Если сами, пришлите ТЗ или дату тендера - подготовимся заранее. Если вопрос не к вам, перешлите, пожалуйста, коллеге, который отвечает за отделку.	ЛПР не найден, письмо без имени; сначала звонок: узнать имя, письмо после; факт не подтверждён: компания не исследована, факт из исходного файла
24	Tekta Group	К8 Девелопер	не найден	не найдено	tender@tekta.com	«Пыжёвский»: зеркала и стекло для МОП и лобби	Добрый день! Tekta Group открыла офис продаж проекта «Пыжёвский» в центре Москвы. В МОП и лобби повторяются одни и те же позиции: зеркала, стеклянные перегородки, стойки. Их обычно закупают последними и в сжатый срок. Производство и сборка свои, металл режем и красим сами. Перегородки - 15-30 рабочих дней с оплаты, замер и монтаж своими бригадами по Москве и МО, гарантия по договору. Подскажите, отделку МОП закупаете сами или через генподрядчика? Если сами, пришлите ТЗ или дату тендера - подготовимся заранее. Если вопрос не к вам, перешлите, пожалуйста, коллеге, который отвечает за отделку.	ЛПР не найден, письмо без имени; сначала звонок: узнать имя, письмо после; факт не подтверждён: компания не исследована, факт из исходного файла
25	AEON Development (Аеон Девелопмент)	К8 Девелопер	не найден	не найдено	press-development@aeoncorp.ru	«Ривер Парк»: зеркала и стекло для МОП и лобби	Добрый день! Финальные корпуса «Ривер Парк Коломенское» получили разрешения на ввод, а во второй очереди «Ривер Парк Кутузовский» завершён монолит. В МОП и лобби повторяются одни и те же позиции: зеркала, стеклянные перегородки, стойки. Их обычно закупают последними и в сжатый срок. Производство и сборка свои, металл режем и красим сами. Перегородки - 15-30 рабочих дней с оплаты, замер и монтаж своими бригадами по Москве и МО, гарантия по договору. Подскажите, отделку МОП закупаете сами или через генподрядчика? Если сами, пришлите ТЗ или дату тендера - подготовимся заранее. Если вопрос не к вам, перешлите, пожалуйста, коллеге, который отвечает за отделку.	ЛПР не найден, письмо без имени; сначала звонок: узнать имя, письмо после; факт не подтверждён: компания не исследована, факт из исходного файла; email пресс-службы (press-development@), не закупки
26	STONE (Стоунхедж)	К8 Девелопер	не найден	не найдено	info@stone.ru	Жилой проект в Донском районе: стекло для МОП и лобби	Добрый день! Для жилого проекта в Донском районе получено разрешение на строительство, запуск в 2026 году. Зеркала, стеклянные перегородки и стойки для МОП и лобби обычно закупают последними и в сжатый срок. Поэтому лучше познакомиться до тендера. Производство и сборка свои, металл режем и красим сами. Перегородки - 15-30 рабочих дней с оплаты, замер и монтаж своими бригадами по Москве и МО, гарантия по договору. Подскажите, кто у вас отвечает за отделку МОП и как проходит квалификация поставщиков? Если вопрос не к вам, перешлите, пожалуйста, коллеге, который отвечает за отделку.	ЛПР не найден, письмо без имени; сначала звонок: узнать имя, письмо после; факт не подтверждён: компания не исследована, факт из исходного файла
27	Галс-Девелопмент	К8 Девелопер	не найден	не найдено	zakupki@hals-development.ru	БЦ «Север»: перегородки и зеркала к отделке	Добрый день! В бизнес-центре «Север» класса Prime завершены монолитные работы, стройка переходит к фасадам и отделке. В офисном БЦ перегородки арендаторских зон и зеркала санузлов часто оказываются самой долгой позицией и сдвигают сдачу. Производство и сборка свои, металл режем и красим сами. Перегородки - 15-30 рабочих дней с оплаты, замер и монтаж своими бригадами по Москве и МО, гарантия по договору. Пришлите планировку или спецификацию по стеклу - посчитаем за 2 рабочих дня, недостающие данные уточню сама. Если вопрос не к вам, перешлите, пожалуйста, коллеге, который отвечает за отделку.	ЛПР не найден, письмо без имени; сначала звонок: узнать имя, письмо после; факт не подтверждён: компания не исследована, факт из исходного файла; первый email из двух в файле (второй обрезан)
28	ASTERUS	К8 Девелопер	не найден	не найдено	info@asterus-development.com	«Кристалл» и ÁЛИA: стекло для общественных зон	Добрый день! ASTERUS начал ревитализацию бывшего завода «Кристалл» с 1 июля, а в ÁЛИA с 7 июля строят поликлинику. В таких проектах общественные и офисные зоны обычно требуют стеклянных перегородок и зеркал под нестандартный размер, и срок съедает график отделки. Производство и сборка свои, металл режем и красим сами. Перегородки - 15-30 рабочих дней с оплаты, замер и монтаж своими бригадами по Москве и МО, гарантия по договору. Подскажите, отделку МОП и общественных зон закупаете сами или через генподрядчика? Если сами, пришлите ТЗ - подготовимся заранее. Если вопрос не к вам, перешлите, пожалуйста, коллеге, который отвечает за отделку.	ЛПР не найден, письмо без имени; сначала звонок: узнать имя, письмо после; факт не подтверждён: компания не исследована, факт из исходного файла
29	ST MICHAEL	К8 Девелопер	Любовь Кононенко, Контакт по тендерам (по исходному файлу, роль не подтверждена)	ГИПОТЕЗА	lkononenko@stmichael.ru	Тендер №99 «Квартал Серебряный бор»: вопрос по лоту	Любовь, добрый день! Пишу по тендеру №99 на мебель МОП, лобби и офиса УК «Квартала Серебряный бор», приём до 12.10.2026. Хотим участвовать. Для офиса УК мы производим стеклянные перегородки, маркерные доски и столы на металле. Для лобби в стилистике премиального отеля - зеркала сложного контура, консоли и столы на металле с отделкой камнем и керамогранитом. Производство и сборка в Домодедово, монтаж своими бригадами по Москве. Два вопроса, чтобы подать точное предложение: 1. Лот принимается по позициям или только целиком? 2. Можно ли получить планировки офиса УК и лобби? Расчёт подготовим за 2 рабочих дня после получения документов.	СРОЧНО: приём до 12.10.2026, звонок 30.09; роль Л. Кононенко - ГИПОТЕЗА (контакт из тендера), при сомнении обращение «Добрый день!»; решение об участии - РОП
30	КОЛДИ (Coldy)	К8 Девелопер	не найден	не найдено	info@coldy.ru	Тендеры на дизайнерскую отделку: позиции со стеклом	Добрый день! На coldy.info/tender открыты тендеры по объектам, в том числе на дизайнерскую отделку, с сентября 2026 по март 2027. Хотим участвовать по позициям со стеклом: перегородки, зеркала, двери. Производство и сборка свои, металл режем и красим сами. Перегородки - 15-30 рабочих дней с оплаты, зеркала LED - 7-12. Замер и монтаж своими бригадами по Москве и МО, гарантия по договору. Подскажите, кто ведёт эти тендеры и можно ли получить рабочую документацию по стеклу? Расчёт подготовим за 2 рабочих дня, недостающие данные уточню сама.	ЛПР не найден, письмо без имени; сначала звонок: узнать имя, письмо после; факт не подтверждён: компания не исследована, факт из исходного файла; номер лота не указан, взять на coldy.info/tender до отправки; домен email coldy.ru, площадка coldy.info - сверить
31	SPS	К9 Fit-out подрядчик	не найден	не найдено	info@sps-com.com	«Рабочая станция Black» и БЦ «Ново»: перегородки	Добрый день! Видела три новых проекта SPS на officenext: коворкинг «Рабочая станция Black», реновацию БЦ «Ново» и флагманский офис «Брусники». В офисном fit-out стеклянные перегородки часто самая долгая позиция по сроку и первая, из-за которой сдвигается сдача. Перегородки фиксированные, распашные, раздвижные, каскадные, профиль сталь или алюминий. Производство и сборка в Домодедово, металл режем и красим сами. Изготовление 15-30 рабочих дней с оплаты, монтаж своими бригадами по Москве и МО или поставка без монтажа. Пришлите планировку или спецификацию по стеклу текущего объекта - посчитаем оба варианта за 2 рабочих дня, недостающие данные уточню сама. Если вопрос не к вам, перешлите, пожалуйста, коллеге, который закупает перегородки.	ЛПР не найден, письмо без имени; сначала звонок: узнать имя, письмо после; факт не подтверждён: компания не исследована, факт из исходного файла
32	ARC (АРС)	К9 Fit-out подрядчик	не найден	не найдено	hireus@arc-fitout.com	Офис Avito в Петербурге: перегородки и доски	Добрый день! Офис Avito в Санкт-Петербурге, где АРС был генподрядчиком, опубликован на officenext. В офисном fit-out стеклянные перегородки часто самая долгая позиция по сроку и первая, из-за которой сдвигается сдача. Делаем перегородки и стеклянные маркерные доски. Производство и сборка в Домодедово, металл режем и красим сами. Перегородки - 15-30 рабочих дней с оплаты, доски - 10-15, доставка по России, монтаж в регионе - условия уточню. Пришлите планировку или спецификацию по стеклу текущего объекта - посчитаем за 2 рабочих дня, недостающие данные уточню сама. Если вопрос не к вам, перешлите, пожалуйста, коллеге, который закупает перегородки.	ЛПР не найден, письмо без имени; сначала звонок: узнать имя, письмо после; факт не подтверждён: компания не исследована, факт из исходного файла; email кадровый (hireus@), найти ящик закупок или тендерного отдела; объект в Санкт-Петербурге, монтаж своими бригадами только Москва и МО
33	АДЮТОН-Н	К9 Fit-out подрядчик	не найден	не найдено	info@aduton-n.ru	Четыре офиса-номинанта BOA 2026: перегородки и доски	Добрый день! Четыре офиса АДЮТОН-Н вышли в номинанты Best Office Awards 2026: Астра, Яндекс в «Лотте Плаза», «Городские сервисы Яндекса» и Технониколь. В офисном fit-out стеклянные перегородки часто самая долгая позиция по сроку и первая, из-за которой сдвигается сдача. Перегородки и стеклянные маркерные доски. Производство и сборка в Домодедово, металл режем и красим сами. Перегородки - 15-30 рабочих дней с оплаты, доски - 10-15, монтаж своими бригадами по Москве и МО или поставка без монтажа. Пришлите планировку или спецификацию по стеклу текущего объекта - посчитаем оба варианта за 2 рабочих дня, недостающие данные уточню сама. Если вопрос не к вам, перешлите, пожалуйста, коллеге, который закупает перегородки.	ЛПР не найден, письмо без имени; сначала звонок: узнать имя, письмо после; факт не подтверждён: компания не исследована, факт из исходного файла
34	Гинт-М (ГК)	К9 Fit-out подрядчик	не найден	не найдено		Сколково и Нацпроектстрой: перегородки для офисов	Добрый день! Офисы Школы управления Сколково и Нацпроектстроя вышли в номинанты Best Office Awards 2026. В офисном fit-out стеклянные перегородки часто самая долгая позиция по сроку и первая, из-за которой сдвигается сдача. Перегородки фиксированные, распашные, раздвижные, каскадные, профиль сталь или алюминий. Производство и сборка в Домодедово, металл режем и красим сами. Изготовление 15-30 рабочих дней с оплаты, монтаж своими бригадами по Москве и МО или поставка без монтажа. Пришлите планировку или спецификацию по стеклу текущего объекта - посчитаем оба варианта за 2 рабочих дня, недостающие данные уточню сама. Если вопрос не к вам, перешлите, пожалуйста, коллеге, который закупает перегородки.	нет email, только звонок; ЛПР не найден, письмо без имени; сначала звонок: узнать имя, письмо после; факт не подтверждён: компания не исследована, факт из исходного файла
35	CONTE (КОНТЕ)	К9 Fit-out подрядчик	не найден	не найдено	info@contegroup.ru	Офис VK и проекты CONTE: перегородки и двери	Добрый день! Офис VK в Москве, который строила CONTE, вышел в номинанты Best Office Awards 2026. В офисном fit-out стеклянные перегородки часто самая долгая позиция по сроку и первая, из-за которой сдвигается сдача. Перегородки фиксированные, распашные, раздвижные, каскадные, профиль сталь или алюминий. Производство и сборка в Домодедово, металл режем и красим сами. Изготовление 15-30 рабочих дней с оплаты, монтаж своими бригадами по Москве и МО или поставка без монтажа. Пришлите планировку или спецификацию по стеклу текущего объекта - посчитаем оба варианта за 2 рабочих дня, недостающие данные уточню сама. Если вопрос не к вам, перешлите, пожалуйста, коллеге, который закупает перегородки.	ЛПР не найден, письмо без имени; сначала звонок: узнать имя, письмо после; факт не подтверждён: компания не исследована, факт из исходного файла
36	CreConstruction	К9 Fit-out подрядчик	не найден	не найдено	info@creconstruction.ru	Офис «Терем» и объекты в iCity: перегородки	Добрый день! Офис «Терем» вышел в номинанты Best Office Awards 2026, а на сайте CreConstruction в августе значатся текущие объекты в iCity. В офисном fit-out стеклянные перегородки часто самая долгая позиция по сроку и первая, из-за которой сдвигается сдача. Перегородки фиксированные, распашные, раздвижные, каскадные, профиль сталь или алюминий. Производство и сборка в Домодедово, металл режем и красим сами. Изготовление 15-30 рабочих дней с оплаты, монтаж своими бригадами по Москве и МО или поставка без монтажа. Пришлите планировку или спецификацию по стеклу текущего объекта - посчитаем оба варианта за 2 рабочих дня, недостающие данные уточню сама. Если вопрос не к вам, перешлите, пожалуйста, коллеге, который закупает перегородки.	ЛПР не найден, письмо без имени; сначала звонок: узнать имя, письмо после; факт не подтверждён: компания не исследована, факт из исходного файла
37	Реновель (Renowell)	К9 Fit-out подрядчик	Андрей Опарин, Генеральный директор (по исходному файлу)	ГИПОТЕЗА	info@renowell.ru	Офисы для VK и «Европейской Электротехники»: перегородки	Андрей, добрый день! Офисы «Европейской Электротехники» и VK в Санкт-Петербурге, построенные Реновелом, вышли в номинанты Best Office Awards 2026. В офисном fit-out стеклянные перегородки часто самая долгая позиция по сроку и первая, из-за которой сдвигается сдача. Перегородки фиксированные, распашные, раздвижные, каскадные, профиль сталь или алюминий. Производство и сборка в Домодедово, металл режем и красим сами. Изготовление 15-30 рабочих дней с оплаты, поставка по России, монтаж в регионе - условия уточню. Пришлите планировку или спецификацию по стеклу текущего объекта - посчитаем оба варианта за 2 рабочих дня, недостающие данные уточню сама. Если тема не ваша, подскажите, кому переслать.	проверить ЛПР до отправки; факт не подтверждён: компания не исследована, факт из исходного файла; ФИО из исходного файла, поиском не подтверждено
38	Palmira Hotels (Palmira Istra Resort)	К11 Отели и гостиничные компании	не найден	не найдено	info@palmira-istra.ru	Palmira ISTRA Resort: зеркала LED и стекло для номеров	Добрый день! Курорт Palmira ISTRA Resort открылся: 285 номеров и 11 коттеджей. В номерном фонде повторяется один набор: зеркало с подсветкой, стекло в санузле, консоль. Ошибка в размере умножается на весь фонд, поэтому образец одного изделия на утверждение нужен до партии, условия образца уточню. Производство и сборка свои, металл режем и красим сами. Зеркала LED - 7-12 рабочих дней с оплаты, стеклянные перегородки санузлов - 15-30, консоли на металле. По партии срок подтвердим в расчёте. Гарантия по договору, монтаж по Москве и МО. Пришлите спецификацию номера - посчитаем за 2 рабочих дня, недостающие данные уточню сама. Если вопрос не к вам, перешлите, пожалуйста, дизайнеру FF&E или управляющей компании.	ЛПР не найден, письмо без имени; сначала звонок: узнать имя, письмо после; факт не подтверждён: компания не исследована, факт из исходного файла
39	ГК Основа	К8 Девелопер	Евгений Владимирович Попов, Генеральный директор АО «ГК ОСНОВА» (ГД по ЕГРЮЛ)	ДАННЫЕ	v.shamshin@gk-osnova.ru	Тендеры №1201, 1223, 1224 на отделку МОП: вопрос по лотам	Евгений Владимирович, добрый день! Тендеры на чистовую отделку МОП (№1201, №1223, №1224) на вашей ЭТП принимают заявки до 5-8 октября. Хотим участвовать. Под такие лоты делаем зеркала, стеклянные перегородки и столы на металле. Производство и сборка свои, металл режем и красим сами. Замер и монтаж своими бригадами по Москве и МО, гарантия по договору. Два вопроса, чтобы подать точное предложение: 1. Входят ли в лоты зеркала и стеклянные элементы? 2. Можно ли получить проект отделки МОП? Расчёт подготовим за 2 рабочих дня, недостающие данные уточню сама.	срочно: приём заявок до 05-08.10.2026; email на другого сотрудника (v.shamshin@), не личный ЛПР; уточнить, кто заказчик тендеров на ЭТП: есть второе юрлицо ООО «ГК ОСНОВА»; также в выдаче: Игорь Сибренков (коммерческий директор), Олег Колченко (управляющий партнёр), директора по закупкам не найдено
40	ГК Вектор	К8 Девелопер	не найден	не найдено		Тендер на административно-деловой комплекс в Одинцово	Добрый день! Видела на сайте ГК Вектор тендер на строительство административно-делового комплекса с подземной стоянкой в Одинцово, на улице Маршала Жукова. В офисном комплексе перегородки арендаторских зон и зеркала санузлов часто оказываются самой долгой позицией и сдвигают сдачу. Производство и сборка свои, металл режем и красим сами. Перегородки - 15-30 рабочих дней с оплаты, замер и монтаж своими бригадами по Москве и МО, гарантия по договору. Подскажите, кто отвечает за отделку комплекса и когда планируются тендеры по ней? Подготовимся заранее. Если вопрос не к вам, перешлите, пожалуйста, коллеге, который отвечает за отделку.	нет email, только звонок; ЛПР не найден, письмо без имени; сначала звонок: узнать имя, письмо после; факт не подтверждён: тендер от 25.08.2026, возможно закрыт, сверить на странице /tendery; ЛПР не найден: управление ведёт ООО «УК Вектор», ГД проверить руками (Бондаренко из старых данных в ЛПР не ставили)
41	IND (Международное бюро IND)	К10 Архитектор / дизайн-бюро	Амир Идиатулин, Основатель и главный архитектор IND architects	ДАННЫЕ		AFI FLEX: перегородки и стекло в спецификации	Амир, добрый день! AFI FLEX победил на Best Office Awards 2026 в номинации «Сервисные офисы»: 10 948 м² и около 1400 рабочих мест в AFI Gallery у Белорусской, проект бюро IND. Стекло в спецификации чаще всего ломается на сроках и нестандартных размерах: на объекте позицию заменяют на складскую. Делаем стеклянные перегородки (фиксированные, распашные, раздвижные), стеклянные маркерные доски и зеркала сложного контура: овал, арка, капсула. Перегородки - 15-30 рабочих дней с оплаты, доски - 10-15. Производство и сборка свои, металл режем и красим сами. Могу прислать материалы для спецификаций и привезти образцы стекла и профиля в бюро. Удобно на этой или следующей неделе? Если тема не ваша, подскажите, кому переслать.	нет email, только звонок; руководителя комплектации не найдено; также партнёр и главный архитектор Андрей Сидоров (ind.studio/en/team); страницу команды проверить, дата обновления неизвестна
42	AZIMUT Hotels	К11 Отели и гостиничные компании	Максим Бродовский, Генеральный директор AZIMUT Hotels	ДАННЫЕ		AZIMUT Сити Отель Нижегородская: зеркала и стекло	Максим, добрый день! AZIMUT анонсировал Сити Отель Нижегородская: 246 номеров, 20 этажей в бизнес-центре Level work вместе с Level Group. До открытия ещё время, поэтому пишу заранее: зеркала с подсветкой и стекло санузлов удобнее утвердить одним образцом до партии, чем править размер на всём фонде. Производство и сборка свои, металл режем и красим сами. Зеркала LED - 7-12 рабочих дней с оплаты, стеклянные перегородки санузлов - 15-30, консоли на металле. По партии срок подтвердим в расчёте. Гарантия по договору. Подскажите, кто в сети отвечает за стандарт номеров? Если вы, пришлите спецификацию номера - посчитаем за 2 рабочих дня, недостающие данные уточню сама.	нет email, только звонок; срок открытия по выдаче 2028, не писать «скоро откроется»; технического директора и директора по развитию сети не найдено
43	Рольф (ГК «Рольф»)	К12 Автодилер	Светлана Викторовна Виноградова, Генеральный директор АО «РОЛЬФ»	ДАННЫЕ		Салон GAC на «Рольф Волгоградский»: перегородки и стекло	Светлана Викторовна, добрый день! «Рольф» открыл дилерский центр GAC на локации «Рольф Волгоградский»: шоурум 400+ м². В салоне по стандарту бренда нужны стеклянные перегородки кабинетов менеджеров, столы переговоров и зеркала в зону ожидания, и всё это к дате открытия. Производство и сборка свои, металл режем и красим сами, под размер и брендбук: перегородки - 15-30 рабочих дней с оплаты, столы на металле - 10-15. Замер и монтаж своими бригадами по Москве и МО, гарантия по договору. Если брендбук интерьера не закрепляет поставщика за маркой, пришлите планировку - посчитаем за 2 рабочих дня, недостающие данные уточню сама. Если сейчас не до этого, напишите «не актуально» - больше не побеспокою.	нет email, только звонок; проверить, не сменился ли гендиректор после 02.2025 (заголовок sostav.ru о смене); руководителя строительства или развития не найдено
44	Авилон (АГ «Авилон»)	К12 Автодилер	Александр Сергеевич Волчков, Генеральный директор АО «Авилон АГ» (ГД по ЕГРЮЛ)	ДАННЫЕ		Салон на 23 км Киевского шоссе: перегородки и стекло	Александр Сергеевич, добрый день! «Авилон» открыл пятый мультибрендовый салон «Авилон автомобили с пробегом» на 23 км Киевского шоссе: 7671 м² в ТЦ «Фэмили рум». В таких салонах нужны стеклянные перегородки кабинетов оценки и выдачи и переговорных, а в зоне ожидания зеркала. Всё это к дате открытия. Производство и сборка свои, металл режем и красим сами, под размер и брендбук: перегородки - 15-30 рабочих дней с оплаты, столы на металле - 10-15. Замер и монтаж своими бригадами по Москве и МО, гарантия по договору. Пришлите планировку следующей площадки - посчитаем за 2 рабочих дня, недостающие данные уточню сама. Если не актуально, ответьте одним словом.	нет email, только звонок; директора по строительству или развитию не найдено
45	Панавто	К12 Автодилер	Кирилл Николаевич Павлович, Управляющий партнёр «Панавто» (в 2006-2022 совладелец и ГД)	ГИПОТЕЗА		Дилерские центры «Сенат»: перегородки и стекло	Кирилл Николаевич, добрый день! 13 августа «Панавто» стал представителем российского бренда «Сенат»: продажи начались в «Панавто Запад» и «Панавто Сити». В клиентской зоне нового бренда нужны стеклянные перегородки, столы переговоров и зеркала в зону ожидания, и всё к дате открытия. Производство и сборка свои, металл режем и красим сами, под размер и брендбук: перегородки - 15-30 рабочих дней с оплаты, столы на металле - 10-15. Замер и монтаж своими бригадами по Москве и МО, гарантия по договору. Если брендбук интерьера не закрепляет поставщика за маркой, пришлите планировку - посчитаем за 2 рабочих дня, недостающие данные уточню сама. Если тема не ваша, подскажите, кому переслать.	нет email, только звонок; проверить ЛПР до отправки; действующего ГД группы не нашли, профиль Павловича без даты обновления; в ЕГРЮЛ несколько разных ООО «Панавто», не путать
46	White Rabbit Family	К13 Ресторанные группы и сети	Борис Зарьков, Основатель White Rabbit Family	ГИПОТЕЗА		RARE и франшизный ресторан в Тюмени: зеркала, перегородки	Борис, добрый день! Видела на сайте холдинга анонс ресторана RARE, а в мае White Rabbit Family открыла франшизный ресторан в Тюмени. В ресторане стекло и металл видны гостю вблизи: зеркала в зале и санузлах, перегородки, подстолья. А во франшизе набор один на все точки, его удобно зафиксировать заранее. Делаем зеркала (в раме 5-10 рабочих дней с оплаты, с подсветкой 7-12), зеркала сложного контура: овал, арка, капсула, перегородки и столы на металле с порошковой покраской. Производство и сборка свои, металл режем и красим сами. По партии срок подтвердим в расчёте. Доставка по России, монтаж в регионе - условия уточню. Пришлите планировку или список позиций следующего открытия - посчитаем за 2 рабочих дня, недостающие данные уточню сама. Если тема не ваша, подскажите, кому переслать.	нет email, только звонок; проверить ЛПР до отправки; факт не подтверждён: компания не исследована, факт из исходного файла (RARE подтверждён на wrf.su, дата и детали открытия не проверены); в выдаче также Артём Павленко как ГД WRF (не проверено); директора по развитию или стройке не найдено
47	Lucky Group	К13 Ресторанные группы и сети	Богдан Панченко; Иван Кукарских, Сооснователи Lucky Group (основана в 2017)	ДАННЫЕ		Lucky Place на Большой Никитской: зеркала и перегородки	Богдан, Иван, добрый день! 16 сентября на Большой Никитской открылось гастропространство Lucky Place на месте кластера T1. Поздравляю. В гастропространстве стекло и металл видны гостю вблизи: зеркала в зале и санузлах, декоративные перегородки, консоли. Делаем зеркала (в раме 5-10 рабочих дней с оплаты, с подсветкой 7-12), зеркала сложного контура: овал, арка, капсула, перегородки и столы на металле с порошковой покраской. Производство и сборка свои, металл режем и красим сами. Пришлите планировку или список позиций следующего открытия - посчитаем за 2 рабочих дня, недостающие данные уточню сама. Если тема не ваша, подскажите, кому переслать.	нет email, только звонок; источник по ЛПР - материал RBC Style 2025, руководителя стройки или открытий не найдено
48	Pinskiy&Co	К13 Ресторанные группы и сети	Антон Пинский, Основатель и Group CEO Pinskiy&Co Hospitality	ДАННЫЕ		LOONA на Тверском бульваре: зеркала, перегородки, консоли	Антон, добрый день! У Pinskiy&Co есть LOONA на Тверском бульваре, 24с1, и я пишу заранее, до следующих открытий группы. В ресторане стекло и металл видны гостю вблизи: зеркала в зале и санузлах, перегородки, консоли. Их нужно делать под размер и к дате открытия. Делаем зеркала (в раме 5-10 рабочих дней с оплаты, с подсветкой 7-12), зеркала сложного контура: овал, арка, капсула, перегородки и столы на металле с порошковой покраской. Производство и сборка свои, металл режем и красим сами. Доставка по России, монтаж в регионе - условия уточню. Пришлите планировку или список позиций следующего открытия - посчитаем за 2 рабочих дня, недостающие данные уточню сама. Если тема не ваша, подскажите, кому переслать.	нет email, только звонок; факт не подтверждён: воронежская LOONA из файла (abireg.ru) не подтверждена, в письме использована LOONA на Тверском, 24с1; не путать с Александром Пинским (IT, другой человек); директора по открытиям не найдено
49	DDX Fitness	К13 Ресторанные группы и сети	Владимир Курдин, Директор по развитию (и франчайзингу) DDX Fitness	ГИПОТЕЗА		Клуб DDX №175 в Петербурге: зеркала и перегородки	Владимир, добрый день! В сентябре открыт 175-й клуб DDX Fitness в России, шестнадцатый в Санкт-Петербурге. В клубе зеркала в залах и у фенов в раздевалках, перегородки студий и душевых работают каждый день под нагрузкой, а на сети клубов набор повторяется. Его удобно зафиксировать один раз. Делаем зеркала (в раме 5-10 рабочих дней с оплаты, с подсветкой LED 7-12) и стеклянные перегородки (15-30) под размер клуба. Производство и сборка свои, металл режем и красим сами. По партии срок подтвердим в расчёте. Доставка по России, монтаж в регионе - условия уточню. Пришлите планировку или список позиций следующего клуба - посчитаем за 2 рабочих дня, недостающие данные уточню сама. Если тема не ваша, подскажите, кому переслать.	нет email, только звонок; проверить ЛПР до отправки; сегмент в базе неверный: фитнес-клубы, не ресторан; страницу Курдина с должностью не открывали, проверить; Иван Ситников - основатель и гендиректор (по файлу и cre.ru)
50	World Class	К13 Ресторанные группы и сети	не найден	не найдено		Клуб World Class Селигерская: зеркала и перегородки	Добрый день! 10 августа открылся клуб World Class Селигерская: 2774 м² и бассейн 25 м. В клубе зеркала в раздевалках и спа, перегородки студий и кабинетов работают каждый день под нагрузкой, а на сети клубов набор повторяется. Делаем зеркала (в раме 5-10 рабочих дней с оплаты, с подсветкой LED 7-12) и стеклянные перегородки (15-30) под размер клуба. Производство и сборка свои, металл режем и красим сами. По партии срок подтвердим в расчёте. Монтаж своими бригадами по Москве и МО. Пришлите планировку или список позиций следующего клуба - посчитаем за 2 рабочих дня, недостающие данные уточню сама. Если вопрос не к вам, перешлите, пожалуйста, коллеге, который отвечает за открытия.	нет email, только звонок; ЛПР не найден, письмо без имени; сначала звонок: узнать имя, письмо после; сегмент в базе неверный: фитнес-клубы, не ресторан; страница руководства worldclass.ru/management не открылась, ЛПР искать вручную; клуб по выдаче: ТЦ Avenue Север на Коровинском шоссе
51	Spirit. Fitness	К13 Ресторанные группы и сети	Галина Курносова, Директор по развитию сети Spirit. Fitness	ГИПОТЕЗА		Клуб Spirit. Fitness на Ферганской: зеркала и перегородки	Галина, добрый день! Клуб Spirit. Fitness на Ферганской улице анонсирован на осень 2026 года. В клубе зеркала в залах и у фенов в раздевалках, перегородки студий и душевых работают каждый день под нагрузкой, а на сети клубов набор повторяется. Его удобно зафиксировать один раз. Делаем зеркала (в раме 5-10 рабочих дней с оплаты, с подсветкой LED 7-12) и стеклянные перегородки (15-30) под размер клуба. Производство и сборка свои, металл режем и красим сами. По партии срок подтвердим в расчёте. Пришлите планировку или список позиций - посчитаем за 2 рабочих дня, недостающие данные уточню сама. Если не актуально, ответьте одним словом.	нет email, только звонок; проверить ЛПР до отправки; сегмент в базе неверный: фитнес-клубы, не ресторан; имя из сниппета выдачи, страница-источник не зафиксирована; факт не подтверждён: на spiritfit.ru уже есть страница клуба «Ферганская», проверить, анонс это или клуб открыт; в выдаче также два клуба в ТРЦ группы «Ташир», открытие 25.07.2026, не проверено
52	XFIT	К13 Ресторанные группы и сети	Георгий Летунов, Президент X-Fit Group (по выдаче, без даты)	ГИПОТЕЗА		XFIT Only в iCity: зеркала и перегородки для клуба	Георгий, добрый день! XFIT Only откроет трёхэтажный клуб около 3000 м² в башне iCity в «Москва-Сити»: бассейн с панорамным видом и термальный комплекс. В таком клубе зеркала в раздевалках и залах, перегородки студий и термальной зоны работают каждый день под нагрузкой, и всё нужно к дате открытия. Делаем зеркала (в раме 5-10 рабочих дней с оплаты, с подсветкой LED 7-12) и стеклянные перегородки (15-30) под размер клуба. Производство и сборка свои, металл режем и красим сами. По партии срок подтвердим в расчёте. Пришлите планировку или список позиций клуба - посчитаем за 2 рабочих дня, недостающие данные уточню сама. Если тема не ваша, подскажите, кому переслать.	нет email, только звонок; проверить ЛПР до отправки; сегмент в базе неверный: фитнес-клубы, не ресторан; Летунов указан в выдаче без даты, вероятно устарел, проверить руками; основатель сети Игорь Лукашов; актуального ГД и руководителя развития не найдено; факт от 2026-03, открытие осенью 2026, проверить, открылся ли клуб
53	Crocus Fitness	К13 Ресторанные группы и сети	не найден	не найдено		Новый клуб Crocus Fitness на «Чкалов Арене»: зеркала	Добрый день! Видела, что в апреле открылся новый клуб Crocus Fitness на «Чкалов Арене». В клубе зеркала в залах и у фенов в раздевалках, перегородки студий и душевых работают каждый день под нагрузкой, а на сети клубов набор повторяется. Его удобно зафиксировать один раз. Делаем зеркала (в раме 5-10 рабочих дней с оплаты, с подсветкой LED 7-12) и стеклянные перегородки (15-30) под размер клуба. Производство и сборка свои, металл режем и красим сами. По партии срок подтвердим в расчёте. Пришлите планировку или список позиций следующего клуба - посчитаем за 2 рабочих дня, недостающие данные уточню сама. Если вопрос не к вам, перешлите, пожалуйста, коллеге, который отвечает за открытия.	нет email, только звонок; ЛПР не найден, письмо без имени; сначала звонок: узнать имя, письмо после; сегмент в базе неверный: фитнес-клубы, не ресторан; факт не подтверждён: ЛПР и факт не проверялись, факт из исходного файла
54	Тигрус	К13 Ресторанные группы и сети	не найден	не найдено		Бистро «Швили» в Парке Горького: зеркала и перегородки	Добрый день! В августе в Парке Горького открылось грузинское бистро «Швили». В бистро стекло и металл видны гостю вблизи: зеркала в зале и санузлах, перегородки, подстолья. А во франшизе набор один на все точки, его удобно зафиксировать заранее. Делаем зеркала (в раме 5-10 рабочих дней с оплаты, с подсветкой 7-12), зеркала сложного контура: овал, арка, капсула, перегородки и столы на металле с порошковой покраской. Производство и сборка свои, металл режем и красим сами. По партии срок подтвердим в расчёте. Пришлите планировку или список позиций следующего открытия - посчитаем за 2 рабочих дня, недостающие данные уточню сама. Если вопрос не к вам, перешлите, пожалуйста, коллеге, который отвечает за открытия.	нет email, только звонок; ЛПР не найден, письмо без имени; сначала звонок: узнать имя, письмо после; факт не подтверждён: ЛПР и факт не проверялись, факт из исходного файла
55	REMY Kitchen Bakery	К13 Ресторанные группы и сети	не найден	не найдено		Тринадцатый ресторан REMY в галерее «Чкалов»: зеркала	Добрый день! REMY Kitchen Bakery открыла тринадцатый ресторан в галерее «Чкалов»: 180 м² и 60 мест, август. В небольшом зале стекло и металл видны гостю вблизи: зеркала, перегородки, консоли и подстолья. А в сети набор повторяется от точки к точке. Делаем зеркала (в раме 5-10 рабочих дней с оплаты, с подсветкой 7-12), зеркала сложного контура: овал, арка, капсула, перегородки и столы на металле с порошковой покраской. Производство и сборка свои, металл режем и красим сами. По партии срок подтвердим в расчёте. Пришлите планировку или список позиций следующего открытия - посчитаем за 2 рабочих дня, недостающие данные уточню сама. Если вопрос не к вам, перешлите, пожалуйста, коллеге, который отвечает за открытия.	нет email, только звонок; ЛПР не найден, письмо без имени; сначала звонок: узнать имя, письмо после; факт не подтверждён: ЛПР и факт не проверялись, факт из исходного файла
56	Ресторанная группа Алексея Ольхового	К13 Ресторанные группы и сети	не найден	не найдено		Ресторан «Нюанс» в Столешниковом: зеркала и стекло	Добрый день! 22 мая в Столешниковом переулке, 11 открылся клубно-событийный ресторан «Нюанс». В событийном пространстве стекло и металл видны гостю вблизи: зеркала в зале и санузлах, перегородки, консоли. И всё это нужно к дате открытия, а не после. Делаем зеркала (в раме 5-10 рабочих дней с оплаты, с подсветкой 7-12), зеркала сложного контура: овал, арка, капсула, перегородки и столы на металле с порошковой покраской. Производство и сборка свои, металл режем и красим сами. Монтаж своими бригадами по Москве и МО. Пришлите планировку или список позиций следующего открытия - посчитаем за 2 рабочих дня, недостающие данные уточню сама. Если вопрос не к вам, перешлите, пожалуйста, коллеге, который отвечает за открытия.	нет email, только звонок; ЛПР не найден, письмо без имени; сначала звонок: узнать имя, письмо после; факт не подтверждён: ЛПР и факт не проверялись, факт из исходного файла
57	Урюк	К13 Ресторанные группы и сети	Антон Винер, Ресторатор (по файлу, buro314.ru)	ГИПОТЕЗА		«Урюк» с тремя VIP-комнатами: перегородки и зеркала	Антон, добрый день! «Урюк» открылся в апреле в новой концепции, с тремя VIP-комнатами. В VIP-комнатах стекло и металл видны гостю вблизи: стеклянные перегородки, зеркала, столы. И всё это нужно к дате открытия, а не после. Делаем стеклянные перегородки (15-30 рабочих дней с оплаты), зеркала (в раме 5-10, с подсветкой 7-12) и столы на металле с порошковой покраской. Производство и сборка свои, металл режем и красим сами. Монтаж своими бригадами по Москве и МО. Пришлите планировку или список позиций следующего открытия - посчитаем за 2 рабочих дня, недостающие данные уточню сама. Если тема не ваша, подскажите, кому переслать.	нет email, только звонок; проверить ЛПР до отправки; факт не подтверждён: ЛПР и факт не проверялись, факт из исходного файла, роль Антона Винера в бренде «Урюк» уточнить
58	Statio (Статио)	К2 Офисный дилер-комплектатор	не найден	не найдено		Мебель для AVITO и HeadHunter: стекло в спецификацию	Добрый день! Статио поставила мебель в девять проектов-номинантов Best Office Awards 2026, из них четыре реализованы в этом году: AVITO, HeadHunter, F-375 и другие. В таких офисах мебель фабрики приходит в срок, а стеклянные перегородки и доски часто добирают отдельно и ждут дольше всего. GENGLASS делает перегородки, стеклянные маркерные доски и столы на металле под размер проекта. Их можно ставить в спецификацию как свою позицию, в том числе под вашим брендом - условия обсудим. Перегородки - 15-30 рабочих дней с оплаты, доски - 10-15. Производство и сборка свои, металл режем и красим сами. Пришлите одну текущую спецификацию со стеклом - посчитаем за 2 рабочих дня, недостающие данные уточню сама, сравните со своим поставщиком. Если вопрос не к вам, перешлите, пожалуйста, коллеге, который отвечает за закупку стекла.	нет email, только звонок; ЛПР не найден, письмо без имени; сначала звонок: узнать имя, письмо после; факт не подтверждён: ЛПР и факт не проверялись, факт из исходного файла
59	РГ-Девелопмент	К8 Девелопер	не найден	не найдено		Клубный дом «Михалковский»: зеркала и стекло для лобби	Добрый день! РГ-Девелопмент вошла в топ-10 девелоперов Москвы по объёму ввода жилья: 77 274 м² за первое полугодие 2026 года. В МОП и лобби повторяются одни и те же позиции: зеркала, стеклянные перегородки, стойки. Их обычно закупают последними и в сжатый срок. Производство и сборка свои, металл режем и красим сами. Перегородки - 15-30 рабочих дней с оплаты, замер и монтаж своими бригадами по Москве и МО, гарантия по договору. Подскажите, отделку МОП закупаете сами или через генподрядчика? Если сами, пришлите ТЗ или дату тендера - подготовимся заранее. Если вопрос не к вам, перешлите, пожалуйста, коллеге, который отвечает за отделку.	нет email, только звонок; ЛПР не найден, письмо без имени; сначала звонок: узнать имя, письмо после; факт не подтверждён: ЛПР и факт не проверялись, факт из исходного файла
60	ГК Гранель	К8 Девелопер	не найден	не найдено		Проект с двумя башнями в Даниловском районе: стекло для МОП	Добрый день! Гранель анонсировала проект бизнес-класса в Даниловском районе: две башни, бюро APEX. Зеркала, стеклянные перегородки и стойки для МОП и лобби обычно закупают последними и в сжатый срок. Поэтому лучше познакомиться до тендера. Производство и сборка свои, металл режем и красим сами. Перегородки - 15-30 рабочих дней с оплаты, замер и монтаж своими бригадами по Москве и МО, гарантия по договору. Подскажите, кто у вас отвечает за отделку МОП и как пройти регистрацию поставщика на tender.granelle.ru? Если вопрос не к вам, перешлите, пожалуйста, коллеге, который отвечает за отделку.	нет email, только звонок; ЛПР не найден, письмо без имени; сначала звонок: узнать имя, письмо после; факт не подтверждён: ЛПР и факт не проверялись, факт из исходного файла
61	3А Отель (ТриА Девелопмент)	К11 Отели и гостиничные компании	не найден	не найдено		3А Ярославль и 3А Рыбинск: зеркала LED и стекло санузлов	Добрый день! 16 сентября открылся отель 3А Ярославль на 49 номеров, а для 3А Рыбинск идёт проектирование. В номерах серии отелей повторяется один набор: зеркало с подсветкой, стекло в санузле, консоль. Проще один раз утвердить образец одного изделия и повторять его в каждом отеле. Производство и сборка в Домодедово, металл режем и красим сами. Зеркала LED - 7-12 рабочих дней с оплаты, перегородки санузлов - 15-30, консоли на металле. По партии срок подтвердим в расчёте. Гарантия по договору, доставка по России, монтаж в регионе - условия уточню. Пришлите спецификацию номера - посчитаем за 2 рабочих дня, недостающие данные уточню сама. Если вопрос не к вам, перешлите, пожалуйста, дизайнеру FF&E или управляющей компании.	нет email, только звонок; ЛПР не найден, письмо без имени; сначала звонок: узнать имя, письмо после; факт не подтверждён: ЛПР и факт не проверялись, факт из исходного файла; регион Владимирская область, монтаж своими бригадами только Москва и МО
62	Atelika Hotel Group	К11 Отели и гостиничные компании	не найден	не найдено		Atelika Grand Rakhol к открытию 15 октября: зеркала и стекло	Добрый день! 15 октября после полной реконструкции откроется клубный отель Atelika Grand Rakhol под Курском. До открытия мало времени, а зеркала и стекло санузлов часто закрывают в последнюю очередь. Зеркала LED делаем 7-12 рабочих дней с оплаты, складские позиции отгружаем за 1-3 рабочих дня с оплаты. Производство и сборка в Домодедово, металл режем и красим сами. Гарантия по договору, доставка по России, монтаж в регионе - условия уточню. Пришлите список позиций - посчитаем за 2 рабочих дня, недостающие данные уточню сама. Если вопрос не к вам, перешлите, пожалуйста, дизайнеру FF&E или управляющей компании.	нет email, только звонок; ЛПР не найден, письмо без имени; сначала звонок: узнать имя, письмо после; факт не подтверждён: ЛПР и факт не проверялись, факт из исходного файла; срочно: открытие 15.10.2026; регион Курская область, монтаж своими бригадами только Москва и МО
63	Васта Отель Менеджмент (курорт «Завидово»)	К11 Отели и гостиничные компании	Евгений Макаров, Генеральный директор Васта Отель Менеджмент (по файлу)	ГИПОТЕЗА	reservations@zavidovopark.com	Ребрендинг Radisson Residences Zavidovo: зеркала и стекло	Евгений, добрый день! Radisson Residences Zavidovo становится «Бревис от Васта», корпуса объединяются. При ребрендинге и объединении корпусов зеркала с подсветкой и стекло санузлов удобнее делать партией под размер номера, после утверждения образца одного изделия. Производство и сборка в Домодедово, металл режем и красим сами. Зеркала LED - 7-12 рабочих дней с оплаты, перегородки санузлов - 15-30, консоли на металле. По партии срок подтвердим в расчёте. Гарантия по договору, доставка по России, монтаж в регионе - условия уточню. Пришлите спецификацию номера - посчитаем за 2 рабочих дня, недостающие данные уточню сама. Если не актуально, ответьте одним словом.	проверить ЛПР до отправки; факт не подтверждён: ЛПР и факт не проверялись, факт из исходного файла; ЛПР из файла не перепроверен; email ящика бронирования (reservations@zavidovopark.com), найти ящик закупок; регион Тверская область, монтаж своими бригадами только Москва и МО
64	Боравто (ГК «Боравто»)	К12 Автодилер	не найден	не найдено		Два новых ДЦ в Липецке: перегородки и стекло	Добрый день! «Боравто» открыл в Липецке два дилерских центра: Jetour, Chery, Tenet и Solaris, Omoda, Jaecoo, Jeland. В мультибрендовых салонах по стандартам брендов нужны стеклянные перегородки кабинетов и переговорных, столы и зеркала в зону ожидания, и всё к дате открытия. Производство и сборка в Домодедово, металл режем и красим сами: перегородки - 15-30 рабочих дней с оплаты, столы на металле - 10-15. Гарантия по договору, доставка по России, монтаж в регионе - условия уточню. По партии срок подтвердим в расчёте. Если брендбуки не закрепляют поставщика, пришлите планировку следующего салона - посчитаем за 2 рабочих дня, недостающие данные уточню сама. Если вопрос не к вам, перешлите, пожалуйста, коллеге, который отвечает за отделку.	нет email, только звонок; ЛПР не найден, письмо без имени; сначала звонок: узнать имя, письмо после; факт не подтверждён: ЛПР и факт не проверялись, факт из исходного файла; регион Липецк: монтаж своими бригадами только Москва и МО
65	Ника (Владимир)	К6 Комплектатор образования	не найден	не найдено	ooonika2022@mail.ru	Новая школа в Пензе: стеклянные доски и зеркала	Добрый день! 30 мая заключён ваш контракт на учебные столы для новой школы в Пензе (МКУ «УКС г. Пензы»). В ТЗ на школы стекло проверяют строже остального, поэтому нужно закалённое. Делаем стеклянные маркерные доски из закалённого осветлённого стекла, зеркала для хореографических и спортивных залов, перегородки в административные зоны. Доски - 10-15 рабочих дней с оплаты. Производство и сборка свои, металл режем и красим сами. Доставка по России, монтаж в регионе - условия уточню. Пришлите позицию из ТЗ ближайшего тендера - посчитаем за 2 рабочих дня, недостающие данные уточню сама. Если в цену не попадём, скажу сразу. Если вопрос не к вам, перешлите, пожалуйста, коллеге, который ведёт тендеры.	ЛПР не найден, письмо без имени; сначала звонок: узнать имя, письмо после; факт не подтверждён: ЛПР и факт не проверялись, факт из исходного файла; объект в Пензе, регион компании Владимирская область: доставка по России
66	Author Development (ГК Автор)	К8 Девелопер	не найден	не найдено	pr@atr.city	Апарт-отель More.Yalta под брендом Cosmos: зеркала и стекло	Добрый день! More.Yalta начнёт работать под брендом сети отелей Cosmos. Смена бренда апарт-отеля обычно тянет за собой обновление номеров: зеркала с подсветкой, стекло в санузлах, консоли. Их удобнее делать партией, после утверждения образца одного изделия. Производство и сборка в Домодедово, металл режем и красим сами. Зеркала LED - 7-12 рабочих дней с оплаты, перегородки санузлов - 15-30, консоли на металле. По партии срок подтвердим в расчёте. Гарантия по договору, доставка по России, монтаж в регионе - условия уточню. Пришлите спецификацию номера - посчитаем за 2 рабочих дня, недостающие данные уточню сама. Если вопрос не к вам, перешлите, пожалуйста, дизайнеру FF&E или управляющей компании.	ЛПР не найден, письмо без имени; сначала звонок: узнать имя, письмо после; факт не подтверждён: ЛПР и факт не проверялись, факт из исходного файла; email пресс-службы (pr@atr.city), не закупки; объект More.Yalta, регион компании Липецкая область: доставка по России
67	DSGN HUB	К10 Архитектор / дизайн-бюро	Нина Воинова; Александра Агами; Ирина Донцова, Сооснователи DSGN HUB (по файлу)	ГИПОТЕЗА	dsgnhub.interior@gmail.com	Проект DSGN HUB в Seasons: образцы стекла и профиля	Нина, Александра, Ирина, добрый день! Видела публикацию проекта вашей студии в журнале Seasons. Самая частая беда со стеклом после утверждения проекта - срок и нестандартный размер, из-за которых позицию подменяют. Делаем стеклянные перегородки (фиксированные, распашные, раздвижные), стеклянные маркерные доски и зеркала сложного контура: овал, арка, капсула. Перегородки - 15-30 рабочих дней с оплаты, доски - 10-15. Производство и сборка свои, металл режем и красим сами. Могу заехать в бюро с образцами стекла и профиля. Когда удобно, на этой или следующей неделе? Если не актуально, ответьте одним словом.	проверить ЛПР до отправки; факт не подтверждён: ЛПР и факт не проверялись, факт из исходного файла, ЛПР из файла не перепроверены; email gmail, личный или общий - уточнить
68	Мебель братьев Баженовых (MBB)	К14 Салон дизайнерской мебели	не найден	не найдено	sd@mbb.ru	Новый салон МБВ в Москве: зеркала, консоли, стеклянные столы	Добрый день! 14 августа «Мебель братьев Баженовых» открыла новый салон в Москве. Зеркала и консоли под заказ у фабрик клиенты ждут неделями, а салону нужно, чтобы они стояли в зале к открытию. GENGLASS делает зеркала, консоли и столы на металле. Производство и сборка в Домодедово, металл режем и красим сами. Часть моделей на складе, отгрузка 1-3 рабочих дня с оплаты. Приглашаю в шоурум посмотреть изделия вблизи. Удобно на этой или следующей неделе? Если вопрос не к вам, перешлите, пожалуйста, коллеге, который отвечает за закупку у поставщиков.	ЛПР не найден, письмо без имени; сначала звонок: узнать имя, письмо после; факт не подтверждён: ЛПР и факт не проверялись, факт из исходного файла; email отдела поставщиков (sd@mbb.ru), общий info@mbb.ru запасной
69	FLEX OFFICE	К2 Офисный дилер-комплектатор	не найден	не найдено	hello@flex-office.biz	Мебель для HeadHunter и Кит Мед: стекло в спецификацию	Добрый день! FLEX OFFICE поставил мебель в девять проектов-номинантов Best Office Awards 2026, из них три реализованы в этом году: HeadHunter, ЕДИНЫЙ ЦУПИС и Кит Мед. В таких офисах мебель фабрики приходит в срок, а стеклянные перегородки и доски часто добирают отдельно и ждут дольше всего. GENGLASS делает перегородки, стеклянные маркерные доски и столы на металле под размер проекта. Их можно ставить в спецификацию как свою позицию, в том числе под вашим брендом - условия обсудим. Перегородки - 15-30 рабочих дней с оплаты, доски - 10-15. Производство и сборка свои, металл режем и красим сами. Пришлите одну текущую спецификацию со стеклом - посчитаем за 2 рабочих дня, недостающие данные уточню сама, сравните со своим поставщиком. Если вопрос не к вам, перешлите, пожалуйста, коллеге, который отвечает за закупку стекла.	ЛПР не найден, письмо без имени; сначала звонок: узнать имя, письмо после; факт не подтверждён: ЛПР и факт не проверялись, факт из исходного файла
70	CORE.XP	К9 Fit-out подрядчик	не найден	не найдено		Центральный университет и «Терем»: перегородки	Добрый день! Вы вели консалтинг и управление проектом в нескольких офисах-номинантах Best Office Awards 2026, включая Центральный университет и «Терем». Когда проект ведёт управляющая команда, стеклянные перегородки часто самая долгая позиция по сроку, и от неё зависит сдача. Перегородки, стеклянные маркерные доски и зеркала LED. Производство и сборка в Домодедово, металл режем и красим сами. Перегородки - 15-30 рабочих дней с оплаты, доски - 10-15, зеркала LED - 7-12, монтаж своими бригадами по Москве и МО. Пришлите спецификацию одного проекта - посчитаем за 2 рабочих дня, недостающие данные уточню сама, сравните с текущим поставщиком. Если вопрос не к вам, перешлите, пожалуйста, коллеге, который закупает перегородки.	нет email, только звонок; ЛПР не найден, письмо без имени; сначала звонок: узнать имя, письмо после; факт не подтверждён: ЛПР и факт не проверялись, факт из исходного файла
71	KUBRAVA Project Management	К9 Fit-out подрядчик	не найден	не найдено		Офис Avito в Петербурге: перегородки и доски в спецификацию	Добрый день! Офис Avito в Санкт-Петербурге, проект под управлением KUBRAVA, опубликован на officenext. Когда проект ведёт управляющая команда, стеклянные перегородки часто самая долгая позиция по сроку, и от неё зависит сдача. Перегородки и стеклянные маркерные доски. Производство и сборка в Домодедово, металл режем и красим сами. Перегородки - 15-30 рабочих дней с оплаты, доски - 10-15, доставка по России, монтаж в регионе - условия уточню. Пришлите спецификацию одного проекта - посчитаем за 2 рабочих дня, недостающие данные уточню сама, сравните с текущим поставщиком. Если вопрос не к вам, перешлите, пожалуйста, коллеге, который закупает перегородки.	нет email, только звонок; ЛПР не найден, письмо без имени; сначала звонок: узнать имя, письмо после; факт не подтверждён: ЛПР и факт не проверялись, факт из исходного файла; объект в Санкт-Петербурге, монтаж своими бригадами только Москва и МО
72	NF PM	К9 Fit-out подрядчик	не найден	не найдено		Визит-центр «Балтика»: перегородки, зеркала LED и доски	Добрый день! Визит-центр «Балтика» под управлением NF PM опубликован на officenext. Когда проект ведёт управляющая команда, стеклянные перегородки часто самая долгая позиция по сроку, и от неё зависит сдача. Перегородки, зеркала LED и стеклянные маркерные доски. Производство и сборка в Домодедово, металл режем и красим сами. Перегородки - 15-30 рабочих дней с оплаты, зеркала LED - 7-12, доски - 10-15, монтаж своими бригадами по Москве и МО. Пришлите спецификацию одного проекта - посчитаем за 2 рабочих дня, недостающие данные уточню сама, сравните с текущим поставщиком. Если вопрос не к вам, перешлите, пожалуйста, коллеге, который закупает перегородки.	нет email, только звонок; ЛПР не найден, письмо без имени; сначала звонок: узнать имя, письмо после; факт не подтверждён: ЛПР и факт не проверялись, факт из исходного файла
73	ARCHYSTRA (АРХИСТРА)	К10 Архитектор / дизайн-бюро	не найден	не найдено	info@archystra.com	Научный центр Норникель: стекло в спецификации бюро	Добрый день! Научный центр Норникель победил на Best Office Awards 2026 в номинации «Бренд и имидж», проект ARCHYSTRA. Когда бюро закладывает стекло в спецификацию, на объекте часто упираются в срок или нестандартный размер, и позицию меняют на то, что есть. Делаем стеклянные перегородки (фиксированные, распашные, раздвижные), стеклянные маркерные доски и зеркала сложного контура: овал, арка, капсула. Перегородки - 15-30 рабочих дней с оплаты, доски - 10-15. Производство и сборка свои, металл режем и красим сами. Могу заехать в бюро с образцами стекла и профиля. Когда удобно, на этой или следующей неделе? Если вопрос не к вам, перешлите, пожалуйста, коллеге, который отвечает за закупку стекла.	ЛПР не найден, письмо без имени; сначала звонок: узнать имя, письмо после; факт не подтверждён: ЛПР и факт не проверялись, факт из исходного файла
74	Syntaxis	К10 Архитектор / дизайн-бюро	не найден	не найдено	info@archsyntaxis.ru	Офис Cloud.ru: перегородки и доски в спецификации	Добрый день! Офис Cloud.ru от Syntaxis победил на Best Office Awards 2026. После утверждения проекта перегородки и зеркала нередко меняют на аналоги, потому что не успевают в срок или не попадают в размер. Делаем стеклянные перегородки (фиксированные, распашные, раздвижные), стеклянные маркерные доски и зеркала сложного контура: овал, арка, капсула. Перегородки - 15-30 рабочих дней с оплаты, доски - 10-15. Производство и сборка свои, металл режем и красим сами. Привезу в бюро образцы стекла и профиля и материалы для спецификаций. Удобно на этой или следующей неделе? Если вопрос не к вам, перешлите, пожалуйста, коллеге, который отвечает за закупку стекла.	ЛПР не найден, письмо без имени; сначала звонок: узнать имя, письмо после; факт не подтверждён: ЛПР и факт не проверялись, факт из исходного файла
75	ADRD	К10 Архитектор / дизайн-бюро	не найден	не найдено	info@adrd.pro	Совкомбанк и Сколково: стекло в спецификации бюро	Добрый день! Два проекта ADRD, офис Совкомбанка и Школа управления Сколково, вышли в номинанты Best Office Awards 2026. Стекло в спецификации чаще всего ломается на сроках и нестандартных размерах: на объекте позицию заменяют на складскую. Делаем стеклянные перегородки (фиксированные, распашные, раздвижные), стеклянные маркерные доски и зеркала сложного контура: овал, арка, капсула. Перегородки - 15-30 рабочих дней с оплаты, доски - 10-15. Производство и сборка свои, металл режем и красим сами. Могу прислать материалы для спецификаций и привезти образцы стекла и профиля в бюро. Удобно на этой или следующей неделе? Если вопрос не к вам, перешлите, пожалуйста, коллеге, который отвечает за закупку стекла.	ЛПР не найден, письмо без имени; сначала звонок: узнать имя, письмо после; факт не подтверждён: ЛПР и факт не проверялись, факт из исходного файла
76	DESIGN SOLUTIONS	К10 Архитектор / дизайн-бюро	не найден	не найдено	info@design-solutions.ru	Офис «Астра» и ещё три проекта в номинантах BOA	Добрый день! Четыре проекта DESIGN SOLUTIONS вошли в номинанты Best Office Awards 2026, в том числе офис «Астра». Самая частая беда со стеклом после утверждения проекта - срок и нестандартный размер, из-за которых позицию подменяют. Делаем стеклянные перегородки (фиксированные, распашные, раздвижные), стеклянные маркерные доски и зеркала сложного контура: овал, арка, капсула. Перегородки - 15-30 рабочих дней с оплаты, доски - 10-15. Производство и сборка свои, металл режем и красим сами. Могу заехать в бюро с образцами стекла и профиля. Когда удобно, на этой или следующей неделе? Если вопрос не к вам, перешлите, пожалуйста, коллеге, который отвечает за закупку стекла.	ЛПР не найден, письмо без имени; сначала звонок: узнать имя, письмо после; факт не подтверждён: ЛПР и факт не проверялись, факт из исходного файла
77	MAD Architects	К10 Архитектор / дизайн-бюро	Мария Николаева, основатель и руководитель бюро	ДАННЫЕ	hello@madarchitects.ru	Лотте Плаза, Кит Мед, РСХБ: стекло в спецификации офисов	Мария, добрый день! Три проекта вашего бюро вошли в номинанты Best Office Awards 2026: Яндекс Лотте Плаза, Кит Мед и корпоративный университет РСХБ. Стекло в таких офисах закладывают в спецификацию, а на объекте часто упираются в срок или нестандартный размер, и позицию меняют на то, что есть. Мы делаем перегородки (фиксированные, раздвижные, сталь или алюминий) и стеклянные маркерные доски под размер проекта: перегородки 15-30, доски 10-15 рабочих дней с оплаты. Металл режем и красим сами. Могу прислать материалы для спецификаций и привезти образцы стекла и профиля в бюро. Удобно на этой или следующей неделе? Если не актуально, ответьте одним словом.	закупкой стекла может заниматься руководитель комплектации - уточнить по телефону; не путать с пекинским MAD Architects
78	Line architects	К10 Архитектор / дизайн-бюро	Юлия Горяева, партнёр LINE Architects	ГИПОТЕЗА	jgoryaeva@linearch.ru	Проект для Virtus.pro: стекло и перегородки в спецификации	Юлия, добрый день! Видела в портфолио LINE Architects проект для Virtus.pro. В офисных проектах такого масштаба перегородки переговорных обычно самая долгая позиция по срокам. Когда стекло заложено в спецификацию, на объекте часто упираются в срок или нестандартный размер, и позицию меняют на то, что есть. Мы делаем стеклянные перегородки (фиксированные, раздвижные, распашные) 15-30 рабочих дней с оплаты и стеклянные маркерные доски 10-15, под размер проекта. Металл режем и красим сами. Пришлите одну позицию со стеклом из текущего проекта - посчитаем за 2 рабочих дня, недостающие данные уточню сама. Если вопрос не к вам, подскажите, кому переслать.	проверить ЛПР до отправки; факт не подтверждён: победу в BOA 2026 с Virtus.pro поиском не подтвердили, в письме только проект в портфолио; в выдаче также Арсений Горяев - ГД (дата неизвестна), связь основателя Дмитрия Петрова с московским бюро не подтверждена
79	Hot Walls	К10 Архитектор / дизайн-бюро	Михаил Шапошников, основатель, арт-директор студии	ДАННЫЕ	info@hot-walls.ru	Зеркала и стекло для жилых интерьеров Hot Walls	Михаил, добрый день! В сентябре Hot Walls открыла вакансию архитектора для жилых интерьеров, и, судя по всему, проектов в студии становится больше. Чем больше проектов, тем чаще зеркала и стеклянные перегородки заказывают в последний момент и в тех размерах, что есть в наличии. Мы делаем зеркала LED, в том числе сложного контура (овал, арка, капсула), 7-12 рабочих дней с оплаты, стеклянные перегородки для санузлов и гардеробных 15-30, столы на металле 10-15, консоли 20-30. Металл режем и красим сами. Могу прислать материалы для спецификаций и привезти образцы стекла и профиля в бюро. Удобно на этой или следующей неделе? Если не актуально, ответьте одним словом.	решения по закупкам скорее у комплектатора или руководителя проектов, Шапошников известен как ведущий YouTube-канала - уточнить, кому писать; данные о 57 проектах не использованы (по файлу)
80	ARTUM	К10 Архитектор / дизайн-бюро	Максим Черный, основатель и генеральный директор	ДАННЫЕ	info@artumstudio.ru	Стекло и зеркала для проектов ARTUM в Москве	Максим, добрый день! ARTUM ищет в Москве менеджера по продажам в студию: команда больше 40 человек, проектов больше тысячи в Москве и Петербурге. При таком потоке одни и те же позиции (зеркала на заказ, стеклянные перегородки, столы на металле) удобно закрепить за одним поставщиком, а не искать каждый раз нового. Зеркала LED 7-12, перегородки 15-30, столы на металле 10-15 рабочих дней с оплаты, размеры под проект. Производство и сборка свои. Металл режем и красим сами. Пришлите одну позицию со стеклом из текущего проекта - посчитаем за 2 рабочих дня, недостающие данные уточню сама. Если вопрос не к вам, подскажите, кому переслать.	студия описана как петербургская с проектами в Москве и СПб - уточнить, кто закупает для московских объектов
81	RUBLEVA DESIGN & ARCHITECTURE	К10 Архитектор / дизайн-бюро	Мария Рублева, основатель и руководитель бюро	ГИПОТЕЗА	info@rubleva-design.ru	Стекло и зеркала для домов класса А: вопрос по позициям	Мария, добрый день! Бюро RUBLEVA снова ищет комплектатора для дизайна интерьера. Вы работаете с домами класса А. Пока место открыто, позиции со стеклом и зеркалами часто зависают: их надо найти, посчитать и согласовать по размеру, а срок изготовления становится известен только после утверждения. Мы делаем зеркала сложного контура (овал, арка, капсула) и с подсветкой LED 7-12 рабочих дней с оплаты, стеклянные перегородки на стальном или алюминиевом профиле 15-30, столы на металле 10-15, консоли 20-30. Замер и монтаж своими бригадами по Москве и МО. Пришлите одну позицию со стеклом из текущего проекта - посчитаем за 2 рабочих дня, недостающие данные уточню сама. Если не актуально, ответьте одним словом.	проверить ЛПР до отправки; дата источника ЛПР не подтверждена; вакансия комплектатора открывается повторно (апрель и сентябрь 2026)
82	Fedorova Architects	К10 Архитектор / дизайн-бюро	Александра Фёдорова, основатель и руководитель бюро	ГИПОТЕЗА	info@fedorova.ru	Стекло и зеркала для вилл: вопрос по спецификации	Александра, добрый день! В Fedorova Architects открыта вакансия комплектатора. Бюро ведёт виллы и жилые интерьеры. В таких проектах стекло и зеркала часто нестандартных размеров и форм, а срок изготовления становится известен, когда проект уже утверждён. Мы делаем зеркала сложного контура (овал, арка, капсула) и с подсветкой LED 7-12 рабочих дней с оплаты, стеклянные перегородки для санузлов, гардеробных и входных групп 15-30, столы на металле 10-15, консоли 20-30. Металл режем и красим сами. Пришлите одну позицию со стеклом из текущего проекта - посчитаем за 2 рабочих дня, недостающие данные уточню сама. Если вопрос не к вам, подскажите, кому переслать.	проверить ЛПР до отправки; профиль для К10 средний: бюро в основном ведёт виллы и жилые интерьеры, коммерческих перегородок мало; источник ЛПР - интервью без проверенной даты
83	KRASNOV DESIGN	К10 Архитектор / дизайн-бюро	Игорь Краснов; Анастасия Краснова, основатели студии	ДАННЫЕ	info@krasnov.design	Зеркала и стекло для московских проектов KRASNOV DESIGN	Игорь и Анастасия, добрый день! Студия ищет в Москве руководителя проектов и менеджера по продажам, а за плечами у вас больше 220 проектов полного цикла. Когда команда растёт, растёт и число позиций под каждый проект: зеркала нестандартной формы, стеклянные перегородки, столы. Часто их меняют на то, что есть, из-за срока. Мы делаем под размер: зеркала LED 7-12, перегородки 15-30, столы на металле 10-15, консоли 20-30 рабочих дней с оплаты. Замер и монтаж своими бригадами по Москве и МО. Могу прислать материалы для спецификаций и привезти образцы стекла и профиля в бюро. Удобно на этой или следующей неделе? Если не актуально, ответьте одним словом.	роли внутри пары (кто закупает) не уточнены - выяснить до отправки
84	ONEHOUSE	К10 Архитектор / дизайн-бюро	Андрей Юдин, генеральный директор	ДАННЫЕ	info@onehouse.ru	Стекло и зеркала для домов ONEHOUSE: вопрос по комплектации	Андрей, добрый день! На сайте ONEHOUSE есть страница для партнёров, а в вакансиях - комплектатор интерьеров. Комплектация дома упирается в позиции, которые делают под размер: зеркала, стеклянные перегородки, столы. Их часто заказывают поздно и потом ждут дольше всего. Мы делаем зеркала LED 7-12, перегородки 15-30, столы на металле 10-15 рабочих дней с оплаты. Замер и монтаж своими бригадами по Москве и МО, гарантия по договору. Пришлите одну позицию со стеклом из текущего дома - посчитаем за 2 рабочих дня, недостающие данные уточню сама. Если вопрос не к вам, подскажите, кому переслать.	коммерческий директор Дмитрий Соловьёв - возможно, ближе к закупке; не путать с ONE HOUSE (Минск); партнёрская страница onehouse.ru/partners
85	4ROOM STUDIO	К10 Архитектор / дизайн-бюро	Елена Лобурец, основатель студии	ДАННЫЕ	hello@4room.studio	Стекло и зеркала для проектов 4ROOM STUDIO	Елена, добрый день! В портфолио 4ROOM STUDIO есть проекты для MR Group, а на hh.ru открыта вакансия ведущего дизайнера интерьера. В коммерческих и жилых проектах стеклянные перегородки и зеркала нестандартных размеров часто становятся позицией, которую меняют на то, что есть, из-за срока. Мы делаем перегородки на стальном или алюминиевом профиле 15-30 рабочих дней с оплаты, зеркала сложного контура (овал, арка, капсула) и с подсветкой LED 7-12, столы на металле 10-15, под размер проекта. Могу прислать материалы для спецификаций и привезти образцы стекла и профиля в бюро. Удобно на этой или следующей неделе? Если не актуально, ответьте одним словом.	данные об опыте студии на сайте противоречивы (основана 2018, но '10 лет опыта') - ФИО проверить на странице
86	АБ Проектное Бюро	К10 Архитектор / дизайн-бюро	Златан Бркич, генеральный директор и управляющий партнёр	ДАННЫЕ	office@ab-architects.ru	Стекло и зеркала для резиденций: вопрос по спецификации	Златан, добрый день! Вакансия главного архитектора проекта в АБ Проектное Бюро открыта на hh.ru, а бюро ведёт крупные резиденции. Когда бюро закладывает стекло в спецификацию, дальше на объекте часто упираются в срок или нестандартный размер, и позицию меняют на то, что есть. Мы делаем перегородки (фиксированные, распашные, раздвижные, сталь или алюминий) 15-30 рабочих дней с оплаты, зеркала сложного контура и с подсветкой LED 7-12, столы на металле 10-15, под размер проекта. Могу прислать материалы для спецификаций и привезти образцы стекла и профиля в бюро. Удобно на этой или следующей неделе? Если вопрос не к вам, подскажите, кому переслать.	не путать с ABD architects (abd-architects.ru); в управляющей команде также Игорь Метёлкин (лидер проектов) - уточнить, кто закупает
87	SIO (архитектурное бюро Игоря Ситкилова)	К10 Архитектор / дизайн-бюро	Игорь Ситкилов, основатель и руководитель бюро	ДАННЫЕ	office@sio.team	Стекло и зеркала для загородных домов SIO	Игорь, добрый день! SIO ищет руководителя строительных проектов, а бюро ведёт загородные дома полного цикла. В таком доме стекло и зеркала идут отдельными заказами под размер: перегородки санузлов и гардеробных, зеркала с подсветкой. Их обычно заказывают, когда стройка уже идёт, и срок становится узким местом. Мы делаем перегородки 15-30, зеркала LED 7-12, столы на металле 10-15, консоли 20-30 рабочих дней с оплаты. Замер и монтаж своими бригадами по Москве и МО. Пришлите одну позицию со стеклом из текущего проекта - посчитаем за 2 рабочих дня, недостающие данные уточню сама. Если не актуально, ответьте одним словом.	второй хук: 31.07.2026 бюро было партнёром семейного гольф-турнира в клубе Pestovo (t.me/s/sioteam)
88	Dseesion Interiors	К10 Архитектор / дизайн-бюро	Валерия Сенькина, основатель, генеральный директор, главный архитектор	ДАННЫЕ	info@dseesion.ru	Зеркала и стекло для интерьеров Dseesion: образцы в бюро	Валерия, добрый день! У Dseesion Interiors офисы в Москве и Лондоне, а в августе открыта вакансия дизайнера интерьеров. В дорогих интерьерах зеркала и столы делают под размер, и срок изготовления обычно становится известен слишком поздно. Мы делаем зеркала сложного контура (овал, арка, капсула) и с подсветкой LED 7-12 рабочих дней с оплаты, столы на металле 10-15, консоли 20-30, стеклянные перегородки 15-30. Металл режем и красим сами. Могу прислать материалы для спецификаций и привезти образцы стекла и профиля в бюро. Удобно на этой или следующей неделе? Если вопрос не к вам, подскажите, кому переслать.	бюро работает в основном с жильём, коммерческий сегмент ограничен (есть проект офиса интерьерной студии)
89	OSOME studio	К10 Архитектор / дизайн-бюро	Алина Долгова, основатель студии	ГИПОТЕЗА	info@osome.studio	Стекло и зеркала для проектов OSOME studio	Алина, добрый день! Видела, что OSOME studio ищет комплектатора интерьеров. Пока комплектатора нет, позиции со стеклом и зеркалами обычно ложатся на дизайнеров: их нужно найти, посчитать и согласовать по размеру. Срок изготовления становится известен только после утверждения. Мы делаем под размер проекта: зеркала сложного контура и LED 7-12, стеклянные перегородки 15-30, столы на металле 10-15 рабочих дней с оплаты. Металл режем и красим сами. Пришлите одну позицию со стеклом из текущего проекта - посчитаем за 2 рабочих дня, недостающие данные уточню сама. Если не актуально, ответьте одним словом.	проверить ЛПР до отправки; источник ФИО - профиль Instagram, официального подтверждения нет
90	АС Бюро	К10 Архитектор / дизайн-бюро	Артём Болдырев, основатель и главный дизайнер	ДАННЫЕ	offer@a-s-buro.com	Зеркала, стекло и перегородки для проектов АС Бюро	Артём, добрый день! У основателя АС Бюро больше 300 проектов, а в сентябре студия открыла вакансию менеджера по продажам. При таком потоке зеркала на заказ, стеклянные перегородки и столы удобно закрепить за поставщиком, который делает их под размер и называет срок до утверждения. Зеркала LED 7-12, перегородки 15-30, столы на металле 10-15 рабочих дней с оплаты. Замер и монтаж своими бригадами по Москве и МО, гарантия по договору. Могу прислать материалы для спецификаций и привезти образцы стекла и профиля в бюро. Удобно на этой или следующей неделе? Если вопрос не к вам, подскажите, кому переслать.	в выдаче есть тёзки (А+С Новосибирск, la-buro) - не смешивать; ФИО с сайта a-s-buro.ru; email из входного файла
91	Дизайн-бюро №11 (Buro 11)	К10 Архитектор / дизайн-бюро	Кирилл Дунаев, руководитель бюро, архитектор	ГИПОТЕЗА	info@buro11.ru	Стекло и зеркала для проектов Дизайн-бюро №11	Кирилл, добрый день! На hh.ru есть вакансия менеджера проектов в Дизайн-бюро №11. Когда бюро закладывает стекло в спецификацию, дальше на объекте часто упираются в срок или нестандартный размер, и позицию меняют на то, что есть. Мы делаем перегородки (фиксированные, раздвижные, сталь или алюминий) 15-30 рабочих дней с оплаты, зеркала сложного контура и с подсветкой LED 7-12, столы на металле 10-15, под размер проекта. Доставка по России, монтаж в регионе - условия уточню. Могу прислать материалы для спецификаций и привезти образцы стекла и профиля в бюро. Удобно на этой или следующей неделе? Если не актуально, ответьте одним словом.	проверить ЛПР до отправки; факт не подтверждён: по 2ГИС и interior.ru бюро находится в Новосибирске (ул. Кирова, 48), московский офис и вакансию проверить руками; соучредитель - Анна Дунаева
92	Arch Detali (АРХДЕТАЛИ)	К10 Архитектор / дизайн-бюро	Екатерина Евгеньевна Варгова, генеральный директор	ГИПОТЕЗА	info@archdetali.ru	Стекло и зеркала для интерьеров АрхДетали	Екатерина, добрый день! АрхДетали работает с 2003 года, а сейчас ищет дизайнера интерьера. У студии с таким опытом набор позиций под размер обычно повторяется: зеркала на заказ, стеклянные перегородки, столы. Проблема в том, что срок изготовления называют поздно. Мы делаем зеркала LED 7-12, стеклянные перегородки 15-30, столы на металле 10-15, консоли 20-30 рабочих дней с оплаты, под размер проекта. Металл режем и красим сами. Пришлите одну позицию со стеклом из текущего проекта - посчитаем за 2 рабочих дня, недостающие данные уточню сама. Если вопрос не к вам, подскажите, кому переслать.	проверить ЛПР до отправки; в выдаче ГД также Колганников Михаил Юрьевич (период неизвестен); адреса ЕГРЮЛ разные (Нахимовский пр. и Авиамоторная) - проверить актуальность
93	Red Robot Design	К10 Архитектор / дизайн-бюро	Василий Сосов, сооснователь бюро	ГИПОТЕЗА	info@redrd.ru	Стекло и перегородки для бизнес-проектов Red Robot Design	Василий, добрый день! Бюро Red Robot Design десять лет на рынке и ищет дизайнера интерьеров для бизнес-проектов. В офисах и жилых интерьерах для деловых клиентов стеклянные перегородки и зеркала часто нестандартного размера, и позицию меняют на то, что есть, из-за срока. Мы делаем перегородки (фиксированные, раздвижные, сталь или алюминий) 15-30 рабочих дней с оплаты, зеркала LED 7-12, столы на металле 10-15, под размер проекта. Могу прислать материалы для спецификаций и привезти образцы стекла и профиля в бюро. Удобно на этой или следующей неделе? Если не актуально, ответьте одним словом.	проверить ЛПР до отправки; не путать с Redmadrobot; второй сооснователь в выдаче не найден
94	STAROV	К10 Архитектор / дизайн-бюро	Михаил Старов, основатель и генеральный директор	ГИПОТЕЗА	info@starov.co	Стекло и зеркала для проектов STAROV: авторский контроль	Михаил, добрый день! У STAROV больше 150 проектов, комплектация есть в списке услуг, а на hh.ru открыта вакансия специалиста авторского контроля. Авторский контроль нужен, чтобы на объекте стояло то, что в проекте. Со стеклом это ломается чаще всего: не успели по сроку или не тот размер, и позицию заменили. Мы делаем под размер проекта: перегородки 15-30, зеркала LED 7-12, столы на металле 10-15, консоли 20-30 рабочих дней с оплаты. Замер и монтаж своими бригадами по Москве и МО. Пришлите одну позицию со стеклом из текущего проекта - посчитаем за 2 рабочих дня, недостающие данные уточню сама. Если вопрос не к вам, подскажите, кому переслать.	проверить ЛПР до отправки; дата источника ЛПР не подтверждена
95	Desart Decor	К10 Архитектор / дизайн-бюро	Диана Тараканова, основатель, арт-директор	ГИПОТЕЗА	info@desartdecor.ru	Стекло и зеркала для коттеджей и таунхаусов Desart Decor	Диана, добрый день! Вакансия ведущего дизайнера или руководителя проектов в Desart Decor открыта в сентябре. В коттеджах и таунхаусах стеклянные перегородки, зеркала и столы часто нестандартных размеров, и позицию меняют на то, что есть на складе. Мы делаем зеркала сложного контура (овал, арка, капсула) и с подсветкой LED 7-12 рабочих дней с оплаты, стеклянные перегородки 15-30, столы на металле 10-15, консоли 20-30, под размер проекта. Могу прислать материалы для спецификаций и привезти образцы стекла и профиля в бюро. Удобно на этой или следующей неделе? Если не актуально, ответьте одним словом.	проверить ЛПР до отправки; интервью с ФИО без проверенной даты; ГД юрлица ООО ДЕСАРТДЕКОР не удалось прочитать - проверить, совпадает ли
96	Norke (сеть смарт-апарт-отелей)	К11 Отели и гостиничные компании	Богдан Ковеза, коммерческий директор и партнёр	ГИПОТЕЗА		Norke Prime Бауманская: зеркала LED под размер номера	Богдан, добрый день! 20 мая открылся 4-звёздочный апарт-отель Norke Prime Бауманская на 52 номера, с умным домом. В типовых номерах-студиях повторяется один набор: зеркало с подсветкой, стекло в санузле, обеденный стол. Одна ошибка в размере умножается на весь фонд, поэтому до партии нужен образец. Делаем такой набор под размер номера: зеркала LED 7-12, перегородки санузлов 15-30, столы на металле 10-15 рабочих дней с оплаты. По партии срок подтвердим в расчёте. Можем сделать образец одного изделия на утверждение до запуска партии, условия образца уточню. Пришлите спецификацию типового номера - посчитаем пакет за 2 рабочих дня, недостающие данные уточню сама. Если не актуально, ответьте одним словом.	проверить ЛПР до отправки; нет email, только звонок; телефон +7 925 545-74-73 из входного файла, источник не подтверждён - проверить, публичен ли; должность подтверждена поиском, дату источника не проверяли; по К11 нужен ещё технический директор или директор по развитию - не найден
97	АвтоГЕРМЕС	К12 Автодилер	не найден	не найдено		Новый ДЦ VOLGA на Рябиновой: перегородки и стекло	Добрый день! Вы открыли новый дилерский центр VOLGA на Рябиновой, 43Б: день открытых дверей был 20 июня. В салоне обычно нужны стеклянные перегородки кабинетов и переговорных, столы переговоров, зеркала в зоне ожидания и санузлах, и всё к дате открытия. Делаем это под размер и брендбук: перегородки 15-30, столы на металле 10-15 рабочих дней с оплаты. Монтаж своими бригадами по Москве и МО. Если брендбук интерьера не закрепляет поставщика за маркой, пришлите планировку следующего салона - посчитаем за 2 рабочих дня, недостающие данные уточню сама. Если вопрос не к вам, перешлите, пожалуйста, коллеге, который отвечает за строительство и отделку салонов.	нет email, только звонок; сначала звонок: узнать имя, письмо после; ЛПР по строительству и развитию не найден; в выдаче только Сушко Владимир - директор техцентра (не наш профиль), искать по hh.ru и LinkedIn
98	Family Garden	К13 Ресторанные группы и сети	не найден	не найдено	fr@novikov.family	Ресторан «Южанин» на 450 мест: зеркала, стекло и столы	Добрый день! Вместе с Novikov Group вы запустили ресторан «Южанин» на 450 мест. В большом зале стекло и металл видны гостю вблизи: зеркала в зале и санузлах, стеклянные перегородки, подстолья. Если такие рестораны тиражируются, типовой комплект удобно зафиксировать один раз. Делаем зеркала (с подсветкой LED 7-12), перегородки 15-30, столы на металле с порошковой покраской 10-15 рабочих дней с оплаты, под размер и концепцию. По партии срок подтвердим в расчёте. Пришлите планировку или список позиций следующего открытия - посчитаем за 2 рабочих дня, недостающие данные уточню сама. Если вопрос не к вам, перешлите, пожалуйста, коллеге, который отвечает за открытия ресторанов.	сначала звонок: узнать имя, письмо после; дата в файле нечёткая (2026); email fr@novikov.family похож на франчайзинговый, проверить, что это подходящий адрес; в оффере названы PRO.Хинкали и Lali - связь с Family Garden проверить; факт не перепроверен; дубль со строкой 14: тот же ящик fr@novikov.family, порядок согласовать
99	Mobilicasa	К14 Салон дизайнерской мебели	не найден	не найдено	info@mobilicasa.ru	Новый шоурум Mobilicasa: зеркала со склада	Добрый день! Смотрела публикацию на interior.ru о новом шоуруме Mobilicasa: 150 м², проект Светланы Дикушиной, в экспозиции новые бренды. Новую экспозицию хочется закрыть зеркалами сразу, а не ждать под заказ. GENGLASS делает зеркала в палитрах NERO, ORO и BIANCO. Часть моделей на складе, отгрузка 1-3 рабочих дня. Производство и сборка в Домодедово, металл режем и красим сами. Могу привезти образцы зеркал к вам в шоурум. Удобно на этой или следующей неделе? Если вопрос не к вам, перешлите, пожалуйста, коллеге, который отвечает за наполнение экспозиции.	сначала звонок: узнать имя, письмо после; ЛПР не найден, владельца искать руками; факт не перепроверен
100	Flexity	К1 Сервисные офисы / коворкинги	не найден	не найдено	hello@flexity.ru	Павелецкая Плаза, 827 м2: перегородки и доски на площадку	Добрый день! В первом квартале Flexity открыла площадку на 827 м² в бизнес-центре «Павелецкая Плаза». На каждой новой площадке повторяется один набор: перегородки переговорных и кабинетов, маркерные доски, зеркала в санузлах. Обычно его заново согласуют и ждут под каждый объект. Делаем перегородки 15-30 и доски 10-15 рабочих дней с оплаты. Производство и сборка в Домодедово, металл режем и красим сами. Замер и монтаж своими бригадами по Москве и МО. Типовую спецификацию можно зафиксировать один раз и повторять на каждой локации. По партии срок подтвердим в расчёте. Пришлите планировку ближайшей площадки - посчитаем с техотделом за 2 рабочих дня, недостающие данные уточню сама. Если вопрос не к вам, перешлите, пожалуйста, коллеге, который отвечает за отделку площадок.	сначала звонок: узнать имя, письмо после; факт не подтверждён: в файле формулировка 'единственное качественное открытие квартала' - в письме не использована, проверить
101	SOK	К1 Сервисные офисы / коворкинги	Ирек Аллаяров, управляющий партнёр	ГИПОТЕЗА	info@sok.works	ТРЦ «Алатырь» в Екатеринбурге: перегородки для площадки	Ирек, добрый день! Новая площадка SOK в ТРЦ «Алатырь» в Екатеринбурге: 3500 м², до 600 рабочих мест. На каждой новой площадке повторяется один набор: перегородки переговорных и кабинетов, маркерные доски, зеркала в санузлах. Обычно его заново согласуют и ждут под каждый объект. Делаем перегородки 15-30 и доски 10-15 рабочих дней с оплаты. Производство и сборка в Домодедово, металл режем и красим сами. Доставка по России, монтаж в регионе - условия уточню. Типовую спецификацию можно зафиксировать один раз и повторять на каждой локации. По партии срок подтвердим в расчёте. Пришлите планировку ближайшей площадки - посчитаем с техотделом за 2 рабочих дня, недостающие данные уточню сама. Если не актуально, ответьте одним словом.	проверить ЛПР до отправки; площадка в Екатеринбурге: монтаж в регионе условия не подтверждены; дата факта 2026-01, актуальность проверить; факт не перепроверен
102	Multispace	К1 Сервисные офисы / коворкинги	не найден	не найдено	info@multispace.ru	Multispace и Dubinin'Sky: перегородки и доски для объектов	Добрый день! Pridex продал сеть Multispace группе частных инвесторов, а в портфеле сети есть проект Dubinin'Sky. На каждом объекте повторяется один набор: перегородки переговорных и agile-зон, маркерные доски, зеркала в санузлах. Обычно его заново согласуют и ждут под каждый объект. Делаем перегородки 15-30 и доски 10-15 рабочих дней с оплаты. Производство и сборка в Домодедово, металл режем и красим сами. Замер и монтаж своими бригадами по Москве и МО. Типовую спецификацию можно зафиксировать один раз для всех объектов. По партии срок подтвердим в расчёте. Пришлите планировку Dubinin'Sky или ближайшего объекта - посчитаем с техотделом за 2 рабочих дня, недостающие данные уточню сама. Если вопрос не к вам, перешлите, пожалуйста, коллеге, который отвечает за отделку и открытие объектов.	сначала звонок: узнать имя, письмо после; смена собственника (август 2026): ЛПР уточнять заново; факт не перепроверен
103	MANUFAQTURY	К1 Сервисные офисы / коворкинги	Андрей Кулагин, сооснователь и управляющий директор	ГИПОТЕЗА	welcome@manufaqtury.com	17,9 тыс. м2 сервисных офисов: перегородки для новых блоков	Андрей, добрый день! Портфель сервисных офисов MANUFAQTURY вырос до 17,9 тыс. м² (в феврале было 15,7), загрузка полная. Когда портфель растёт, новые блоки собирают с нуля, и каждый раз повторяется один набор: перегородки переговорных, маркерные доски, зеркала в санузлах. Обычно его заново согласуют и ждут под каждый объект. Делаем перегородки 15-30 и доски 10-15 рабочих дней с оплаты. Производство и сборка в Домодедово, металл режем и красим сами. Замер и монтаж своими бригадами по Москве и МО. По партии срок подтвердим в расчёте. Пришлите планировку ближайшего блока - посчитаем с техотделом за 2 рабочих дня, недостающие данные уточню сама. Если вопрос не к вам, подскажите, кому переслать.	проверить ЛПР до отправки; та же компания в строке 115 (К9, Ольга Володина): не писать двум людям одновременно, согласовать порядок; факт не перепроверен
104	Office Solutions	К2 Офисный дилер-комплектатор	не найден	не найдено	info@office-solutions.ru	AZOT GROUP и VK: стекло и перегородки в спецификацию	Добрый день! Мебель Office Solutions стоит в пяти проектах-номинантах Best Office Awards 2026, в том числе в офисах AZOT GROUP и VK. В таких офисах мебель фабрики приходит в срок, а стеклянные перегородки и доски часто добирают отдельно и ждут дольше всего. GENGLASS делает перегородки 15-30, стеклянные маркерные доски 10-15 и столы на металле 10-15 рабочих дней с оплаты, под размер проекта. Позицию можно ставить в спецификацию как свою, в том числе под вашим брендом - условия обсудим. Пришлите одну текущую спецификацию со стеклом - посчитаем за 2 рабочих дня, недостающие данные уточню сама. Сравните со своим поставщиком. Если вопрос не к вам, перешлите, пожалуйста, коллеге, который отвечает за закупку перегородок и стекла.	сначала звонок: узнать имя, письмо после; факт не перепроверен
105	Solo Office Interiors	К2 Офисный дилер-комплектатор	не найден	не найдено	info@solo.ru	Офис А-Сталь, Dr. Reddy's, БКС: стекло в спецификацию	Добрый день! В номинантах Best Office Awards 2026 мебель Solo Office Interiors: представительский офис А-Сталь, офисы Dr. Reddy's и БКС. Мебель фабрики в таких офисах приходит в срок, а стеклянные перегородки и доски часто добирают отдельно и ждут дольше всего. Мы делаем перегородки 15-30, стеклянные маркерные доски 10-15 и столы на металле 10-15 рабочих дней с оплаты, под размер проекта. Их можно включить в каталог ваших решений как свою позицию, в том числе под вашим брендом - условия обсудим. Пришлите одну текущую спецификацию со стеклом - посчитаем за 2 рабочих дня, недостающие данные уточню сама. Сравните со своим поставщиком. Если вопрос не к вам, перешлите, пожалуйста, коллеге, который отвечает за закупку перегородок и стекла.	сначала звонок: узнать имя, письмо после; факт не перепроверен
106	Contract Interiors (Контракт Интериорс)	К2 Офисный дилер-комплектатор	не найден	не найдено	info@cioffice.ru	Автобан и Киберэтаж: стекло и перегородки в спецификацию	Добрый день! Автобан и Киберэтаж в Москве: оба проекта с мебелью Contract Interiors вошли в номинанты Best Office Awards 2026. В таких офисах мебель фабрики приходит в срок, а стеклянные перегородки и доски часто добирают отдельно и ждут дольше всего. GENGLASS делает перегородки 15-30, стеклянные маркерные доски 10-15 и столы на металле 10-15 рабочих дней с оплаты, под размер проекта. Позицию можно ставить в спецификацию как свою, в том числе под вашим брендом - условия обсудим. Пришлите одну текущую спецификацию со стеклом - посчитаем за 2 рабочих дня, недостающие данные уточню сама. Сравните со своим поставщиком. Если вопрос не к вам, перешлите, пожалуйста, коллеге, который отвечает за закупку перегородок и стекла.	сначала звонок: узнать имя, письмо после; факт не перепроверен
107	UT FLY	К2 Офисный дилер-комплектатор	не найден	не найдено	info@utfly.ru	Новый шоу-рум UT FLY: перегородки и доски для экспозиции	Добрый день! Судя по сентябрьской вакансии менеджера по работе с дилерами, UT FLY открывает в Москве новый шоу-рум. В офисных проектах мебель приходит в срок, а стеклянные перегородки и доски для кабинетов и переговорных часто добирают отдельно и ждут дольше всего. В экспозиции шоу-рума они тоже нужны. GENGLASS делает перегородки 15-30, стеклянные маркерные доски 10-15 и столы на металле 10-15 рабочих дней с оплаты, под размер проекта. Позицию можно ставить в спецификацию как свою. Пришлите одну текущую спецификацию со стеклом - посчитаем за 2 рабочих дня, недостающие данные уточню сама. Сравните со своим поставщиком. Если вопрос не к вам, перешлите, пожалуйста, коллеге, который отвечает за закупку перегородок и стекла.	сначала звонок: узнать имя, письмо после; факт не перепроверен
108	Wonder Group (ООО Вондер)	К2 Офисный дилер-комплектатор	не найден	не найдено		Офисная мебель ROOMER: стекло и перегородки в комплектацию	Добрый день! Wonder Group открыла три вакансии в Москве, в том числе менеджера по клиентам МЦ ROOMER с офисной мебелью. В офисных проектах мебель приходит в срок, а стеклянные перегородки и доски для переговорных часто добирают отдельно и ждут дольше всего. GENGLASS делает перегородки 15-30, стеклянные маркерные доски 10-15 и столы для переговорных на металле 10-15 рабочих дней с оплаты, под размер проекта. Позицию можно добавить в комплектацию как свою. Пришлите одну текущую спецификацию со стеклом - посчитаем за 2 рабочих дня, недостающие данные уточню сама. Сравните со своим поставщиком. Если вопрос не к вам, перешлите, пожалуйста, коллеге, который отвечает за закупку перегородок и стекла.	нет email, только звонок; сначала звонок: узнать имя, письмо после; телефон +7 (925) 422-47-78 из входного файла; ЛПР не искали; факт не перепроверен
109	ДАР-МЕБЕЛЬ (Mebela)	К3 Офисная фабрика-интегратор	не найден	не найдено	zakaz@mebela.ru	Проекты ДАР-МЕБЕЛЬ: стекло и перегородки субподрядом	Добрый день! В ленте реализованных проектов ДАР-МЕБЕЛЬ свежие объекты: СЕРВИСЭНЕРГОСТРОЙ, ПСК Мира. В проектах под ключ стекло, перегородки и зеркала обычно закупают у стороннего подрядчика, и на них проект ждёт дольше всего. Работаем субподрядчиком по стеклу: перегородки на стальном или алюминиевом профиле 15-30, стеклянные маркерные доски 10-15, столы на металле 10-15 рабочих дней с оплаты, зеркала. Счёт идёт вам, с вашими заказчиками напрямую не работаем. Пришлите одну позицию со стеклом из текущего проекта - посчитаем за 2 рабочих дня, недостающие данные уточню сама. Если вопрос не к вам, перешлите, пожалуйста, коллеге, который отвечает за закупку комплектующих.	сначала звонок: узнать имя, письмо после; в письме не заявлено собственное производство ДАР-МЕБЕЛЬ (во входе нет данных); искать директора по закупкам или коммерческого директора; факт не перепроверен
110	Тоника	К4 HoReCa-комплектатор	не найден	не найдено	info@tonika-mebel.ru	ЖК Bauman House в портфолио: пакет по образцу	Добрый день! В портфолио Тоники появился новый проект, ЖК Bauman House. Когда в проекте повторяется один набор (апартамент, санузел), одна ошибка в размере умножается на весь фонд, поэтому до партии нужен образец. Делаем такой набор под размер помещения: зеркала LED 7-12, стеклянные перегородки санузлов 15-30, столы на металле 10-15, консоли 20-30 рабочих дней с оплаты. По партии срок подтвердим в расчёте. Можем сделать образец одного изделия на утверждение до запуска партии, условия образца уточню. Пришлите спецификацию типового помещения - посчитаем пакет за 2 рабочих дня, недостающие данные уточню сама. Если вопрос не к вам, перешлите, пожалуйста, коллеге, который отвечает за комплектацию и закупку.	сначала звонок: узнать имя, письмо после; другое: в факте ЖК, а не отель - уточнить, ведёт ли Тоника гостиничные проекты (оффер про реновацию отелей); факт не перепроверен
111	ГК Пионер	К8 Девелопер	Наталья Панова, тендерный менеджер	ГИПОТЕЗА	tender@pioneer.ru	Тендеры ГК Пионер: стекло и зеркала для МОП	Наталья, добрый день! Среди открытых тендеров ГК Пионер есть отделочные работы «АМЕНИТИС», отделка квартир ЖК и декоративный экран с дверями для ЕОЦ. На МОП и в лобби повторяются одни и те же позиции: зеркала, стеклянные перегородки, стойки. Их обычно закупают последними и в сжатый срок. Делаем это под размер объекта, замер и монтаж своими бригадами по Москве и МО, гарантия по договору. Пришлите ТЗ или дату ближайшего тендера по отделке МОП - подготовимся заранее. Если вопрос не к вам, подскажите, кому переслать.	проверить ЛПР до отправки; тендерный менеджер - возможно, не ЛПР, нужен ещё руководитель закупок или директор по строительству; дата тендеров не указана, проверить актуальность; второй адрес mto_general@pioneer.ru (обрезан во входе); факт не перепроверен
112	Группа Эталон (Москва)	К8 Девелопер	не найден	не найдено		Группа Эталон: зеркала и стекло для МОП и лобби	Добрый день! В сентябре Группа Эталон сообщила о росте. Когда очереди выходят на отделку, на МОП и в лобби повторяются одни и те же позиции: зеркала, стеклянные перегородки, стойки. Их обычно закупают последними и в сжатый срок. Делаем это под размер объекта, замер и монтаж своими бригадами по Москве и МО, гарантия по договору. Пришлите ТЗ или дату ближайшего тендера по отделке МОП - подготовимся заранее. Если вопрос не к вам, перешлите, пожалуйста, коллеге, который отвечает за закупку отделки МОП.	нет email, только звонок; сначала звонок: узнать имя, письмо после; факт не подтверждён: формулировку про ТОП-10 и 'стратегический рывок' нужно сверить с новостью, в письме общая фраза; нет email, есть телефон +7 495 385-46-63
113	СберСити	К8 Девелопер	не найден	не найдено	office@sbercity.ru	Квартал А24 СберСити: зеркала и перегородки для МОП	Добрый день! СберСити с начала года ввёл 170 тыс. м², а квартал А24 получил сертификат «Бриллиант». На МОП, в лобби и в офисных кварталах повторяются одни и те же позиции: зеркала, стеклянные перегородки, доски для переговорных, стойки. Их обычно закупают последними и в сжатый срок. Делаем это под размер объекта: перегородки 15-30, маркерные доски 10-15 рабочих дней с оплаты. Замер и монтаж своими бригадами по Москве и МО, гарантия по договору. Пришлите ТЗ или дату ближайшего тендера по МОП - подготовимся заранее. Если вопрос не к вам, перешлите, пожалуйста, коллеге, который отвечает за закупку отделки МОП.	сначала звонок: узнать имя, письмо после; факт не перепроверен
114	CFC	К9 Fit-out подрядчик	не найден	не найдено		Офис на Тимура Фрунзе, 11к2: перегородки в срок	Добрый день! Офис Яндекса на улице Тимура Фрунзе, 11к2, построенный вашей компанией, вошёл в номинанты Best Office Awards 2026. В офисном fit-out стеклянные перегородки часто самая долгая позиция по срокам и первая, из-за которой сдвигается сдача. Делаем перегородки: фиксированные, распашные, раздвижные, каскадные, профиль сталь или алюминий. Изготовление 15-30 рабочих дней с оплаты, монтаж своими бригадами по Москве и МО или поставка без монтажа. Производство и сборка в Домодедово, металл режем и красим сами. Пришлите планировку или спецификацию по стеклу текущего объекта - посчитаем оба варианта за 2 рабочих дня, недостающие данные уточню сама. Если вопрос не к вам, перешлите, пожалуйста, коллеге, который отвечает за закупку перегородок.	нет email, только звонок; сначала звонок: узнать имя, письмо после; телефон +7 916 248-67-10 из входного файла; факт не перепроверен
115	MANUFAQTURY	К9 Fit-out подрядчик	Ольга Володина, генеральный директор	ДАННЫЕ	welcome@manufaqtury.com	МОП БЦ «Поклонка»: перегородки и доски в срок	Ольга, добрый день! МОП бизнес-центра «Поклонка», построенный MANUFAQTURY, вошёл в номинанты Best Office Awards 2026. В офисном fit-out стеклянные перегородки часто самая долгая позиция по срокам и первая, из-за которой сдвигается сдача. Делаем перегородки (фиксированные, распашные, раздвижные, каскадные, сталь или алюминий) 15-30 и стеклянные маркерные доски 10-15 рабочих дней с оплаты. Монтаж своими бригадами по Москве и МО. Производство и сборка в Домодедово, металл режем и красим сами. Пришлите планировку или спецификацию по стеклу текущего объекта - посчитаем за 2 рабочих дня, недостающие данные уточню сама. Если вопрос не к вам, подскажите, кому переслать.	закупщика стекла не найдено, ГД как минимум; юрлицо ООО «Мануфактура Офисов», есть ещё «Мануфэктори БТС» - уточнить, кто закупает; та же компания в строке 103 (К1, Андрей Кулагин); факт не перепроверен
116	SYMMETRIA	К9 Fit-out подрядчик	не найден	не найдено	info@symmetria.space	Офис Dr. Reddy's за пять месяцев: перегородки по срокам	Добрый день! Офис Dr. Reddy's Laboratories, 2800 м², сделан за пять месяцев и вошёл в номинанты Best Office Awards 2026. При таких сроках стеклянные перегородки часто самая долгая позиция и первая, из-за которой сдвигается сдача. Делаем перегородки (фиксированные, распашные, раздвижные, каскадные, сталь или алюминий) 15-30 и стеклянные маркерные доски 10-15 рабочих дней с оплаты. Монтаж своими бригадами по Москве и МО. Производство и сборка в Домодедово, металл режем и красим сами. Пришлите планировку или спецификацию по стеклу текущего объекта - посчитаем варианты с монтажом и без за 2 рабочих дня, недостающие данные уточню сама. Если вопрос не к вам, перешлите, пожалуйста, коллеге, который отвечает за закупку перегородок.	сначала звонок: узнать имя, письмо после; ФИО ГД на сайте и в выдаче не найдено, искать в ЕГРЮЛ
117	Q-Projects	К9 Fit-out подрядчик	Артём Николаевич Наракшин, генеральный директор	ДАННЫЕ	info@q-projects.ru	Офисы для международных клиентов: перегородки в срок	Артём, добрый день! Видела в портфолио Q-Projects офис SC Johnson в Москве и другие офисы для международных клиентов. В офисном fit-out стеклянные перегородки часто самая долгая позиция по срокам и первая, из-за которой сдвигается сдача. Делаем перегородки (лофт, раздвижные, распашные, сталь или алюминий) 15-30 и стеклянные маркерные доски 10-15 рабочих дней с оплаты. Монтаж своими бригадами по Москве и МО или поставка без монтажа. Производство и сборка в Домодедово, металл режем и красим сами. Пришлите планировку или спецификацию по стеклу текущего объекта - посчитаем за 2 рабочих дня, недостающие данные уточню сама. Если не актуально, ответьте одним словом.	факт не подтверждён: проект SC Johnson по выдаче подтверждён косвенно, проверить страницу officenext; есть q-projects.kz - другая юрисдикция, не путать
118	ТСМ	К9 Fit-out подрядчик	Андрей Анатольевич Яцкин, генеральный директор ООО «ТСМ»	ДАННЫЕ	info@t-c-m.ru	Офис «Стимул» в номинантах BOA: перегородки и доски	Андрей, добрый день! ТСМ на пятом месте в рейтинге строительных компаний officenext, а офис «Стимул» вошёл в номинанты Best Office Awards 2026. В офисном fit-out стеклянные перегородки часто самая долгая позиция по срокам и первая, из-за которой сдвигается сдача. Делаем перегородки (фиксированные, распашные, раздвижные, каскадные, сталь или алюминий) 15-30 и стеклянные маркерные доски 10-15 рабочих дней с оплаты. Монтаж своими бригадами по Москве и МО. Типовые позиции можно зафиксировать рамочными условиями. Производство и сборка в Домодедово, металл режем и красим сами. Пришлите планировку или спецификацию по стеклу текущего объекта - посчитаем за 2 рабочих дня, недостающие данные уточню сама. Если вопрос не к вам, подскажите, кому переслать.	много юрлиц с названием ТСМ, выбрано ООО «ТСМ» ИНН 7743837257; на officenext контактное лицо Денис Лузанов (должность не подтверждена) - проверить, не он ли по закупкам
119	Cosmos Hotel Group	К11 Отели и гостиничные компании	Александр Петрович Биба, президент Cosmos Hotel Group	ДАННЫЕ		Новые отели Cosmos: зеркала LED и стекло для номеров	Александр, добрый день! 16 сентября вы с губернатором Ярославской области обсуждали в Ростове Великом возможность новых отелей в регионе. Зеркала с подсветкой, стекло в санузлах и перегородки удобнее делать партией под размер номера, после согласования одного образца. Делаем зеркала LED 7-12, перегородки 15-30, столы на металле 10-15, консоли 20-30 рабочих дней с оплаты. Гарантия по договору. Доставка по России, монтаж в регионе - условия уточню. По партии срок подтвердим в расчёте. Пришлите спецификацию номера или подскажите, кто у вас отвечает за оснащение новых отелей - посчитаем за 2 рабочих дня, недостающие данные уточню сама. Если вопрос не к вам, подскажите, кому переслать.	нет email, только звонок (нет и телефона, искать контакт); регион в файле Смоленская, по факту Ярославская; города Рыбинск и Углич в выдаче не подтверждены, в письме не названы; для закупки стекла нужен директор по развитию или строительству, не найден; Биба - верхний уровень, письмо лучше отправить через пресс-центр или приёмную
120	Курорт «Завидово» (Васта Отель Менеджмент)	К11 Отели и гостиничные компании	Евгений Владимирович Макаров, генеральный директор ООО «Васта Отель Менеджмент»	ДАННЫЕ		Курорт «Завидово»: допоставки зеркал и стекла в отели	Евгений, добрый день! Летом на курорте «Завидово» запустили три отеля, «Эрбелия», «Рябина» и апарт-отель «Бревис», на 1130 номеров, а Путевой дворец достраивается. После запуска такого номерного фонда часто начинаются допоставки и замены: зеркала, стекло в санузлах, перегородки, которые нужно делать под размер номера и по образцу. Делаем зеркала LED 7-12, перегородки 15-30, столы на металле 10-15, консоли 20-30 рабочих дней с оплаты. Гарантия по договору. Доставка по России, монтаж в регионе - условия уточню. По партии срок подтвердим в расчёте. Пришлите спецификацию номера - посчитаем допоставку за 2 рабочих дня, недостающие данные уточню сама. Если вопрос не к вам, подскажите, кому переслать.	нет email, только звонок (нет и телефона, искать контакт); технического директора и руководителя закупок не найдено; ГД управляющей компании - верхний уровень
121	M9 development (М9 девелопмент)	К11 Отели и гостиничные компании	не найден	не найдено		Grand Seliger: зеркала LED и стекло для номеров и вилл	Добрый день! Grand Seliger на Селигере, пятизвёздочный отель на 197 номеров, сейчас на стадии отделки и оснащения, ввод планируется осенью 2026. Зеркала с подсветкой, стекло в санузлах и душевые перегородки при оснащении удобнее делать партией под размер номера или виллы, после согласования одного образца. Делаем зеркала LED 7-12, перегородки 15-30, столы на металле 10-15, консоли 20-30 рабочих дней с оплаты. Гарантия по договору. Доставка по России, монтаж в регионе - условия уточню. По партии срок подтвердим в расчёте. Пришлите спецификацию номера или виллы - посчитаем за 2 рабочих дня, недостающие данные уточню сама. Если вопрос не к вам, перешлите, пожалуйста, дизайнеру FF&E или управляющей компании.	нет email, только звонок (нет и телефона, искать контакт); сначала звонок: узнать имя, письмо после; факт не подтверждён: связь M9 development с Grand Seliger подтвердить не удалось (по выдаче управление Cosmos Hotel Group), проверить, кто заказчик оснащения; основатель Максим Морозов упомянут в выдаче, источник и дата не проверены
122	Ринг (ГК «Ринг», Ринг Авто)	К12 Автодилер	Александр Михайлович Сенцов, генеральный директор ООО «Ринг Авто»	ДАННЫЕ		Десять новых автоцентров Ринг: перегородки и столы	Александр, добрый день! За первое полугодие ГК Ринг открыла десять автоцентров и вошла в пятёрку дилеров России по числу открытий по данным ABR. При такой скорости открытий в каждом салоне обычно нужны стеклянные перегородки кабинетов, столы переговоров, зеркала в зоне ожидания и санузлах, и всё к дате открытия. Делаем это под размер и брендбук: перегородки 15-30, столы на металле 10-15 рабочих дней с оплаты. По партии срок подтвердим в расчёте. Доставка по России, монтаж в регионе - условия уточню. Если брендбук интерьера не закрепляет поставщика за маркой, пришлите планировку ближайшего салона - посчитаем за 2 рабочих дня, недостающие данные уточню сама. Если вопрос не к вам, подскажите, кому переслать.	нет email, только звонок (нет и телефона, искать контакт); ГК Ринг - несколько юрлиц, ГД группы не определён (Сенцов - ГД ООО «Ринг Авто» с 04.05.2026); открытие GAC в Старом Осколе в выдаче не подтвердилось, в письме не названо; руководитель строительства или АХО не найден
123	Техцентр Гранд (ГК «Техцентр Гранд»)	К12 Автодилер	Тарас Всеволодович Лаукарт, директор ГК «Техцентр Гранд»	ДАННЫЕ		Новый ДЦ 9500 м2 на Куйбышева: перегородки и стекло	Тарас, добрый день! ВТБ профинансировал строительство нового дилерского центра группы на 9500 м² на улице Куйбышева, у трассы М-7. В таком центре под отделку и оснащение нужны стеклянные перегородки кабинетов и переговорных, столы переговоров, зеркала в клиентской зоне и санузлах, и всё к дате открытия. Делаем это под размер и брендбук: перегородки 15-30, столы на металле 10-15 рабочих дней с оплаты. Доставка по России, монтаж в регионе - условия уточню. Если брендбук интерьера не закрепляет поставщика за маркой, пришлите планировку - посчитаем за 2 рабочих дня, недостающие данные уточню сама. Если вопрос не к вам, подскажите, кому переслать.	нет email, только звонок (нет и телефона, искать контакт); на Куйбышева, 38 уже работает «автодеревня» (SOUEAST, HAVAL PRO, «Селект») - уточнить, какой именно объект строится и на какой стадии; в письме суммы финансирования не названы
124	Автоимпорт (ГК «Автоимпорт»)	К12 Автодилер	Игорь Евгеньевич Смирнов, генеральный директор ООО «Компания «Автоимпорт»	ДАННЫЕ		ДЦ VOLGA в Туле на Октябрьской: перегородки и столы	Игорь, добрый день! В Туле открыт дилерский центр «VOLGA Автоимпорт 71» на Октябрьской, 320/1. Если центров будет несколько, в каждом салоне обычно нужны стеклянные перегородки кабинетов и переговорных, столы менеджеров, зеркала в зоне ожидания и санузлах, и всё к дате открытия. Делаем это под размер и брендбук: перегородки 15-30, столы на металле 10-15 рабочих дней с оплаты. По партии срок подтвердим в расчёте. Доставка по России, монтаж в регионе - условия уточню. Если брендбук интерьера не закрепляет поставщика за маркой, пришлите планировку следующего салона - посчитаем за 2 рабочих дня, недостающие данные уточню сама. Если не актуально, ответьте одним словом.	нет email, только звонок (нет и телефона, искать контакт); Денис Петрунин указан как управляющий директор ГК (autostat.ru), дата интервью не установлена, возможно устарело; руководитель строительства или АХО не найден; в оффере речь о серии ДЦ в Рязани и Туле - во входе подтверждён только ДЦ в Туле
125	Restorator Projects	К13 Ресторанные группы и сети	Олег Елютин, руководитель проекта	ГИПОТЕЗА		Стейк-хаус Born на Плехановской: зеркала, стекло и столы	Олег, добрый день! Стейк-хаус Born на Плехановской открывается в эти дни, следом - ресторан российской кухни на Куколкина, 29. В ресторане стекло и металл видны гостю вблизи: зеркала в зале и санузлах, стеклянные перегородки, подстолья. И всё это нужно к дате открытия, а не после. Делаем зеркала (с подсветкой LED 7-12), перегородки 15-30, столы на металле с порошковой покраской 10-15 рабочих дней с оплаты, под размер и концепцию. По партии срок подтвердим в расчёте. Доставка по России, монтаж в регионе - условия уточню. Пришлите планировку или список позиций для ресторана на Куколкина - посчитаем за 2 рабочих дня, недостающие данные уточню сама. Если вопрос не к вам, подскажите, кому переслать.	проверить ЛПР до отправки; нет email, только звонок (нет и телефона, искать контакт); должность 'руководитель проекта' из входного файла, актуальность не проверена; срок открытия ресторана на Куколкина обрезан во входе, в письме без даты; факт не перепроверен
126	Гостиничный комплекс «Аметист» (СЗ Аметист)	К11 Отели и гостиничные компании	не найден	не найдено	a@sz-1.ru	Гостиничный комплекс «Аметист»: зеркала LED и стекло	Добрый день! Для гостиничного комплекса «Аметист» получено разрешение на ввод (23 апреля), идёт передача номеров под комплектацию. Зеркала с подсветкой, стекло в санузлах и перегородки удобнее делать партией под размер номера, после согласования одного образца. Делаем зеркала LED 7-12, перегородки 15-30, столы на металле 10-15, консоли 20-30 рабочих дней с оплаты. Гарантия по договору. Монтаж по Москве и МО. По партии срок подтвердим в расчёте. Пришлите спецификацию номера - посчитаем за 2 рабочих дня, недостающие данные уточню сама. Если вопрос не к вам, перешлите, пожалуйста, дизайнеру FF&E или управляющей компании.	сначала звонок: узнать имя, письмо после; email a@sz-1.ru из входного файла, похож на общий адрес застройщика, проверить; ЛПР не искали; неизвестно, кто ведёт закупку: застройщик или управляющая компания; факт не перепроверен; дубль со строкой 10: тот же объект «Аметист»: оператор и застройщик, порядок согласовать
127	СТАНДАРТ БАР	К4 HoReCa-комплектатор	не найден	не найдено	info@standartbar.ru	Skolkovo Hotel, 160 номеров: зеркала и стекло санузлов	Добрый день! Вы делаете кухни для 160 номеров Skolkovo Hotel. В номерах повторяется один набор: зеркало с подсветкой, стекло в санузле, консоль. Одна ошибка в размере умножается на весь фонд, поэтому до партии нужен образец. Делаем такой набор под размер номера: зеркала LED 7-12, столы на металле 10-15, консоли 20-30, стеклянные перегородки санузлов 15-30 рабочих дней с оплаты. По партии срок подтвердим в расчёте. Можем сделать образец одного изделия на утверждение до запуска партии, условия образца уточню. Пришлите спецификацию номера - посчитаем пакет за 2 рабочих дня, недостающие данные уточню сама. Если вопрос не к вам, перешлите, пожалуйста, коллеге, который отвечает за комплектацию номеров.	сначала звонок: узнать имя, письмо после; дата факта в файле нечёткая (проект 2026); факт не перепроверен
128	DOGMA	К8 Девелопер	не найден	не найдено		ЖК «Публицист» в Пушкино: зеркала и стекло для МОП	Добрый день! В ЖК «Публицист» в Пушкино согласовали строительство поликлиники, а «ЭВО» и «Публицист» вошли в пятёрку рейтинга ЕРЗ по потребительским качествам. На МОП и в лобби повторяются одни и те же позиции: зеркала, стеклянные перегородки, стойки. Их обычно закупают последними и в сжатый срок. Делаем это под размер объекта, замер и монтаж своими бригадами по Москве и МО, гарантия по договору. Пришлите ТЗ или дату ближайшего тендера по отделке МОП - подготовимся заранее. Если вопрос не к вам, перешлите, пожалуйста, коллеге, который отвечает за закупку отделки МОП.	нет email, только звонок; сначала звонок: узнать имя, письмо после; в оффере упомянута регистрация поставщика в ca.dogma.ru - выяснить порядок до звонка; телефон 8 800 222-04-93; факт не перепроверен
129	Тройка Рэд (3-RED)	К8 Девелопер	не найден	не найдено		Школа на 1675 учеников: зеркала и стекло для МОП кварталов	Добрый день! В сентябре в квартале открыли школу на 1675 учеников, одну из крупнейших в Подмосковье. На МОП и в лобби новых корпусов (Новотомилино, Видный Берег 2.0) повторяются одни и те же позиции: зеркала, стеклянные перегородки, стойки. Их обычно закупают последними и в сжатый срок. Делаем это под размер объекта, замер и монтаж своими бригадами по Москве и МО, гарантия по договору. Пришлите ТЗ или дату ближайшего тендера по МОП - подготовимся заранее. Если вопрос не к вам, перешлите, пожалуйста, коллеге, который отвечает за закупку отделки МОП.	нет email, только звонок; сначала звонок: узнать имя, письмо после; во входе не указано, о каком именно квартале речь (школа на 1675 учеников); корпуса Новотомилино и Видный Берег 2.0 взяты из оффера, уточнить; факт не перепроверен
130	SMSTRETCHING	К13 Ресторанные группы и сети (по факту: студия пилатеса, фитнес)	не найден	не найдено		Студия пилатеса в Раменках: зеркала LED и перегородки	Добрый день! 2 июля в Раменках открылась ваша первая студия пилатеса на реформерах. В студии зеркала работают каждый день: размер под стену, кромка, подсветка, крепление. Если студий станет больше, типовой комплект удобно зафиксировать один раз, чтобы ошибка в размере не повторялась. Делаем зеркала сложного контура (овал, арка, капсула) и с подсветкой LED 7-12, стеклянные перегородки ресепшн и раздевалок 15-30 рабочих дней с оплаты. Замер и монтаж своими бригадами по Москве и МО. По партии срок подтвердим в расчёте. Пришлите планировку зала - посчитаем за 2 рабочих дня, недостающие данные уточню сама. Если вопрос не к вам, перешлите, пожалуйста, коллеге, который отвечает за открытие студий.	нет email, только звонок (нет и телефона, искать контакт); сначала звонок: узнать имя, письмо после; сегмент в базе неверный: студия пилатеса (фитнес), не ресторан; факт не перепроверен
131	Братья Караваевы	К13 Ресторанные группы и сети	не найден	не найдено		Кулинарная лавка на Юго-Западной: зеркала и столы	Добрый день! 7 сентября на Юго-Западной открылась ваша кулинарная лавка. В лавке стекло и металл видны гостю вблизи: зеркала в зале и санузле, стеклянные элементы, столы. И всё это нужно к дате открытия, а не после. Если лавок станет больше, типовой стандарт лучше зафиксировать один раз. Делаем зеркала (с подсветкой LED 7-12), столы на металле с порошковой покраской 10-15, консоли 20-30, стеклянные перегородки 15-30 рабочих дней с оплаты, под размер и концепцию. По партии срок подтвердим в расчёте. Пришлите планировку или список позиций следующего открытия - посчитаем за 2 рабочих дня, недостающие данные уточню сама. Если вопрос не к вам, перешлите, пожалуйста, коллеге, который отвечает за открытие новых лавок.	нет email, только звонок (нет и телефона, искать контакт); сначала звонок: узнать имя, письмо после; факт не перепроверен
132	Дринкит (Drinkit)	К13 Ресторанные группы и сети	не найден	не найдено		33 новые кофейни Drinkit: типовые зеркала и столы	Добрый день! С 1 января по 5 мая Drinkit открыл в Москве 33 кофейни, ещё 57 на стадии запуска. При таком темпе у франчайзи каждый раз заново согласуют зеркала, столы и стойки. Удобнее зафиксировать типовой набор в стандарте сети один раз и заказывать его по готовой спецификации. Делаем зеркала (с подсветкой LED 7-12), столы и стойки из стекла и металла 10-15 рабочих дней с оплаты, под размер и концепцию. По партии срок подтвердим в расчёте. Пришлите список позиций типовой кофейни - посчитаем за 2 рабочих дня, недостающие данные уточню сама. Если вопрос не к вам, перешлите, пожалуйста, коллеге, который отвечает за стандарт оснащения точек.	нет email, только звонок (нет и телефона, искать контакт); сначала звонок: узнать имя, письмо после; оффер: заходить через управляющую компанию сети, не через отдельных франчайзи; факт не перепроверен
133	ТОПГАН (TOPGUN)	К13 Ресторанные группы и сети (по факту: барбершоп, салон красоты)	не найден	не найдено		ТОПГАН в ТЦ МЕГА Казань: зеркала для барберских мест	Добрый день! 10 мая в ТЦ МЕГА в Казани открылся новый ТОПГАН. В барбершопе зеркало работает у каждого места, и одинаковый размер и подсветка важны для всей сети. При открытии новых точек типовой комплект удобно зафиксировать один раз. Делаем зеркала сложного контура (овал, арка, капсула) и с подсветкой LED 7-12, стеклянные перегородки 15-30 рабочих дней с оплаты, под размер и стандарт франшизы. По партии срок подтвердим в расчёте. Доставка по России, монтаж в регионе - условия уточню. Пришлите размеры и планировку типовой точки - посчитаем за 2 рабочих дня, недостающие данные уточню сама. Если вопрос не к вам, перешлите, пожалуйста, коллеге, который отвечает за открытие новых точек.	нет email, только звонок (нет и телефона, искать контакт); сначала звонок: узнать имя, письмо после; сегмент в базе неверный: барбершоп (салон красоты, услуги), не ресторан; точка в Казани, регион в базе Москва: монтаж в регионе только по условиям; факт не перепроверен
134	Хлебник	К13 Ресторанные группы и сети	не найден	не найдено		Хлебник: 10 пекарен в стройке, зеркала и столы	Добрый день! Число пекарен «Хлебника» в Москве выросло с 16 в сентябре 2025 года до 33 в августе 2026, и ещё десять строятся. В пекарне стекло и металл видны гостю вблизи: зеркала в зале и санузле, стеклянные элементы, столы. Когда открытий много, типовой комплект удобно зафиксировать один раз. Делаем зеркала (с подсветкой LED 7-12), столы на металле с порошковой покраской 10-15, консоли 20-30, стеклянные перегородки 15-30 рабочих дней с оплаты, под размер и концепцию. По партии срок подтвердим в расчёте. Пришлите список позиций следующей пекарни - посчитаем за 2 рабочих дня, недостающие данные уточню сама. Если вопрос не к вам, перешлите, пожалуйста, коллеге, который отвечает за открытие пекарен.	нет email, только звонок (нет и телефона, искать контакт); сначала звонок: узнать имя, письмо после; факт не перепроверен
135	Mátes (городские проекты)	К13 Ресторанные группы и сети	не найден	не найдено		Mátes на Чистопрудном, 2: зеркала, перегородки и столы	Добрый день! В сентябре Mátes открыла новую точку на Чистопрудном бульваре, 2. В ресторане стекло и металл видны гостю вблизи: зеркала в зале и санузлах, стеклянные перегородки, подстолья. И всё это нужно к дате открытия, а не после. Делаем зеркала (с подсветкой LED 7-12), перегородки 15-30, столы на металле с порошковой покраской 10-15 рабочих дней с оплаты, под размер и концепцию. По партии срок подтвердим в расчёте. Пришлите планировку или список позиций следующего открытия - посчитаем за 2 рабочих дня, недостающие данные уточню сама. Если вопрос не к вам, перешлите, пожалуйста, коллеге, который отвечает за открытие точек.	нет email, только звонок (нет и телефона, искать контакт); сначала звонок: узнать имя, письмо после; в базе указан как 'городские проекты' - уточнить юрлицо и формат; факт не перепроверен
136	Substance	К13 Ресторанные группы и сети	не найден	не найдено		Substance в Парке Горького: барные столы и зеркала	Добрый день! Летом Substance открыла филиалы в Парке Горького и на Рождественском бульваре. В баре стекло и металл видны гостю вблизи: барные столы, зеркала в зале и санузлах, стеклянные перегородки. И всё это нужно к дате открытия, а не после. Делаем зеркала (с подсветкой LED 7-12), перегородки 15-30, столы на металле с порошковой покраской 10-15 рабочих дней с оплаты, под размер и концепцию. По партии срок подтвердим в расчёте. Пришлите планировку или список позиций следующего открытия - посчитаем за 2 рабочих дня, недостающие данные уточню сама. Если вопрос не к вам, перешлите, пожалуйста, коллеге, который отвечает за открытия точек.	нет email, только звонок (нет и телефона, искать контакт); сначала звонок: узнать имя, письмо после; факт не перепроверен
137	Unikey (Юникей)	К8 Девелопер	не найден	не найдено		Unikey в топ-5 Новой Москвы: зеркала и стекло для МОП	Добрый день! В июле Unikey вошла в пятёрку по объёму продаж в Новой Москве. На МОП и в лобби повторяются одни и те же позиции: зеркала, стеклянные перегородки, стойки. Их обычно закупают последними и в сжатый срок. Делаем это под размер объекта, замер и монтаж своими бригадами по Москве и МО, гарантия по договору. Пришлите ТЗ или дату ближайшего тендера по отделке МОП новых ЖК - подготовимся заранее. Если вопрос не к вам, перешлите, пожалуйста, коллеге, который отвечает за закупку отделки МОП.	нет email, только звонок (нет и телефона, искать контакт); сначала звонок: узнать имя, письмо после; оффер: выйти на нового директора тендерного департамента - во входе такого факта нет, в письме не упомянут, проверить; факт не перепроверен
138	RED2SPACE	К10 Архитектор / дизайн-бюро	не найден	не найдено		Северсталь и БЦ «Легион II»: стекло в спецификации	Добрый день! Два проекта вашего бюро вошли в шорт-лист Best Office Awards 2026: офис Северсталь «Бренд и имидж» и МОП бизнес-центра «Легион II». Когда бюро закладывает стекло в спецификацию, дальше на объекте часто упираются в срок или нестандартный размер, и позицию меняют на то, что есть. Делаем перегородки (лофт, раздвижные) 15-30, стеклянные доски 10-15 и столы на металле 10-15 рабочих дней с оплаты, под размер проекта. Могу прислать материалы для спецификаций и привезти образцы стекла и профиля в бюро. Удобно на этой или следующей неделе? Если вопрос не к вам, перешлите, пожалуйста, коллеге, который отвечает за спецификацию и закупку стекла.	нет email, только звонок (нет и телефона, искать контакт); сначала звонок: узнать имя, письмо после; факт не перепроверен
139	Casa Tredici (Бюро 13)	К10 Архитектор / дизайн-бюро	не найден	не найдено		Стекло и перегородки для загородных домов Casa Tredici	Добрый день! Casa Tredici ищет менеджера проектов и реализующего дизайнера. Когда бюро закладывает стекло в спецификацию загородного дома, дальше на объекте часто упираются в срок или нестандартный размер, и позицию меняют на то, что есть. Делаем перегородки (фиксированные, раздвижные, сталь или алюминий) 15-30, столы на металле 10-15, зеркала LED 7-12 рабочих дней с оплаты, под размер проекта. Доставка по России, монтаж в регионе - условия уточню. Могу прислать материалы для спецификаций и привезти образцы стекла и профиля в бюро. Удобно на этой или следующей неделе? Если вопрос не к вам, перешлите, пожалуйста, коллеге, который отвечает за комплектацию проектов.	нет email, только звонок (нет и телефона, искать контакт); сначала звонок: узнать имя, письмо после; факт не перепроверен
140	Sundukovy Sisters	К10 Архитектор / дизайн-бюро	не найден	не найдено		Стекло и зеркала для проектов Sundukovy Sisters	Добрый день! Sundukovy Sisters открыла вакансию руководителя проектов. Когда бюро закладывает стекло и зеркала в спецификацию, дальше на объекте часто упираются в срок или нестандартный размер, и позицию меняют на то, что есть. Делаем зеркала сложного контура (овал, арка, капсула) и с подсветкой LED 7-12 рабочих дней с оплаты, стеклянные перегородки 15-30, столы на металле 10-15, консоли 20-30, под размер проекта. Замер и монтаж своими бригадами по Москве и МО. Пришлите одну позицию со стеклом из текущего проекта - посчитаем за 2 рабочих дня, недостающие данные уточню сама. Если вопрос не к вам, перешлите, пожалуйста, коллеге, который отвечает за комплектацию проектов.	нет email, только звонок (нет и телефона, искать контакт); сначала звонок: узнать имя, письмо после; факт не перепроверен
141	SL Architects (SL Project)	К10 Архитектор / дизайн-бюро	не найден	не найдено		Перегородки и зеркала для резиденций SL Architects	Добрый день! Видела вашу вакансию ведущего дизайнера-архитектора для интерьеров на hh.ru. Когда бюро закладывает стекло в спецификацию резиденции, дальше на объекте часто упираются в срок или нестандартный размер, и позицию меняют на то, что есть. Делаем перегородки (фиксированные, раздвижные, сталь или алюминий) 15-30 рабочих дней с оплаты, зеркала сложного контура и с подсветкой LED 7-12, столы на металле 10-15, под размер проекта. Металл режем и красим сами. Могу прислать материалы для спецификаций и привезти образцы стекла и профиля в бюро. Удобно на этой или следующей неделе? Если вопрос не к вам, перешлите, пожалуйста, коллеге, который отвечает за спецификацию и закупку стекла.	нет email, только звонок (нет и телефона, искать контакт); сначала звонок: узнать имя, письмо после; факт не перепроверен
142	Бюро Полины Пидцан	К10 Архитектор / дизайн-бюро	не найден	не найдено		Зеркала LED и перегородки в стиле ар-деко под размер	Добрый день! Бюро Полины Пидцан ищет руководителя проектов для интерьеров. Когда бюро закладывает стекло и зеркала в спецификацию, дальше на объекте часто упираются в срок или нестандартный размер, и позицию меняют на то, что есть. Делаем зеркала LED, в том числе сложного контура (овал, арка, капсула), 7-12 рабочих дней с оплаты, стеклянные перегородки на стальном профиле, в том числе в стиле ар-деко, 15-30, столы на металле 10-15, консоли 20-30, под размер проекта. Могу прислать материалы для спецификаций и привезти образцы стекла и профиля в бюро. Удобно на этой или следующей неделе? Если вопрос не к вам, перешлите, пожалуйста, коллеге, который отвечает за комплектацию проектов.	нет email, только звонок (нет и телефона, искать контакт); сначала звонок: узнать имя, письмо после; факт не перепроверен
143	Diana Danieli Home	К10 Архитектор / дизайн-бюро	не найден	не найдено		Зеркала, перегородки и столы для интерьеров Diana Danieli	Добрый день! Diana Danieli Home ищет менеджера проектов и комплектатора для интерьеров. Пока комплектатора нет, позиции со стеклом и зеркалами ложатся на дизайнеров: их нужно найти, посчитать и согласовать по размеру. Срок изготовления становится известен только после утверждения. Делаем зеркала сложного контура и LED 7-12, стеклянные перегородки 15-30, стеклянные столы на металле 10-15, консоли 20-30 рабочих дней с оплаты, под размер проекта. Металл режем и красим сами. Пришлите одну позицию со стеклом из текущего проекта - посчитаем за 2 рабочих дня, недостающие данные уточню сама. Если вопрос не к вам, перешлите, пожалуйста, коллеге, который отвечает за комплектацию проектов.	нет email, только звонок (нет и телефона, искать контакт); сначала звонок: узнать имя, письмо после; факт не перепроверен
144	Leyla Uluhanli Interiors	К10 Архитектор / дизайн-бюро	Лейла Улуханли, основатель	ГИПОТЕЗА		Стеклянные элементы для мебельных коллекций Leyla Uluhanli	Лейла, добрый день! «В связи с развитием и расширением компании» - так сказано в вашей вакансии дизайнера интерьеров. Если в ваших коллекциях есть мебель со стеклянными и зеркальными элементами, мебельщики обычно отдают закалённое стекло и зеркала нестандартного контура на сторону и ждут дольше всего. Мы закрываем именно эту часть: зеркала сложного контура (овал, арка, капсула) и с подсветкой LED 7-12, стеклянные перегородки 15-30, столы на металле с порошковой покраской 10-15 рабочих дней с оплаты, металлические опоры под ваши чертежи. Металл режем и красим сами. Пришлите одну позицию со стеклом из текущего проекта - посчитаем за 2 рабочих дня, недостающие данные уточню сама. Если удобнее, привезу образцы стекла и профиля. Если не актуально, ответьте одним словом.	проверить ЛПР до отправки; нет email, только звонок (нет и телефона, искать контакт); ЛПР из входного файла, актуальность не проверена; про 'мебельные коллекции' сказано условно, уточнить, есть ли у бюро своя мебельная линия; факт не перепроверен
145	Тверская 24	К11 Отели и гостиничные компании	Александр Лебедев, генеральный директор	ГИПОТЕЗА		Гостиница на Тверской, 24: зеркала LED и стекло к открытию	Александр, добрый день! Для гостиницы на Тверской, 24 получено разрешение на ввод в эксплуатацию. Перед открытием зеркала с подсветкой, стекло в санузлах, душевые перегородки и консоли удобнее делать партией под размер номера, после согласования одного образца. Делаем зеркала LED 7-12, перегородки 15-30, столы на металле 10-15, консоли 20-30 рабочих дней с оплаты. Гарантия по договору. Монтаж по Москве и МО. По партии срок подтвердим в расчёте. Можем сделать образец одного изделия на утверждение до запуска партии, условия образца уточню. Пришлите спецификацию номера - посчитаем за 2 рабочих дня, недостающие данные уточню сама. Если вопрос не к вам, подскажите, кому переслать.	проверить ЛПР до отправки; нет email, только звонок (нет и телефона, искать контакт); по данным входного файла стадия оснащения и выбора оператора: уточнить, кто закупает, собственник или оператор; полное название гостиницы обрезано во входе; факт не перепроверен
146	Гута-Девелопмент (отель Savoy на «Красном Октябре»)	К11 Отели и гостиничные компании	Геннадий Устинов, коммерческий директор	ГИПОТЕЗА		Отель Savoy на «Красном Октябре»: зеркала LED и стекло	Геннадий, добрый день! Для «Красного Октября» представлен проект редевелопмента с пятизвёздочным отелем Savoy, стройка идёт. Зеркала с подсветкой, стекло в санузлах, перегородки и столы для номеров и лобби удобнее делать партией под размер, после согласования одного образца. Делаем зеркала сложного контура (овал, арка, капсула) и LED 7-12, перегородки 15-30, дизайнерские столы на металле 10-15, консоли 20-30 рабочих дней с оплаты. Гарантия по договору, монтаж по Москве и МО. По партии срок подтвердим в расчёте. Пришлите спецификацию номера или лобби - посчитаем за 2 рабочих дня, недостающие данные уточню сама. Если вопрос не к вам, подскажите, кому переслать.	проверить ЛПР до отправки; нет email, только звонок (нет и телефона, искать контакт); ЛПР из входного файла (по данным mn.ru), актуальность не проверена; уточнить, кто закупает оснащение отеля: девелопер или оператор; факт не перепроверен
147	Группа Аквилон (апарт-отель Signal)	К11 Отели и гостиничные компании	Михаил Рогатых, директор по развитию	ГИПОТЕЗА		Апарт-отель Signal: зеркала LED и стекло до отделки	Михаил, добрый день! Строительство апарт-отеля Signal завершается в конце 2026 года, запуск запланирован на 2027. В типовых апартаментах повторяется один набор: зеркало с подсветкой, стекло в душевой, консоль. Одна ошибка в размере умножается на весь фонд, поэтому до партии нужен образец, а перегородки лучше заказывать заранее. Делаем такой набор под размер: зеркала LED 7-12, душевые перегородки 15-30, консоли на металле 20-30 рабочих дней с оплаты. По партии срок подтвердим в расчёте. Можем сделать образец одного изделия на утверждение до запуска партии, условия образца уточню. Пришлите спецификацию типового апартамента - посчитаем пакет за 2 рабочих дня, недостающие данные уточню сама. Если не актуально, ответьте одним словом.	проверить ЛПР до отправки; нет email, только звонок (нет и телефона, искать контакт); ЛПР из входного файла (по данным Коммерсанта), актуальность не проверена; факт не перепроверен
148	Гостиница «Россия» у Зарядья (Варварка, 5*)	К11 Отели и гостиничные компании	не найден	не найдено		Гостиница «Россия» у Зарядья: зеркала LED и стекло	Добрый день! Гостиница «Россия» у Зарядья заявлена к открытию в этом году, а в здании уже работает ресторан Magritte. Зеркала с подсветкой, стекло в санузлах и перегородки при финальном оснащении удобнее делать партией под размер номера, после согласования одного образца. Делаем зеркала LED 7-12, перегородки 15-30, столы на металле 10-15, консоли 20-30 рабочих дней с оплаты. Гарантия по договору. Монтаж по Москве и МО. По партии срок подтвердим в расчёте. Пришлите спецификацию номера - посчитаем за 2 рабочих дня, недостающие данные уточню сама. Если вопрос не к вам, перешлите, пожалуйста, дизайнеру FF&E или управляющей компании.	нет email, только звонок (нет и телефона, искать контакт); сначала звонок: узнать имя, письмо после; оффер: выйти на собственника или технического заказчика - во входе они не названы, искать руками; факт не перепроверен
149	Независимость (ГК «Независимость»)	К12 Автодилер	не найден	не найдено		ДЦ Foton на 74 км МКАД: перегородки и столы переговоров	Добрый день! Дилерский центр Foton на 74 км МКАД открыт: 3064 м², шоурум 400 м². В таком комплексе обычно нужны стеклянные перегородки офисов продаж и клиентской зоны, столы переговоров, зеркала в зоне ожидания и санузлах, и всё к дате открытия. Делаем это под размер и брендбук: перегородки 15-30, столы на металле 10-15 рабочих дней с оплаты. Монтаж своими бригадами по Москве и МО. Если брендбук интерьера не закрепляет поставщика за маркой, пришлите планировку следующего центра - посчитаем за 2 рабочих дня, недостающие данные уточню сама. Если вопрос не к вам, перешлите, пожалуйста, коллеге, который отвечает за строительство и отделку салонов.	нет email, только звонок (нет и телефона, искать контакт); сначала звонок: узнать имя, письмо после; факт не перепроверен
150	Автомир (ГК «Автомир»)	К12 Автодилер	не найден	не найдено		Два ДЦ GAC в Балашихе и Крылатском: перегородки и столы	Добрый день! В августе Автомир открыл два дилерских центра GAC, в Балашихе и в Крылатском. При открытиях по стандарту бренда в каждом салоне обычно нужны стеклянные перегородки кабинетов и переговорных, столы переговоров, зеркала в зоне ожидания и санузлах, и всё к дате открытия. Делаем это под размер и брендбук: перегородки 15-30, столы на металле 10-15 рабочих дней с оплаты. Типовую спецификацию можно зафиксировать один раз для всей сети. По партии срок подтвердим в расчёте. Монтаж своими бригадами по Москве и МО. Если брендбук интерьера не закрепляет поставщика за маркой, пришлите планировку следующего ДЦ - посчитаем за 2 рабочих дня, недостающие данные уточню сама. Если вопрос не к вам, перешлите, пожалуйста, коллеге, который отвечает за строительство и отделку салонов.	нет email, только звонок (нет и телефона, искать контакт); сначала звонок: узнать имя, письмо после; факт не перепроверен
151	БорисХоф	К12 Автодилер	не найден	не найдено		Новый ДЦ GAC в столичном регионе: перегородки кабинетов	Добрый день! БорисХоф открыл новый дилерский центр GAC в столичном регионе. В салоне по стандарту бренда обычно нужны стеклянные перегородки кабинетов менеджеров, столы переговоров, зеркала в зоне ожидания и санузлах, и всё к дате открытия. Делаем это под размер и брендбук: перегородки 15-30, столы на металле 10-15 рабочих дней с оплаты. Монтаж своими бригадами по Москве и МО. Если брендбук интерьера не закрепляет поставщика за маркой, пришлите планировку следующего салона - посчитаем за 2 рабочих дня, недостающие данные уточню сама. Если вопрос не к вам, перешлите, пожалуйста, коллеге, который отвечает за строительство и отделку салонов.	нет email, только звонок (нет и телефона, искать контакт); сначала звонок: узнать имя, письмо после; адрес нового ДЦ во входе не указан; факт не перепроверен
152	Бизнес Кар	К12 Автодилер	не найден	не найдено		Новый ДЦ GAC: стеклянные перегородки и столы для шоурума	Добрый день! Смотрела новости по дилерам GAC: Бизнес Кар открыл новый дилерский центр в столичном регионе. В шоуруме по стандарту бренда обычно нужны стеклянные перегородки офисных зон, столы переговоров, зеркала в зоне ожидания и санузлах, и всё к дате открытия. Делаем это под размер и брендбук: перегородки 15-30, столы на металле 10-15 рабочих дней с оплаты. Монтаж своими бригадами по Москве и МО. Если брендбук интерьера не закрепляет поставщика за маркой, пришлите планировку следующего салона - посчитаем за 2 рабочих дня, недостающие данные уточню сама. Если вопрос не к вам, перешлите, пожалуйста, коллеге, который отвечает за строительство и отделку салонов.	нет email, только звонок (нет и телефона, искать контакт); сначала звонок: узнать имя, письмо после; адрес нового ДЦ во входе не указан; факт не перепроверен
153	Рестораны Раппопорта	К13 Ресторанные группы и сети	Александр Раппопорт, основатель холдинга «Рестораны Раппопорта»	ДАННЫЕ		«Машенька» и новые проекты: зеркала и стекло	Александр, добрый день! В феврале вы открыли «Машеньку» у Зарядья, первое большое открытие примерно за пять лет, а в мае РБК написал про ваш новый ресторан русско-французской кухни с кондитерской. В планах ещё несколько проектов, часть от 1000 кв. м. В больших залах стекло и металл видны гостю вблизи: зеркала в зале и санузлах, перегородки, столы. Мы производим их: зеркала с LED-подсветкой 7-12 рабочих дней с оплаты, перегородки 15-30, столы на металле 10-15. Пришлите планировку или список позиций следующего открытия - посчитаем за 2 рабочих дня, недостающие данные уточню сама. Если тема не ваша, подскажите, кому переслать.	нет email, только звонок; закупщик не установлен: уточнить, кто ведёт комплектацию (директор по развитию или УК); название Savras из выдачи не подтверждено, в письме не использовано, сверить со статьёй РБК
154	Росинтер Ресторантс	К13 Ресторанные группы и сети	Маргарита Костеева, президент, генеральный директор	ГИПОТЕЗА		iL Патио на Ленинградском вокзале: зеркала и стекло	Маргарита, добрый день! Росинтер возвращается на Ленинградский вокзал после реконструкции: комплекс iL Патио, кофейня «Лалибела кофе» и точка «Вкусно - и точка», об этом пишет ваш пресс-центр. Под новый дизайн-концепт обычно нужна серия одинаковых позиций: зеркала в залах и санузлах, перегородки, столы. Мы производим такие наборы партиями: зеркала с LED-подсветкой 7-12 рабочих дней с оплаты, перегородки 15-30, столы на металле 10-15. Типовую спецификацию можно зафиксировать один раз и повторять на каждой точке. Пришлите список позиций одной точки - посчитаем за 2 рабочих дня, недостающие данные уточню сама. По партии срок подтвердим в расчёте. Если этим занимается другой человек, подскажите, кому переслать.	нет email, только звонок; проверить ЛПР до отправки; актуальность Костеевой в 2026 не подтверждена, руководителя развития/строительства не найдено; точную дату открытия iL Патио проверить в пресс-центре, в письме дата не названа
155	Кофемания	К13 Ресторанные группы и сети	Игорь Журавлёв, основатель, генеральный директор ООО «Ортизей»	ДАННЫЕ		«Кофемания» в СберСити: зеркала и стекло для точки	Игорь, добрый день! 22 сентября открылась «Кофемания» в СберСити. К дате открытия каждой точки нужны зеркала в зале и санузлах, стеклянные перегородки, столы и консоли, и набор от точки к точке повторяется. Зеркала с LED-подсветкой готовим за 7-12 рабочих дней с оплаты, перегородки за 15-30, столы на металле за 10-15. Замер и монтаж своими бригадами по Москве и МО, гарантия по договору. Пришлите список позиций следующей точки - посчитаем за 2 рабочих дня, недостающие данные уточню сама. Если сейчас не до этого, ответьте одним словом.	нет email, только звонок; директор по развитию/строительству не найден; дату источника ЕГРЮЛ по ЛПР проверить руками
156	Персона (сеть имидж-лабораторий)	К13 Ресторанные группы и сети	Игорь Стоянов, основатель и президент сети «Персона»	ГИПОТЕЗА		Зеркала с LED для новых точек «Персоны»	Игорь, добрый день! «Персона» растёт в формате бьюти-парков, по вашим планам это несколько новых точек в год. Для такой сети каждое открытие - серия одинаковых рабочих мест: зеркала мастеров, перегородки кабинетов, консоли. Мы производим зеркала с LED-подсветкой под размер места, 7-12 рабочих дней с оплаты, стеклянные перегородки на стальном или алюминиевом профиле, 15-30, и столы на металле, 10-15. Монтаж своими бригадами по Москве и МО. Пришлите спецификацию одного места мастера или планировку ближайшей точки - посчитаем за 2 рабочих дня, недостающие данные уточню сама. По партии срок подтвердим в расчёте. Если не актуально, ответьте одним словом.	нет email, только звонок; проверить ЛПР до отправки; сегмент в базе неверный: бьюти-ритейл (сеть имидж-лабораторий), не ресторан; факт не подтверждён: открытие «Персоны Алтуфьево» 15.06.2026 в письме не использовано, проверить на persona.ru
157	Perelman People	К13 Ресторанные группы и сети	Владимир Перельман, основатель холдинга Perelman People	ДАННЫЕ		Новые форматы Perelman People: зеркала и стекло	Владимир, добрый день! Новое суши-кафе Perelman People попало в подборку открытий апреля. Когда холдинг запускает новые форматы, каждый раз повторяется один набор: зеркала в зале и санузлах, стеклянные перегородки, столы. И всё нужно к дате открытия, а не после. Наш набор: перегородки за 15-30 рабочих дней с оплаты, зеркала с LED-подсветкой за 7-12, столы на металле за 10-15. Пришлите планировку или список позиций следующего открытия - посчитаем за 2 рабочих дня, недостающие данные уточню сама. Если тема не ваша, подскажите, кому переслать.	нет email, только звонок; руководитель комплектации не найден; название кафе и адрес (по выдаче «Рыба моя в Японии», ЖК Lucky, 2-я Звенигородская, 12) сверить со статьёй Buro247, в письме не использованы
158	Vasilchuki Restaurant Group (Чайхона №1)	К13 Ресторанные группы и сети	Тимур Ланский, основатель, владелец «Чайхоны №1» и холдинга «Рестораны Тимура Ланского»	ДАННЫЕ		«Чудо-Юдо»: набор зеркал и стекла под франшизу	Тимур, добрый день! «Чудо-Юдо», ваш новый рыбный ресторан в Москве, задуман с планом развития по франшизе. Франшизе нужен один набор, который повторяется в каждой точке: зеркала в зале и санузлах, перегородки, столы. Мы производим такие наборы партиями, доставка по России: зеркала с LED-подсветкой 7-12 рабочих дней с оплаты, перегородки 15-30, столы на металле 10-15. Пришлите список позиций стандарта - посчитаем за 2 рабочих дня, недостающие данные уточню сама. По партии срок подтвердим в расчёте. Если тема не ваша, подскажите, кто у вас отвечает за франчайзинг и развитие.	нет email, только звонок; директор по развитию/франчайзинга не найден; точную дату интервью про «Чудо-Юдо» проверить; компания и ЛПР, возможно, из разных холдингов (Чайхона №1 - Васильчуки, Чудо-Юдо - Тимур Ланский): сверить до отправки
159	90th Floor (Mume)	К13 Ресторанные группы и сети		не найдено		Monomakh на 90-м этаже: зеркала и стекло для залов	Добрый день! В мае на 90-м этаже башни «Федерация» открылся Monomakh от команды Mume. В панорамных залах стекло и зеркала видны гостю вблизи, а размеры и срок в такой точке решают всё. Мы производим зеркала с LED-подсветкой (7-12 рабочих дней с оплаты), стеклянные перегородки (15-30) и столы на металле (10-15) под размер и концепцию. Замер и монтаж своими бригадами по Москве и МО, гарантия по договору. Пришлите планировку или список позиций следующего открытия - посчитаем за 2 рабочих дня, недостающие данные уточню сама. Если этим занимается не вы, перешлите, пожалуйста, коллеге, который отвечает за открытия.	нет email, только звонок; собственник/ГД юрлица не подтверждён, смотреть ЕГРЮЛ по сайту 90floor.ru (бывшего директора «Аэромара» и тёзок не брать); сначала звонок: узнать имя, письмо после
160	Cleversport	К13 Ресторанные группы и сети	Алексей Подольский, директор по региональному развитию	ДАННЫЕ		10 клубов Cleversport: зеркала для залов и раздевалок	Алексей, добрый день! Cleversport планирует открыть 10 фитнес-клубов в Москве и области, первый на 7,2 тыс. кв. м в ЖК «Литературный квартал». Понимаю, что первый клуб заявлен на 2030 год, поэтому пишу заранее, до выбора поставщиков. В клубах повторяется один набор: зеркала залов, зеркала и перегородки раздевалок. Мы производим их: зеркала с LED-подсветкой 7-12 рабочих дней с оплаты, стеклянные перегородки 15-30. Типовую спецификацию можно зафиксировать один раз и повторять на каждый клуб. Пришлите планировку одного зала - посчитаем за 2 рабочих дня, недостающие данные уточню сама. Если не актуально, ответьте одним словом.	нет email, только звонок; сегмент в базе неверный: фитнес-сеть, не ресторан; контакт на перспективу: первый клуб заявлен на 2030, точный месяц публикации не виден
161	BarRestoGroup	К13 Ресторанные группы и сети	Никита Татаев, управляющий партнёр BarRestoGroup	ГИПОТЕЗА		«Мандарин» в Малом Черкасском: перегородки и зеркала	Никита, добрый день! «Мандарин» откроется этой осенью в Малом Черкасском переулке на месте Mandarin Combustible. В лаунж-формате стекло отвечает за зонирование: перегородки между зонами, зеркала в санузлах, консоль хостес. И всё нужно к дате открытия. Мы производим это: перегородки 15-30 рабочих дней с оплаты, зеркала с LED-подсветкой 7-12, столы на металле 10-15. Замер и монтаж своими бригадами по Москве и МО. Пришлите планировку или список позиций для «Мандарина» или следующего открытия - посчитаем за 2 рабочих дня, недостающие данные уточню сама. Если тема не ваша, подскажите, кому переслать.	нет email, только звонок; проверить ЛПР до отправки; источник по Татаеву 2023 года, актуальность проверить
162	Комитет (ресторанная группа)	К13 Ресторанные группы и сети		не найдено		Margot bistro на Большой Никитской: зеркала и стекло	Добрый день! Margot bistro на Большой Никитской, зал на 200+ мест: если этот проект ведёте вы, то в большом зале стекло и зеркала нужны к дате открытия, а размеры часто нестандартные. Мы производим зеркала с LED-подсветкой (7-12 рабочих дней с оплаты), стеклянные перегородки (15-30) и столы на металле (10-15). Замер и монтаж своими бригадами по Москве и МО. Пришлите планировку или список позиций ближайшего открытия - посчитаем за 2 рабочих дня, недостающие данные уточню сама. Если вопрос не к вам, перешлите, пожалуйста, коллеге, который отвечает за новые открытия.	нет email, только звонок; факт не подтверждён: связь Margot с группой «Комитет» не подтверждена, возможна путаница юрлиц (в выдаче СПб-группа «Комитет Груп»); открытие середина сентября 2026 независимо не проверено; сначала звонок: узнать имя, письмо после
163	Semifreddo (ресторанная группа)	К13 Ресторанные группы и сети	Игорь Витошинский, основатель Semifreddo Group	ДАННЫЕ		Osteria Italiana на Невском: перегородки и зеркала	Игорь, добрый день! Semifreddo Group запустила в сентябре первый петербургский проект: Osteria Italiana в БЦ LSR Group в начале Невского проспекта. Когда группа приходит в новый город, набор стекла и зеркал лучше зафиксировать один раз, чем заказывать заново под каждую точку. Мы производим: перегородки для отдельных зон 15-30 рабочих дней с оплаты, зеркала с LED-подсветкой 7-12, столы на металле 10-15. Доставка по России, монтаж в регионе - условия уточню. Пришлите список позиций следующей точки - посчитаем за 2 рабочих дня, недостающие данные уточню сама. Если сейчас не до этого, ответьте одним словом.	нет email, только звонок; руководитель стройки/комплектации не найден; дату материала «Коммерсанта» подтвердить руками; объект в Санкт-Петербурге: свои бригады монтируют только по Москве и МО
164	Meeting Point	К1 Сервисные офисы / коворкинги	Лариса Афанасьева, генеральный директор Meeting Point	ДАННЫЕ		8 этаж ДЦ «Москва»: перегородки для сервисных офисов	Лариса, добрый день! Meeting Point строит сервисные офисы на 1700 кв. м на 8 этаже ДЦ «Москва» на Охотном Ряду, завершение в декабре. Стеклянные перегородки кабинетов и переговорных на таком этаже обычно самая долгая позиция по сроку. Производство и сборка в Домодедово, металл режем и красим сами: перегородки 15-30 рабочих дней с оплаты, стеклянные маркерные доски 10-15, монтаж своими бригадами по Москве. Чтобы успеть к декабрю, спецификацию удобно зафиксировать в ближайшие недели. Пришлите планировку этажа - посчитаем с техотделом за 2 рабочих дня, недостающие данные уточню сама. По партии срок подтвердим в расчёте. Если тема не ваша, подскажите, кто у вас ведёт отделку этажа.	нет email, только звонок; для закупки стекла лучше найти руководителя развития/fit-out, в выдаче не найден
165	FORMA (Форма, ГК ПИК)	К8 Девелопер	Антон Валявин, директор блока девелопмента коммерческой недвижимости FORMA	ДАННЫЕ		FORMA workplace: стеклянные перегородки для офисов	Антон, добрый день! С 1 августа FORMA получила проекты бренда «Среда», включая офисный БЦ на Варшавском, который вошёл в линейку FORMA workplace. В офисных проектах стеклянные перегородки часто самая долгая позиция по сроку и первая, из-за которой сдвигается сдача. Мы производим их: фиксированные, распашные, раздвижные, каскадные, профиль сталь или алюминий. Изготовление 15-30 рабочих дней с оплаты, монтаж своими бригадами по Москве и МО или поставка без монтажа. Подскажите, стекло закупаете сами или через генподрядчика? Если сами, пришлите планировку одного объекта - посчитаем оба варианта за 2 рабочих дня, недостающие данные уточню сама.	нет email, только звонок; Валявин отвечает за офисы (FORMA workplace), для жилых лобби нужен другой контакт (закупки ПИК/FORMA); соотнесение «Среда на Варшавском» и «Сплит» проверить (выдача показывает офисный СПЛИТ в Москворечье-Сабурово), название «Сплит» в письме не использовано
166	Upside Development	К8 Девелопер	Алексей Перлин, генеральный директор	ГИПОТЕЗА		Will Towers, 2-я очередь: зеркала и стекло для лобби	Алексей, добрый день! Структура Upside выиграла торги на проект второй очереди Will Towers в Раменках, а застройку ведёт Upside Development. В лобби и МОП повторяются одни и те же позиции: зеркала, стеклянные перегородки, стойки. Их обычно закупают последними и в сжатый срок. Мы производим это под размер объекта: перегородки 15-30 рабочих дней с оплаты, зеркала с LED-подсветкой 7-12. Замер и монтаж своими бригадами по Москве и МО, гарантия по договору. Подскажите, отделку МОП закупаете сами или через генподрядчика? Если сами, пришлите ТЗ или дату тендера - подготовимся заранее.	нет email, только звонок; проверить ЛПР до отправки; проверить ФИО и юрлицо: Upside Development и ООО «Рощинская» разные структуры; директор по закупкам/строительству не найден
167	СИТИ21 (Сити-XXI век)	К8 Девелопер		не найдено		ЖК «Вавилова 64»: зеркала и стекло для МОП	Добрый день! Разрешение на строительство ЖК «Вавилова 64» в Гагаринском районе получено. На МОП и в лобби повторяются одни и те же позиции: зеркала, стеклянные перегородки, стойки. Их обычно закупают последними и в сжатый срок. Мы производим это под размер объекта: перегородки 15-30 рабочих дней с оплаты, зеркала с LED-подсветкой 7-12. Замер и монтаж своими бригадами по Москве и МО, гарантия по договору. Пришлите ТЗ или дату тендера на отделку МОП - подготовимся заранее. Если этим занимается не вы, перешлите, пожалуйста, коллеге, который отвечает за закупку отделки МОП.	нет email, только звонок; факт из файла не перепроверен, ЛПР не искали (нужно найти ГД по ЕГРЮЛ и руководителя закупок); аккредитация на ЭТП из колонки «что предложить» в письме не использована; сначала звонок: узнать имя, письмо после
168	ФМК «Агат»	К6 Комплектатор образования	Евгений Бураков, генеральный директор, единственный учредитель ООО ФМК «Агат»	ДАННЫЕ	fmk-info@agatmk.ru	Доски и зеркала к школьной мебели «Агата»	Евгений Серафимович, добрый день! В июле вы заключили контракты на школу №3 в Лебедяни и школу «Хазина». К школьной мебели в комплект часто просят стеклянные доски и зеркала, и проще брать их у одного производителя, чем искать отдельного подрядчика. Мы производим стеклянные маркерные доски из закалённого осветлённого стекла (10-15 рабочих дней с оплаты), зеркала для хореографических и спортивных залов. Производство и сборка в Домодедово, доставка по России, монтаж в регионе - условия уточню, гарантия по договору. Пришлите позицию из ТЗ ближайшего тендера - посчитаем за 2 рабочих дня, недостающие данные уточню сама. Если тема не ваша, подскажите, кто ведёт тендеры.	email общий (fmk-info@agatmk.ru), персонального нет; не путать с ООО «ФМК» (ИНН 4800015500); факт из файла не перепроверен
169	ЭнергияЛаб	К6 Комплектатор образования	Ирина Бастрыгина, генеральный директор и 100% владелец	ГИПОТЕЗА	info@vrnlab.ru	«Агроклассы» и кластер в Тольятти: доски и столы	Ирина Викторовна, добрый день! В сентябре вы запустили линейку «Агроклассы» и завершили оснащение образовательного кластера в Тольятти, об этом написано на сайте «Энергиялаб». В комплекте лаборатории есть позиции, которые проще заказать у одного производителя: стеклянные доски и столы на металлокаркасе. Мы производим в Домодедово стеклянные маркерные доски из закалённого осветлённого стекла (10-15 рабочих дней с оплаты) и столы на металле (10-15 рабочих дней). Доставка по России, монтаж в регионе - условия уточню. Пришлите позицию из спецификации одного комплекта - посчитаем за 2 рабочих дня, недостающие данные уточню сама. Если тема не ваша, подскажите, кому переслать.	проверить ЛПР до отправки; email общий (info@vrnlab.ru); два юрлица в выдаче: ООО «Энергиялаб» (ИНН 3662179203) и ООО НТП «Энергиялаб» (ИНН 3665814848), какое ведёт vrnlab.ru - проверить; факт из файла не перепроверен
170	Отель Линкс (Links National Golf Club)	К11 Отели и гостиничные компании	Олег Кустиков, генеральный директор компании «Отель Линкс»	ГИПОТЕЗА		Отель на 200 номеров в Links: зеркала LED под размер	Олег, добрый день! На территории Links National Golf Club в Дмитровском округе строится пятизвёздочный отель на 200 номеров, по обновлению мая строительство завершат в течение года. Оснащение номеров при такой сдаче выбирают заранее. В номерах повторяется один набор: зеркало с подсветкой, стекло душевых, перегородки. Одна ошибка в размере умножается на весь фонд, поэтому до партии делаем образец одного изделия на утверждение, условия образца уточню. Зеркала с LED-подсветкой - 7-12 рабочих дней с оплаты, перегородки 15-30, гарантия по договору. По партии срок подтвердим в расчёте. Подскажите, закупку ведёт управляющая компания или подрядчик? Если вы, пришлите спецификацию номера - посчитаем за 2 рабочих дня, недостающие данные уточню сама.	нет email, только звонок; проверить ЛПР до отправки; проверить ФИО по ЕГРЮЛ ООО «Отель Линкс»; расхождение сроков: в файле открытие II кв. 2027 (frontdesk.ru), по обновлению мая 2026 завершение в течение года; в письме только «в течение года»
171	Русские Сезоны (конгресс-отель «Красное»)	К11 Отели и гостиничные компании		не найдено		Конгресс-отель на 450 номеров: зеркала и стекло санузлов	Добрый день! По конгресс-отелю «Красное» на 450 номеров в Подмосковье был анонс. Если проект ведут «Русские Сезоны»: на такой фонд зеркала и стекло санузлов удобнее согласовать на этапе проектирования, после утверждения образца одного изделия. Мы делаем это под размер номера: зеркала с LED-подсветкой 7-12 рабочих дней с оплаты, стеклянные перегородки санузлов 15-30. Гарантия по договору, монтаж своими бригадами по Москве и МО. По партии срок подтвердим в расчёте. Пришлите спецификацию номера - посчитаем пакет за 2 рабочих дня, недостающие данные уточню сама. Если вопрос не к вам, перешлите, пожалуйста, дизайнеру FF&E или управляющей компании отеля.	нет email, только звонок; факт не подтверждён: объект «Красное» в выдаче не найден, проверить, что это сеть «Русские Сезоны» (известен курорт «Пересвет», 373 номера); ГД не найден; сначала звонок: узнать имя, письмо после
172	Всенародный Фермерский Центр (курорт «Бережки»)	К11 Отели и гостиничные компании	Сергей Трегуб, советник генерального директора ООО «Всенародный фермерский центр»	ДАННЫЕ		«Бережки» в Солнечногорске: зеркала и стекло для номеров	Сергей, добрый день! В Солнечногорске на ПМЭФ подписано соглашение по гостиничному комплексу «Бережки»: 4 корпуса на 175 номеров, конгресс-центр на 400 мест, спа-блок более 17 тыс. кв. м, срок 2029. На такой объём стекло и зеркала удобнее согласовать до старта отделки. Мы производим под размер: зеркала с LED-подсветкой 7-12 рабочих дней с оплаты, стеклянные перегородки 15-30, монтаж своими бригадами по Москве и МО, гарантия по договору. Перед партией сделаем образец одного изделия на утверждение, по партии срок подтвердим в расчёте, условия образца уточню. Подскажите, кто ведёт проект и закупку отделки со стороны компании? Пришлите контакт или перешлите письмо - подготовимся заранее.	нет email, только звонок; Трегуб - советник, не закупщик: искать ГД ООО «Всенародный фермерский центр» и руководителя проекта; старт стройки: в файле лето 2026, в выдаче срок завершения 2029 (в письме только «срок 2029»)
173	Парк-отель «Морозовка»	К11 Отели и гостиничные компании	Георгий Марейчев, генеральный директор ООО «Усадьба «Морозовка»»	ДАННЫЕ		Реконструкция парк-отеля «Морозовка»: зеркала и стекло	Георгий, добрый день! У парк-отеля «Морозовка» после смены собственника речь идёт о реконструкции: в июне была встреча с администрацией Солнечногорска. При обновлении номеров зеркала, стекло санузлов и перегородки удобнее делать партией под размер номера, после утверждения образца одного изделия. Мы делаем это: зеркала с LED-подсветкой 7-12 рабочих дней с оплаты, перегородки 15-30, консоли на металле. Гарантия по договору, монтаж по Москве и МО. По партии срок подтвердим в расчёте. Подскажите, закупку ведёт управляющая компания или подрядчик? Если вы, пришлите спецификацию номера - посчитаем за 2 рабочих дня, недостающие данные уточню сама.	нет email, только звонок; сроки и объём реконструкции проверить в статье riamo.ru; ранее отель приостановил деятельность (frontdesk.ru), в письме не упомянуто
174	Коломна Арт Отель (инвестпроект)	К11 Отели и гостиничные компании		не найдено		Отель на 170 номеров в Коломне: зеркала и стекло	Добрый день! В Коломне выделен участок и объявлен инвестпроект гостиницы на 170 номеров. Если проект ваш: в номерах повторяется один набор - зеркало с подсветкой, стекло санузла, консоль. Ошибка в размере умножается на весь фонд, поэтому до партии нужен образец одного изделия на утверждение, условия образца уточню. Мы делаем такой набор под размер номера: зеркала с LED-подсветкой 7-12 рабочих дней с оплаты, стеклянные перегородки санузлов 15-30, консоли на металле. Пришлите спецификацию или концепт номера, когда он появится - посчитаем пакет за 2 рабочих дня, недостающие данные уточню сама. По партии срок подтвердим в расчёте. Если вопрос не к вам, перешлите, пожалуйста, дизайнеру FF&E или управляющей компании отеля.	нет email, только звонок; факт из файла не перепроверен; инвестор/ЛПР не установлен; сначала звонок: узнать имя, письмо после
175	DATA (девелопер)	К8 Девелопер	Артем Кузнецов, основатель/руководитель DATA	ГИПОТЕЗА		«Пирогово Коллекция»: зеркала и стекло для общих зон	Артем, добрый день! Анонс «Пирогово Коллекции» - первый за 10 лет загородный проект с гольф-полем в Подмосковье. В общих зонах и домах таких проектов повторяются одни и те же позиции: зеркала, стеклянные перегородки, консоли и столы. Мы производим это под размер объекта: перегородки 15-30 рабочих дней с оплаты, зеркала с LED-подсветкой 7-12, столы на металле 10-15. Замер и монтаж своими бригадами по Москве и МО, гарантия по договору. Подскажите, отделку общих зон закупаете сами или через генподрядчика? Если сами, пришлите ТЗ или дату тендера - подготовимся заранее.	нет email, только звонок; проверить ЛПР до отправки; ФИО взято из входного файла, поиском не подтверждено; факт из файла не перепроверен
176	G3 GROUP (Джи Три Групп)	К8 Девелопер		не найдено		«Орнамент» в Орехово-Зуеве: зеркала и стекло для МОП	Добрый день! У G3 GROUP открыты продажи нового проекта «Орнамент» в Орехово-Зуеве, а закупки группа ведёт через тендерный канал G3tender. К вводу в лобби и МОП нужны зеркала и стеклянные перегородки, а закупка этих позиций обычно остаётся на самый конец отделки. Производим по размеру объекта: перегородки за 15-30 рабочих дней с оплаты, зеркала с LED-подсветкой за 7-12. Замер и монтаж - своими бригадами по Москве и МО, гарантия по договору. Когда планируете тендер на отделку МОП? Пришлите ТЗ или дату - подготовимся заранее. Если вопрос не к вам, перешлите, пожалуйста, коллеге, который отвечает за тендеры на отделку.	нет email, только звонок; факт из файла не перепроверен; ЛПР не найден: руководителя закупок искать через t.me/G3tender; сначала звонок: узнать имя, письмо после
177	Pine River (Пайн Ривер)	К11 Отели и гостиничные компании		не найдено	info@pineriver.ru	«Пайн Ривер»: зеркала и стекло для номеров и спа	Добрый день! 3 июня на ПМЭФ подписано соглашение о вложении 10 млрд рублей в туркластер «Пайн Ривер» в Жуковском районе, 250+ номеров. На такой фонд зеркала и душевые перегородки удобнее согласовать до старта отделки, после утверждения образца одного изделия. Мы делаем это под размер номера: зеркала с LED-подсветкой 7-12 рабочих дней с оплаты, перегородки 15-30. Гарантия по договору, доставка по России, монтаж в регионе - условия уточню. По партии срок подтвердим в расчёте. Пришлите спецификацию номера или концепт - посчитаем за 2 рабочих дня, недостающие данные уточню сама. Если вопрос не к вам, перешлите, пожалуйста, дизайнеру FF&E или управляющей компании отеля.	факт из файла не перепроверен; email общий (info@pineriver.ru), тел. +7 (495) 230-13-12; объект в Калужской области: монтаж своими бригадами только по Москве и МО; сначала звонок: узнать имя, письмо после
178	Автокласс (ГК «Автокласс»)	К12 Автодилер		не найдено		Дилерские центры Voyah и «Эволют» в Туле: стекло	Добрый день! В марте вы открыли в Туле на Октябрьской улице два дилерских центра, Voyah и «Эволют», по 425 кв. м каждый. В салоне по стандарту бренда нужны стеклянные перегородки кабинетов, столы переговоров, зеркала в зоне ожидания и санузлах. Мы производим это под размер и брендбук: перегородки 15-30 рабочих дней с оплаты, столы на металле 10-15. Производство и сборка в Домодедово, доставка по России, монтаж в регионе - условия уточню. Если брендбук не закрепляет поставщика за маркой, пришлите планировку ближайшего салона или дооснащения - посчитаем за 2 рабочих дня, недостающие данные уточню сама. Если вопрос не к вам, перешлите, пожалуйста, коллеге, который отвечает за открытия салонов.	нет email, только звонок (+7 (4872) 702-701); факт из файла не перепроверен; объект в Туле: монтаж своими бригадами только по Москве и МО; сначала звонок: узнать имя, письмо после
179	Первый Класс	К6 Комплектатор образования		не найдено	info@eduvrn.com	Контракт МКУ «ДЕЗ КС» и стеклянные доски для школ	Добрый день! Контракт от 4 сентября на оборудование для обучения трудовым процессам для МКУ «ДЕЗ КС» - один из более чем 700 ваших контрактов по 44-ФЗ. В ТЗ на школы стекло проверяют строже остального. Мы производим стеклянные маркерные доски из закалённого осветлённого стекла (10-15 рабочих дней с оплаты), зеркала для хореографических и спортивных залов и перегородки в административные зоны. Производство и сборка в Домодедово, доставка по России, монтаж в регионе - условия уточню. Пришлите позицию из ТЗ ближайшего тендера - посчитаем за 2 рабочих дня, недостающие данные уточню сама. Если этим занимается не вы, перешлите, пожалуйста, коллеге, который отвечает за тендеры и закупку оснащения.	факт из файла не перепроверен; email общий (info@eduvrn.com), тел. +7 (473) 202-40-20; сначала звонок: узнать имя, письмо после
180	Школьный арсенал	К6 Комплектатор образования		не найдено	eleksplus@yandex.ru	Красносельская музыкальная школа: зеркала и доски	Добрый день! Видела ваш контракт от 14 сентября на мебель для Красносельской детской музыкальной школы. В музыкальных и хореографических школах кроме мебели нужны зеркала в классах и залах, а в обычных классах стеклянные доски. Мы производим зеркала для хореографических и спортивных залов под размер и стеклянные маркерные доски из закалённого осветлённого стекла (10-15 рабочих дней с оплаты). Производство и сборка в Домодедово, доставка по России, монтаж в регионе - условия уточню, гарантия по договору. Пришлите позицию из ТЗ ближайшего тендера - посчитаем за 2 рабочих дня, недостающие данные уточню сама. Если вопрос не к вам, перешлите, пожалуйста, коллеге, который отвечает за закупку мебели и оснащения.	факт из файла не перепроверен; email общий (eleksplus@yandex.ru), тел. +7 961 245-76-85; сначала звонок: узнать имя, письмо после
181	Главофисторг (Инновационные решения)	К6 Комплектатор образования		не найдено	content@glavofistorg.ru	Поликлиника №1 в Воронеже: перегородки и доски	Добрый день! 9 сентября вы заключили контракты на офисную мебель и тумбы для Воронежской городской клинической поликлиники №1. В поликлиниках рядом с мебелью нужны стеклянные перегородки кабинетов, маркерные доски и зеркала. Мы производим в Домодедово перегородки на стальном или алюминиевом профиле (15-30 рабочих дней с оплаты), стеклянные маркерные доски из закалённого осветлённого стекла (10-15 рабочих дней) и зеркала. Гарантия по договору, доставка по России, монтаж в регионе - условия уточню. Пришлите позицию из ТЗ ближайшего тендера - посчитаем за 2 рабочих дня, недостающие данные уточню сама. Если этим занимается не вы, перешлите, пожалуйста, коллеге, который отвечает за тендеры на поставки в медучреждения.	факт из файла не перепроверен; email content@ похож на адрес контент-отдела, не закупок; тел. +7 473 257-65-65; контракты по медицине, а не по образованию: сегмент К6 условный; сначала звонок: узнать имя, письмо после
182	Спектр знаний	К6 Комплектатор образования		не найдено	lsn@spzn.ru	Токарёвская СОШ: стеклянные доски и зеркала	Добрый день! Видела ваш контракт от 1 июля на мебель для Токарёвской школы. К школьной мебели в комплект часто просят стеклянные доски и зеркала для спортзала, и проще брать их у одного производителя. Мы производим стеклянные маркерные доски из закалённого осветлённого стекла (10-15 рабочих дней с оплаты) и зеркала для спортивных и хореографических залов под размер. Производство и сборка в Домодедово, доставка по России, монтаж в регионе - условия уточню. Пришлите позицию из ТЗ ближайшего тендера - посчитаем за 2 рабочих дня, недостающие данные уточню сама. Если вопрос не к вам, перешлите, пожалуйста, коллеге, который отвечает за закупку оснащения для школ.	факт из файла не перепроверен; email общий (lsn@spzn.ru), тел. +7 903 652-71-38; сначала звонок: узнать имя, письмо после
183	Мебельпроф (Рязань)	К6 Комплектатор образования		не найдено	gluhova@yandex.ru	Школа №8 в Рязани: стеклянные доски и зеркала	Добрый день! 9 сентября вы заключили контракт на мебель для сидения для школы №8 в Рязани. К школьной мебели в комплект часто просят стеклянные доски и зеркала для спортзала, и проще брать их у одного производителя. Мы производим стеклянные маркерные доски из закалённого осветлённого стекла (10-15 рабочих дней с оплаты) и зеркала для спортивных и хореографических залов под размер. Производство и сборка в Домодедово, доставка по России, монтаж в регионе - условия уточню. Пришлите позицию из ТЗ ближайшего тендера - посчитаем за 2 рабочих дня, недостающие данные уточню сама. Если этим занимается не вы, перешлите, пожалуйста, коллеге, который отвечает за тендеры и поставки.	факт из файла не перепроверен; email похож на личный ящик (gluhova@yandex.ru), проверить, что рабочий; тел. +7 491 234-44-41; сначала звонок: узнать имя, письмо после
184	ПК «Мебель Партнер»	К6 Комплектатор образования		не найдено	mebel_lipetsk@mail.ru	Больница №4 в Липецке: перегородки и доски	Добрый день! Видела ваш контракт от 19 сентября на офисные тумбы для Липецкой городской больницы №4. В больницах рядом с мебелью нужны стеклянные перегородки отделений и кабинетов, маркерные доски и зеркала. Мы производим в Домодедово перегородки на стальном или алюминиевом профиле (15-30 рабочих дней с оплаты), стеклянные маркерные доски из закалённого осветлённого стекла (10-15 рабочих дней) и зеркала. Доставка по России, монтаж в регионе - условия уточню. Пришлите позицию из ТЗ ближайшего тендера - посчитаем за 2 рабочих дня, недостающие данные уточню сама. Если вопрос не к вам, перешлите, пожалуйста, коллеге, который отвечает за тендеры на поставки в больницы.	факт из файла не перепроверен; email общий (mebel_lipetsk@mail.ru), тел. +7 474 255-90-07; контракт по медицине, а не по образованию: сегмент К6 условный; сначала звонок: узнать имя, письмо после
185	Стерлинг (МФ Стерлинг)	К6 Комплектатор образования		не найдено	ooo.sterling@yandex.ru	Фатежская ЦРБ: стеклянные перегородки и зеркала	Добрый день! 8 сентября вы заключили контракт на медицинскую мебель для Фатежской ЦРБ. Рядом с мебелью в медучреждениях нужны стеклянные перегородки и зеркала, и проще заказать их у одного производителя. Мы производим в Домодедово перегородки на стальном или алюминиевом профиле (15-30 рабочих дней с оплаты) и зеркала под размер. Доставка по России, монтаж в регионе - условия уточню, гарантия по договору. Пришлите позицию из ТЗ ближайшего тендера - посчитаем за 2 рабочих дня, недостающие данные уточню сама. Если этим занимается не вы, перешлите, пожалуйста, коллеге, который отвечает за закупку для медучреждений.	факт из файла не перепроверен; email общий (ooo.sterling@yandex.ru), тел. +7 904 525-84-70; контракт по медицине, а не по образованию: сегмент К6 условный; сначала звонок: узнать имя, письмо после
186	ГК Развитие	К8 Девелопер		не найдено	info@rzv.ru	БЦ «Сенатор» и ЖК «Нега»: перегородки и зеркала	Добрый день! У ГК «Развитие» стартовали продажи шестого корпуса курортного ЖК «Нега», а в Воронеже развивается БЦ «Сенатор». В БЦ стеклянные перегородки часто самая долгая позиция по сроку, а в лобби и МОП повторяются зеркала и стойки. Мы производим это в Домодедово под размер объекта: перегородки 15-30 рабочих дней с оплаты, зеркала с LED-подсветкой 7-12. Гарантия по договору, доставка по России, монтаж в регионе - условия уточню. Пришлите ТЗ или дату тендера на отделку МОП - подготовимся заранее. Если вопрос не к вам, перешлите, пожалуйста, коллеге, который отвечает за закупку отделки и тендеры.	факт из файла не перепроверен; email общий (info@rzv.ru), тел. +7 (473) 260-22-00; объекты вне Москвы и МО: монтаж своими бригадами только по Москве и МО; сначала звонок: узнать имя, письмо после
187	ГК ОСТ	К8 Девелопер		не найдено	gk@ost71.ru	ЖК «Белкина» и «Прайм»: зеркала и стекло для лобби	Добрый день! Продажи нового проекта «Белкина» у ГК ОСТ стартовали, а «Прайм Энгельса» назвали в числе лучших ЖК России по потребительским качествам. Зеркала в лобби, стеклянные перегородки, стойки ресепшен - позиции, которые закупают в конце и в сжатый срок. Мы производим это в Домодедово под размер объекта: перегородки 15-30 рабочих дней с оплаты, зеркала с LED-подсветкой 7-12. Гарантия по договору, доставка по России, монтаж в регионе - условия уточню. Если есть ТЗ или планировки МОП, пришлите - посчитаем за 2 рабочих дня, недостающие данные уточню сама. Если этим занимается не вы, перешлите, пожалуйста, коллеге, который отвечает за закупки на отделку МОП.	факт из файла не перепроверен; email общий (gk@ost71.ru), тел. +7 (4872) 544-066; объекты вне Москвы и МО: монтаж своими бригадами только по Москве и МО; сначала звонок: узнать имя, письмо после
188	ИСГ Мармакс	К8 Девелопер		не найдено	info@marmax.ru	«Проспект Ленина» в Туле: зеркала и стекло для лобби	Добрый день! Офис продаж нового проекта «Проспект Ленина» в Туле открыт, а закупки вы ведёте на площадке tender.marmax.ru. Стекло в МОП и лобби обычно добирают в самом конце отделки, когда сроки уже поджимают. Мы производим это в Домодедово под размер объекта: перегородки 15-30 рабочих дней с оплаты, зеркала с LED-подсветкой 7-12. Гарантия по договору, доставка по России, монтаж в регионе - условия уточню. Когда планируете тендер на отделку МОП? Пришлите ТЗ или дату - подготовимся заранее. Если вопрос не к вам, перешлите, пожалуйста, коллеге, который отвечает за закупку отделки.	факт из файла не перепроверен; email общий (info@marmax.ru), тел. +7 (4912) 500-005; регион в файле Рязанская область, объект в Туле; монтаж своими бригадами только по Москве и МО; сначала звонок: узнать имя, письмо после
189	ГК Проект Инвест	К8 Девелопер		не найдено		Шоурум в ЖК «Навигатор»: зеркала LED и перегородки	Добрый день! В ЖК «Навигатор» открыт новый шоурум «Квартира в готовом интерьере». В готовом интерьере зеркала, перегородки и столы покупатель видит сразу, и они работают как часть продажи. Мы производим это в Домодедово под размер: зеркала с LED-подсветкой 7-12 рабочих дней с оплаты, перегородки 15-30, столы на металле 10-15. Гарантия по договору, доставка по России, монтаж в регионе - условия уточню. Пришлите список позиций шоурума или ТЗ на лобби - посчитаем за 2 рабочих дня, недостающие данные уточню сама. Если этим занимается не вы, перешлите, пожалуйста, коллеге, который отвечает за закупку для шоурумов и лобби.	нет email, только звонок (+7 (473) 232-17-17); факт из файла не перепроверен; объект вне Москвы и МО: монтаж своими бригадами только по Москве и МО; сначала звонок: узнать имя, письмо после
190	Buro Bove	К10 Архитектор / дизайн-бюро		не найдено		«Ванта» и Best Office Awards: стекло в спецификацию	Добрый день! Победа в Best Office Awards 2026 с проектом «Ванта» - поздравляю. В офисных интерьерах стеклянные перегородки и доски входят в планировку, и от их срока зависит сдача. Стекло в спецификации чаще всего подводит на объекте: не хватает срока или нужен нестандартный размер, и позицию заменяют на то, что есть. Мы производим перегородки (15-30 рабочих дней с оплаты), стеклянные маркерные доски (10-15) и столы на металле (10-15), под размер проекта. Могу прислать материалы для спецификаций и привезти образцы стекла и профиля в бюро. Удобно на этой или следующей неделе? Если вопрос не к вам, перешлите, пожалуйста, коллеге, который отвечает за спецификации и комплектацию.	нет email, только звонок; факт из файла не перепроверен; основатель/партнёр не найден; тел. +7 916 402-68-41: проверить, что публичный корпоративный; сначала звонок: узнать имя, письмо после
191	LTV Group Design	К10 Архитектор / дизайн-бюро		не найдено	info@ltvgroup.ru	Моторика, РУСБУМТОРГ, ЭГГЕР: перегородки и стекло	Добрый день! Три проекта LTV Group Design вошли в номинанты Best Office Awards 2026: «Моторика», РУСБУМТОРГ и ЭГГЕР. В офисных проектах перегородки переговорных и стеклянные доски закладывают с первых чертежей. Заложенное в проект стекло на объекте нередко меняют на то, что есть: не успевают по срокам или не подходит размер. Мы производим перегородки (15-30 рабочих дней с оплаты), стеклянные маркерные доски (10-15) и зеркала с LED-подсветкой (7-12), под размер проекта. Могу прислать материалы для спецификаций и привезти образцы стекла и профиля в бюро. Удобно на этой или следующей неделе? Если этим занимается не вы, перешлите, пожалуйста, коллеге, который отвечает за комплектацию проектов.	факт из файла не перепроверен; email общий (info@ltvgroup.ru); юрлицо по ЕГРЮЛ не определено; сначала звонок: узнать имя, письмо после
192	Makedesign	К10 Архитектор / дизайн-бюро	Виктория Лукьянова; Диана Карнаухова, руководители студии (архитекторы-основатели)	ГИПОТЕЗА	md@makedes.ru	Makedesign: стекло и зеркала в спецификацию	Виктория, Диана, добрый день! Проект «Среда», который Makedesign сделала вместе с BoConcept для дизайн-сообщества, попался мне в открытых источниках. В жилых и ресторанных проектах стеклянные перегородки, зеркала и столы часто определяют срок сдачи. Когда бюро закладывает стекло в спецификацию, на объекте часто упираются в срок или нестандартный размер, и позицию меняют на то, что есть. Мы производим перегородки (15-30 рабочих дней с оплаты), зеркала с LED-подсветкой (7-12) и столы на металле (10-15), под размер проекта. Могу привезти в бюро образцы стекла и профиля и оставить материалы для спецификаций. Удобно на этой или следующей неделе? Если не актуально, ответьте одним словом.	проверить ЛПР до отправки; факт не подтверждён: дата источника про проект «Среда» не подтверждена, профиль сторонний, в письме смягчено
193	KNKO (бюро Антона Кононенко)	К10 Архитектор / дизайн-бюро	Антон Кононенко, основатель и руководитель бюро	ДАННЫЕ	office@knko.pro	Комплектатор интерьеров в KNKO: стекло и зеркала	Антон, добрый день! Видела вашу вакансию комплектатора интерьеров. Обычно комплектация упирается в позиции, которых нет в каталогах фабрик: перегородки и зеркала нестандартного размера, срок и монтаж. Стекло в спецификации чаще всего подводит на объекте: не хватает срока или нужен нестандартный размер, и позицию заменяют на то, что есть. Мы производим перегородки (15-30 рабочих дней с оплаты), зеркала с LED-подсветкой (7-12) и столы на металле (10-15), под размер проекта, с замером и монтажом своими бригадами по Москве и МО. Могу привезти в бюро образцы стекла и профиля и оставить материалы для спецификаций. Удобно на этой или следующей неделе? Если тема не ваша, подскажите, кому переслать.	факт из файла не перепроверен; на knko.pro/team также главный архитектор Елена Миллер и арт-директор Тимофей Лаевский: главный архитектор тоже целевая роль
194	Студия дизайна интерьера Елены Крыловой	К10 Архитектор / дизайн-бюро	Елена Крылова, основатель студии	ГИПОТЕЗА	pr@helendesign.ru	Студия Елены Крыловой: стекло и зеркала под размер	Елена, добрый день! Видела вашу вакансию руководителя проектов. Руководителю проектов важнее всего, чтобы позиции приходили в срок, а стекло и зеркала нестандартного размера чаще всего этот срок сдвигают. Заложенное в проект стекло на объекте нередко меняют на то, что есть: не успевают по срокам или не подходит размер. Мы производим перегородки (15-30 рабочих дней с оплаты), зеркала с LED-подсветкой (7-12) и столы на металле (10-15) под размер проекта. Могу привезти в бюро образцы стекла и профиля и оставить материалы для спецификаций. Удобно на этой или следующей неделе? Если этим занимается другой человек, подскажите, кому переслать.	проверить ЛПР до отправки; email pr@ - PR-адрес, не закупки; источники по студии сторонние и старые; факт из файла не перепроверен
195	DAAS BURO	К10 Архитектор / дизайн-бюро	Алексей Семеняк; Анастасия Долгина, руководители бюро (архитектор; дизайнер)	ДАННЫЕ	inbox@daasburo.com	DAAS BURO: перегородки и зеркала для спецификаций	Алексей, Анастасия, добрый день! В DAAS BURO открыта вакансия архитектора-визуализатора. Когда бюро растёт, стекло в проектах приходится закладывать быстрее, а нестандартный размер и срок обычно всплывают уже на объекте. Когда бюро закладывает стекло в спецификацию, на объекте часто упираются в срок или нестандартный размер, и позицию меняют на то, что есть. Мы производим перегородки (15-30 рабочих дней с оплаты), зеркала с LED-подсветкой (7-12) и стеклянные маркерные доски (10-15), под размер проекта. Привезу в бюро образцы стекла и профиля, материалы для спецификаций пришлю заранее. Когда вам удобно, на этой или следующей неделе? Если сейчас не до этого, ответьте одним словом.	уточнить, кто из двоих решает по закупкам; факт из файла не перепроверен
196	ROOT BOX (студия Татьяны Мирошниченко)	К10 Архитектор / дизайн-бюро	Татьяна Мирошниченко, основатель студии	ГИПОТЕЗА	rootbox.design@gmail.com	ROOT BOX: перегородки и зеркала для квартир	Татьяна, добрый день! Видела на сайте студии вакансию дизайнера интерьера и менеджера проекта. В квартирах сроки чаще всего сдвигают перегородки и зеркала нестандартного размера. Стекло в спецификации чаще всего подводит на объекте: не хватает срока или нужен нестандартный размер, и позицию заменяют на то, что есть. Мы производим перегородки (15-30 рабочих дней с оплаты) и зеркала с LED-подсветкой (7-12) под размер проекта, с замером и монтажом своими бригадами по Москве и МО. Привезу в бюро образцы стекла и профиля, материалы для спецификаций пришлю заранее. Когда вам удобно, на этой или следующей неделе? Если не актуально, ответьте одним словом.	проверить ЛПР до отправки; дата вакансии не подтверждена, в письме без даты; факт из файла не перепроверен; email gmail.com: проверить, что рабочий
197	FIVE Architects	К10 Архитектор / дизайн-бюро	Штефан Ротарь; Владислав Киселев, основатели бюро	ДАННЫЕ	hello@five-archi.ru	«Папушево Парк»: перегородки и стол на металле	Штефан, Владислав, добрый день! На сайте бюро есть коттеджный посёлок «Папушево Парк» в Одинцовском районе, реализация 2021-2026. В загородных проектах стеклянные перегородки, зеркала и столы часто упираются в срок или нестандартный размер. Заложенное в проект стекло на объекте нередко меняют на то, что есть: не успевают по срокам или не подходит размер. Мы производим перегородки (15-30 рабочих дней с оплаты), зеркала с LED-подсветкой (7-12) и столы на металле (10-15), под размер проекта. Привезу в бюро образцы стекла и профиля, материалы для спецификаций пришлю заранее. Когда вам удобно, на этой или следующей неделе? Если тема не ваша, подскажите, кому переслать.	факт из файла не перепроверен; в письме использован альтернативный факт (КП «Папушево Парк», five-archi.ru/works/kpp/) вместо вакансии дизайнера интерьеров
198	AXIOM (архитектурное бюро)	К10 Архитектор / дизайн-бюро		не найдено	info@remont-axiom.ru	Вакансия дизайнера интерьера: перегородки и зеркала	Добрый день! Видела вашу вакансию дизайнера интерьера. В квартирах под ключ сроки чаще всего сдвигают перегородки и зеркала нестандартного размера. Когда бюро закладывает стекло в спецификацию, на объекте часто упираются в срок или нестандартный размер, и позицию меняют на то, что есть. Мы производим перегородки в стиле лофт на стальном профиле (15-30 рабочих дней с оплаты) и зеркала с LED-подсветкой (7-12) под размер проекта, с замером и монтажом своими бригадами по Москве и МО. Могу прислать материалы для спецификаций и привезти образцы стекла и профиля в бюро. Удобно на этой или следующей неделе? Если вопрос не к вам, перешлите, пожалуйста, коллеге, который отвечает за спецификации интерьеров.	факт из файла не перепроверен; ЛПР не найден: в выдаче несколько ООО «Аксиом» (ИНН 9709028771, 9727101992), связь с remont-axiom.ru не подтверждена; возможно, это ремонтная компания, а не бюро; сначала звонок: узнать имя, письмо после
199	Marion Studio	К10 Архитектор / дизайн-бюро	Мария Мироненко, основатель и ведущий дизайнер; Маргарита Мельникова, ведущий дизайнер	ГИПОТЕЗА	info@marionstudio.ru	Marion Studio: зеркала и стеклянные столы	Мария, Маргарита, добрый день! Видела вашу вакансию дизайнера интерьера. В частных интерьерах зеркала и стеклянные столы обычно делают под конкретный размер, и на них уходит больше всего срока. Стекло в спецификации чаще всего подводит на объекте: не хватает срока или нужен нестандартный размер, и позицию заменяют на то, что есть. Мы производим зеркала с LED-подсветкой (7-12 рабочих дней с оплаты) и столы на металле (10-15) под размер проекта. Могу прислать материалы для спецификаций и привезти образцы стекла и профиля в бюро. Удобно на этой или следующей неделе? Если сейчас не до этого, ответьте одним словом.	проверить ЛПР до отправки; факт не подтверждён: вакансия в Дубае и выход на рынок ОАЭ в выдаче не подтверждены, в письме не использованы; профиль студии сторонний, без даты
200	TB.Design (студия Татьяны Безверхой) / Суперкварт…	К10 Архитектор / дизайн-бюро	Татьяна Безверхая, основатель и владелец TB.Design и Суперквартиры	ГИПОТЕЗА	info@tbdesign.pro	«Суперквартира»: зеркала LED и раздвижные перегородки	Татьяна, добрый день! Видела вашу вакансию дизайнера интерьеров для жилых проектов «Суперквартиры by TB.Design». В малых квартирах каждый сантиметр считается, и зеркала и перегородки почти всегда нужны под нестандартный размер. Заложенное в проект стекло на объекте нередко меняют на то, что есть: не успевают по срокам или не подходит размер. Мы производим зеркала с LED-подсветкой (7-12 рабочих дней с оплаты) и раздвижные перегородки (15-30) под размер проекта. Могу прислать материалы для спецификаций и привезти образцы стекла и профиля в бюро. Удобно на этой или следующей неделе? Если не актуально, ответьте одним словом.	проверить ЛПР до отправки; профили сторонние, в выдаче события 2024 года; факт из файла не перепроверен
201	Пелетон (Peleton)	К12 Автодилер		не найдено	info@tenetplus-peleton.ru	Салон Tenet Plus в Коммунарке: перегородки и стекло	Добрый день! Дилерский центр нового бренда Tenet Plus в Коммунарке открыт. К открытию салона нужны стеклянные перегородки переговорных и кабинетов, столы переговоров, зеркала в зону ожидания. Мы производим это под размер и брендбук: перегородки 15-30 рабочих дней с оплаты, столы на металле 10-15, монтаж своими бригадами по Москве и МО. Подскажите, брендбук интерьера Tenet Plus закрепляет поставщика мебели или вы выбираете сами? Если сами, пришлите планировку - посчитаем за 2 рабочих дня, недостающие данные уточню сама. Если этим занимается не вы, перешлите, пожалуйста, коллеге, который отвечает за открытие салонов.	факт из файла не перепроверен; уточнить адрес ДЦ: на Яндекс.Картах Tenet Пелетон (МКАД 33 км) и Peleton автомолл (МКАД 44 км); юрлицо дилера не определено; Дмитрий Максимов (директор бренда Tenet Plus) не ЛПР дилера; сначала звонок: узнать имя, письмо после
202	Сонг Моторс (Song Motors)	К12 Автодилер		не найдено	info@songmotors.ru	Салон Tenet Plus на МКАД 26 км: перегородки и стекло	Добрый день! Дилерский центр нового бренда Tenet Plus на МКАД 26 км открыт. К открытию салона нужны стеклянные перегородки переговорных и кабинетов, столы переговоров, зеркала в зону ожидания. Мы производим это под размер и брендбук: перегородки 15-30 рабочих дней с оплаты, столы на металле 10-15, монтаж своими бригадами по Москве и МО. Подскажите, брендбук интерьера Tenet Plus закрепляет поставщика мебели или вы выбираете сами? Если сами, пришлите планировку - посчитаем за 2 рабочих дня, недостающие данные уточню сама. Если вопрос не к вам, перешлите, пожалуйста, коллеге, который отвечает за открытие салона.	факт из файла не перепроверен; сначала звонок: узнать имя, письмо после
203	Privé7 (сеть салонов красоты премиум)	К13 Ресторанные группы и сети	Ирина Митрошкина; Сусанна Карпова, сооснователи сети Privé7	ГИПОТЕЗА	info@prive7.com	Зеркала с LED для новых салонов Privé7	Ирина, Сусанна, добрый день! Среди городов на сайте Privé7 - Сочи и Тула. В салонах каждое новое открытие - серия одинаковых рабочих мест: зеркала мастеров, перегородки кабинетов, консоли. Мы производим зеркала с LED-подсветкой под размер места, 7-12 рабочих дней с оплаты, стеклянные перегородки на стальном или алюминиевом профиле, 15-30, и столы на металле, 10-15. Доставка по России. Пришлите спецификацию одного рабочего места или планировку следующего салона - посчитаем за 2 рабочих дня, недостающие данные уточню сама. По партии срок подтвердим в расчёте. Если сейчас не до этого, ответьте одним словом.	проверить ЛПР до отправки; сегмент в базе неверный: салоны красоты, не ресторан; факт не подтверждён: источник около 2020 года, Privé7 Sochi уже есть в выдаче (ул. Несебрская), что именно анонсировано на 2026 - проверить; в письме смягчено; факт из файла не перепроверен
204	Casa Ricca EXPO	К14 Салон дизайнерской мебели		не найдено		IDEAL DESIGN SPACE: зеркала со склада в экспозицию	Добрый день! Новому выставочному проекту IDEAL DESIGN SPACE на третьем этаже Casa Ricca EXPO нужны изделия, которые можно поставить в экспозицию без долгого ожидания. Площадь проекта планируют расширить до 7000+ кв. м в 2026-2027. Производство и сборка в Домодедово, металл режем и красим сами. Зеркала с LED-подсветкой под размер - 7-12 рабочих дней с оплаты, часть зеркал на складе, отгрузка 1-3 рабочих дня. Приглашаю в шоурум посмотреть зеркала вблизи. Удобно на этой или следующей неделе? Если вопрос не к вам, перешлите, пожалуйста, коллеге, который отвечает за экспозицию и закупки.	нет email, только звонок; ЛПР не найден: Руслан Чернобаев (президент ADDAWARDS) - инициатор IDEAL DESIGN SPACE, но не собственник Casa Ricca EXPO; год события (9 сентября 2026) взят из файла, в письме дата не названа; сначала звонок: узнать имя, письмо после
205	Мой Кабинет	К1 Сервисные офисы / коворкинги		не найдено	info@mycabi.net	Перегородки для «Моего Кабинета»: набор на локацию	Добрый день! Гибкий офис в «Говорово» у вас открыт. На каждой новой локации повторяется один набор: перегородки для нарезки кабинетов, зеркала в санузлах. Обычно его заново согласуют и ждут под каждый объект. Производство и сборка в Домодедово, металл режем и красим сами. Перегородки 15-30 рабочих дней с оплаты, монтаж своими бригадами по Москве и МО. Типовую спецификацию можно зафиксировать один раз и повторять на каждой локации. Пришлите планировку ближайшей локации - посчитаю с техотделом за 2 рабочих дня, недостающие данные уточню сама. По партии срок подтвердим в расчёте. Если этим занимается не вы, перешлите, пожалуйста, коллеге, который отвечает за открытие локаций.	факт из файла не перепроверен; email общий (info@mycabi.net); ЛПР не найден на mycabi.net (компания управляет БЦ Сириус Парк, Виктори Парк, Лейпциг, Говорово); Space 1 в письме не упомянут: это конкурент; сначала звонок: узнать имя, письмо после
206	Тёплое место	К1 Сервисные офисы / коворкинги		не найдено	vsem@teplo.moscow	«Тёплое место»: перегородки и доски для рабочих зон	Добрый день! Пишу по информации об открытии «Тёплого места» летом в центре Москвы. На каждой новой локации повторяется один набор: перегородки для кабинетов, стеклянные доски, зеркала. Обычно его заново согласуют и ждут под каждый объект. Производство и сборка в Домодедово, металл режем и красим сами. Перегородки 15-30 рабочих дней с оплаты, стеклянные маркерные доски 10-15, монтаж своими бригадами по Москве и МО. Пришлите планировку ближайшей локации - посчитаю с техотделом за 2 рабочих дня, недостающие данные уточню сама. По партии срок подтвердим в расчёте. Если вопрос не к вам, перешлите, пожалуйста, коллеге, который отвечает за открытие локаций.	факт не подтверждён: проект и сайт teplo.moscow в выдаче не подтвердились, проверить руками; в письме смягчено; факт из файла не перепроверен; сначала звонок: узнать имя, письмо после
207	Inspira (ex. GDB)	К2 Офисный дилер-комплектатор		не найдено	info@inspiraspace.ru	Virtus.pro на Best Office Awards: стекло в спецификацию	Добрый день! Проект для Virtus.pro вошёл в номинанты Best Office Awards 2026. В таких офисах мебель приходит в срок, а стеклянные перегородки и доски часто добирают отдельно и ждут дольше всего. GENGLASS производит перегородки, стеклянные маркерные доски и столы на металле под размер проекта. Их можно ставить в спецификацию как свою позицию, условия работы под вашим брендом обсудим. Перегородки 15-30 рабочих дней с оплаты, доски 10-15. Пришлите одну текущую спецификацию со стеклом - посчитаем за 2 рабочих дня, недостающие данные уточню сама. Сравните со своим поставщиком. Если этим занимается не вы, перешлите, пожалуйста, коллеге, который отвечает за закупку стекла и комплектацию.	факт из файла не перепроверен; ребрендинг GDB на Inspira не подтверждён поиском, в письме не использован; ЛПР не найден; сначала звонок: узнать имя, письмо после
208	Pridex	К3 Офисная фабрика-интегратор	Кирилл Бренев, генеральный директор Pridex (по странице руководства)	ГИПОТЕЗА	info@pridex.ru	Next Products 2026 и стекло для ваших проектов	Кирилл, добрый день! Платформа Pridex для управления доступом в бизнес-центрах вошла в номинанты Next Products 2026. В офисных проектах под ключ стеклянные перегородки, доски и зеркала обычно закупают отдельно, и на них проект ждёт стороннего подрядчика. Мы работаем как субподрядчик по стеклу: перегородки на стальном или алюминиевом профиле (15-30 рабочих дней с оплаты), стеклянные маркерные доски (10-15), зеркала с LED-подсветкой (7-12). Счёт идёт вам, с вашими заказчиками напрямую не работаем. Пришлите одну позицию со стеклом из текущего проекта - посчитаем за 2 рабочих дня, недостающие данные уточню сама. Если тема не ваша, подскажите, кто у вас отвечает за закупку комплектующих.	проверить ЛПР до отправки; дата страницы руководства неизвестна; есть пресс-релиз «В PRIDEX новый генеральный директор» (pridex.ru/press/releases/4717), не открывали; возможный ЛПР по fit-out: Сергей Волков, директор по строительству (pridex.ru/team/top_management/construction_directo); Андрей Серяков - ГД Pridex Technology (ИТ-интегратор), другая структура; проверить, что у Pridex есть направление fit-out (в выдаче платформа управления доступом); факт из файла не перепроверен
209	Гартлекс (мебельная фабрика)	К3 Офисная фабрика-интегратор	Сергей Добашин, генеральный директор (по данным агрегатора)	ГИПОТЕЗА	gartlex@gartlex.ru	Гартлекс: стеклянные столы и перегородки для HoReCa	Сергей Михайлович, добрый день! У Гартлекса шесть открытых вакансий, среди них менеджеры по оптовым продажам офисной и HoReCa-мебели. К мягкой мебели для офисов и HoReCa обычно нужны зоны ожидания и лаунжи, а стеклянные столы, консоли и перегородки в мебельном цеху обычно не делают, и на них проект ждёт подрядчика. Мы работаем как поставщик стекла и металла для мебельных фабрик: столы на металле (10-15 рабочих дней с оплаты), перегородки (15-30), зеркала с LED-подсветкой (7-12). Условия работы под вашим брендом обсудим. Пришлите одну позицию из текущего проекта - посчитаем за 2 рабочих дня, недостающие данные уточню сама. Если тема не ваша, подскажите, кому переслать.	проверить ЛПР до отправки; ФИО повторной проверкой не подтверждено, вероятно данные ЕГРЮЛ-агрегатора: проверить на rusprofile/checko; факт из файла не перепроверен
210	МЕТТА (Metta)	К3 Офисная фабрика-интегратор	Амир Фаткуллин, генеральный директор ООО «Компания «Метта» (ГД по ЕГРЮЛ с 2018-12-13)	ГИПОТЕЗА	internet-shop@metta.ru	Метта: стекло для совместных офисных комплектаций	Амир Анварович, добрый день! У Метты 19 открытых вакансий в Москве и области, среди них менеджер по работе с ключевыми клиентами. В крупных офисных заказах рядом с мебелью обычно просят перегородки, стеклянные доски и столы, и на них проект ждёт стороннего подрядчика. Мы работаем как субподрядчик по стеклу: перегородки на стальном или алюминиевом профиле (15-30 рабочих дней с оплаты), стеклянные маркерные доски (10-15), столы на металле (10-15). Счёт идёт вам, с вашими заказчиками напрямую не работаем. Пришлите одну позицию со стеклом из текущего проекта - посчитаем за 2 рабочих дня, недостающие данные уточню сама. Если тема не ваша, подскажите, кто в B2B-отделе отвечает за закупку комплектующих.	проверить ЛПР до отправки; email internet-shop@ - адрес интернет-магазина, не B2B; юрлицо в Уфе (ИНН 0275039651), актуальность не проверена; коммерческий директор не найден; факт из файла не перепроверен
211	3К Мебель (Три К Мебель)	К4 HoReCa-комплектатор		не найдено	info@3kmebel.ru	Зеркала и стекло к вашим HoReCa-объектам	Добрый день! Вы ищете менеджера по оптовым продажам мебели для ресторанов, отелей и ТЦ, и новые объекты у вас идут каждый месяц. К столам и стульям на таких объектах часто добавляются зеркала и стеклянные перегородки, и комплектация ждёт отдельного подрядчика. Мы производим столы на металле (10-15 рабочих дней с оплаты), зеркала с LED-подсветкой (7-12) и стеклянные перегородки (15-30) под размер объекта. Перед партией сделаем образец одного изделия на утверждение, условия образца уточню. Пришлите спецификацию одного объекта - посчитаем за 2 рабочих дня, недостающие данные уточню сама. По партии срок подтвердим в расчёте. Если этим занимается не вы, перешлите, пожалуйста, коллеге, который отвечает за закупку мебели для объектов HoReCa.	факт из файла не перепроверен; ЛПР не найден: на 3kmebel.ru имён нет (ООО «Три К Мебель», ул. Суворовская 8); сначала звонок: узнать имя, письмо после
212	Hutton Development	К8 Девелопер		не найдено	info@hutton.ru	NOMAN: перегородки и зеркала для помещений резидентов	Добрый день! В промпарке NOMAN Hutton начала передавать помещения резидентам после ввода в эксплуатацию. В офисных блоках стеклянные перегородки обычно самая долгая позиция по сроку, а в общих зонах нужны зеркала. Производим по размеру объекта: перегородки за 15-30 рабочих дней с оплаты, зеркала с LED-подсветкой за 7-12. Замер и монтаж - своими бригадами по Москве и МО, гарантия по договору. Пришлите планировку одного офисного блока - посчитаем за 2 рабочих дня, недостающие данные уточню сама. Если вопрос не к вам, перешлите, пожалуйста, коллеге, который отвечает за закупку перегородок.	факт из файла не перепроверен; ЛПР не искали: лимит поиска исчерпан; сначала звонок: узнать имя, письмо после
213	ОМ Девелопмент (OM Group)	К8 Девелопер		не найдено	pr@om.group	«ОМ Ботанический»: зеркала и стекло для МОП	Добрый день! 17 июня вы получили РНС на новый проект «ОМ Ботанический», начались продажи. Стекло в МОП и лобби обычно добирают в самом конце отделки, когда сроки уже поджимают. Можем взять на себя всю стеклянную часть: перегородки (15-30 рабочих дней с оплаты), зеркала с LED-подсветкой (7-12), замер и монтаж по Москве и МО, гарантия по договору. Если есть ТЗ или планировки МОП, пришлите - посчитаем за 2 рабочих дня, недостающие данные уточню сама. Если этим занимается не вы, перешлите, пожалуйста, коллеге, который отвечает за тендеры и закупки.	факт из файла не перепроверен; ЛПР не искали: лимит поиска исчерпан; email pr@ - PR-адрес, не закупки; из колонки «что предложить» про «Станиславского» к сдаче 2027 в письме не использовано; сначала звонок: узнать имя, письмо после
214	Талан (Москва)	К8 Девелопер		не найдено	info_77@talan.group	Талан в Москве: зеркала и стекло для МОП к вводу	Добрый день! 31 августа Талан отметил год в Москве, а 5 августа выбрана управляющая компания INJOY: объект готовится к вводу. К вводу в лобби и МОП нужны зеркала и стеклянные перегородки, а закупка этих позиций обычно остаётся на самый конец отделки. Производим по размеру объекта: перегородки за 15-30 рабочих дней с оплаты, зеркала с LED-подсветкой за 7-12. Замер и монтаж - своими бригадами по Москве и МО, гарантия по договору. Пришлите ТЗ или дату тендера на отделку МОП INJOY - подготовимся заранее. Если вопрос не к вам, перешлите, пожалуйста, коллеге, который отвечает за отделку и закупки.	факт из файла не перепроверен; ЛПР не искали: лимит поиска исчерпан; регистрацию на тендерной площадке из колонки «что предложить» в письме не использовали; сначала звонок: узнать имя, письмо после
215	ГК Новард	К8 Девелопер		не найдено	inf@novard.ru	ЖК «Васильева, 64»: зеркала и стекло для МОП	Добрый день! 21 сентября получено разрешение на строительство ЖК «Васильева, 64». Зеркала в лобби, стеклянные перегородки, стойки ресепшен - позиции, которые закупают в конце и в сжатый срок. Мы производим это под размер объекта: перегородки 15-30 рабочих дней с оплаты, зеркала с LED-подсветкой 7-12. Замер и монтаж своими бригадами по Москве и МО, гарантия по договору. Когда планируете тендер на отделку МОП? Пришлите ТЗ или дату - подготовимся заранее. Если этим занимается не вы, перешлите, пожалуйста, коллеге, который отвечает за отделку МОП и лобби.	факт из файла не перепроверен; ЛПР не искали: лимит поиска исчерпан; сначала звонок: узнать имя, письмо после
216	ГК Север	К8 Девелопер		не найдено	office@sever-group.ru	Тюмень, КРТ: зеркала и стекло для МОП	Добрый день! 1 сентября администрация Тюмени выдала ГК «Север» разрешение на КРТ. На МОП и в лобби повторяются одни и те же позиции: зеркала, стеклянные перегородки, стойки. Их обычно закупают последними и в сжатый срок. Мы производим это под размер объекта: перегородки 15-30 рабочих дней с оплаты, зеркала с LED-подсветкой 7-12. Доставка по России, монтаж в регионе - условия уточню, гарантия по договору. Если есть ТЗ или планировки МОП, пришлите - посчитаем за 2 рабочих дня, недостающие данные уточню сама. Если вопрос не к вам, перешлите, пожалуйста, коллеге, который отвечает за тендеры на отделку.	факт из файла не перепроверен; ЛПР не искали: лимит поиска исчерпан; регион в базе Москва, объект в Тюмени: монтаж своими бригадами только по Москве и МО; «МФК Диус» из колонки «что предложить» в письме не использован, связь с фактом не подтверждена; сначала звонок: узнать имя, письмо после
217	UNIVERSUM PROJECT	К9 Fit-out подрядчик		не найдено		Перегородки для проектов UNIVERSUM PROJECT	Добрый день! В профиле UNIVERSUM PROJECT на Officenext есть проект, номинированный на Best Office Awards 2026. В офисном fit-out стеклянные перегородки часто самая долгая позиция по сроку и первая, из-за которой сдвигается сдача. Производство и сборка в Домодедово, металл режем и красим сами. Перегородки: фиксированные, распашные, раздвижные, каскадные, профиль сталь или алюминий. Изготовление 15-30 рабочих дней с оплаты, монтаж своими бригадами по Москве и МО или поставка без монтажа. Пришлите планировку или спецификацию по стеклу текущего объекта - посчитаем оба варианта за 2 рабочих дня, недостающие данные уточню сама. Если этим занимается не вы, перешлите, пожалуйста, коллеге, который отвечает за закупку перегородок.	нет email, только звонок; факт из файла не перепроверен; ЛПР не искали: лимит поиска исчерпан; сначала звонок: узнать имя, письмо после
218	Фреш (маркетплейс «Фреш»)	К12 Автодилер		не найдено		Хаб в Тамбове на 7200 кв. м: перегородки и столы	Добрый день! В Тамбове у Фреша открыт хаб на 7200 кв. м. Рядом со складом в таком хабе есть офисная часть: кабинеты и переговорные, где нужны стеклянные перегородки и столы. Мы производим это под размер: перегородки 15-30 рабочих дней с оплаты, столы на металле 10-15. Типовой комплект можно зафиксировать один раз и повторять на каждом хабе. Производство и сборка в Домодедово, доставка по России, монтаж в регионе - условия уточню. Пришлите планировку офисной части хаба - посчитаем за 2 рабочих дня, недостающие данные уточню сама. Если вопрос не к вам, перешлите, пожалуйста, коллеге, который отвечает за открытие новых хабов.	нет email, только звонок; сегмент в базе неверный: маркетплейс/логистика, не автодилер; факт из файла не перепроверен; ЛПР не искали: лимит поиска исчерпан; сначала звонок: узнать имя, письмо после
219	Смело (группа Сергея Слабунова)	К13 Ресторанные группы и сети	Сергей Слабунов, владелец (из входного файла)	ГИПОТЕЗА		Paca Mama: набор зеркал и стекла на каждую площадку	Сергей, добрый день! В сентябре создана объединённая группа «Смело», а сеть Paca Mama открыла 14-ю площадку в конце августа, 15-я запланирована на этот год. Когда открытия идут одно за другим, набор стекла и зеркал лучше зафиксировать один раз и повторять. Мы производим это: зеркала с LED-подсветкой 7-12 рабочих дней с оплаты, перегородки для банкетных залов и зон 15-30, столы на металле 10-15. Производство и сборка в Домодедово, доставка по России, монтаж в регионе - условия уточню. Пришлите список позиций следующего открытия - посчитаем за 2 рабочих дня, недостающие данные уточню сама. Если сейчас не до этого, ответьте одним словом.	нет email, только звонок; проверить ЛПР до отправки; факт из файла не перепроверен; ЛПР не искали: лимит поиска исчерпан
220	Seneshal (бутик-отель & SPA на озере Сенеж)	К11 Отели и гостиничные компании		не найдено		Термальный SPA Seneshal: перегородки и зеркала	Добрый день! На озере Сенеж в Seneshal открыт новый термальный SPA-комплекс: открытый бассейн, джакузи, баня. В SPA стекло работает в сложных условиях: перегородки зон, душевые, зеркала, и размеры часто нестандартные. Мы производим под размер: перегородки 15-30 рабочих дней с оплаты, зеркала с LED-подсветкой 7-12, стекло 8-10 мм там, где требования выше. Гарантия по договору, монтаж своими бригадами по Москве и МО. По партии срок подтвердим в расчёте. Пришлите планировку следующей зоны или номеров - посчитаем за 2 рабочих дня, недостающие данные уточню сама. Если вопрос не к вам, перешлите, пожалуйста, дизайнеру FF&E или управляющей компании отеля.	нет email, только звонок; факт из файла не перепроверен; ЛПР не искали: лимит поиска исчерпан; сначала звонок: узнать имя, письмо после
221	Городские термы (термальный курорт «Бора-Бора», П…	К11 Отели и гостиничные компании		не найдено		«Бора-Бора» в Подольске: перегородки и зеркала для терм	Добрый день! В Подольске стартовало строительство курорта «Бора-Бора», открытие в четвёртом квартале 2027 года. В термальном курорте перегородки раздевалок и зон отдыха и зеркала обычно заказывают заранее, после утверждения образца одного изделия. Мы производим под размер: перегородки 15-30 рабочих дней с оплаты, зеркала с LED-подсветкой 7-12, стекло 8-10 мм там, где требования выше. Гарантия по договору, монтаж своими бригадами по Москве и МО. По партии срок подтвердим в расчёте. Пришлите планировку раздевалок или зон отдыха - посчитаем за 2 рабочих дня, недостающие данные уточню сама. Если вопрос не к вам, перешлите, пожалуйста, дизайнеру FF&E или управляющей компании отеля.	нет email, только звонок; факт из файла не перепроверен; ЛПР не искали: лимит поиска исчерпан; сначала звонок: узнать имя, письмо после
222	Феликс	К3 Офисная фабрика-интегратор	Андрей Михайлов, генеральный директор (из входного файла)	ГИПОТЕЗА	felix@felix.ru	Новый корпус «Феликса»: стекло для ваших комплектов	Андрей, добрый день! Вы объявили, что выпуск в 2026 году вырастет на 20-25%, а новый производственный корпус на 13 000 кв. м будет запущен. При таком росте в офисных и школьных комплектах стекло обычно закупают отдельно. Мы работаем как субподрядчик по стеклу: стеклянные маркерные доски (10-15 рабочих дней с оплаты), перегородки на стальном или алюминиевом профиле (15-30), зеркала. Условия работы под вашим брендом обсудим. Счёт идёт вам. Пришлите одну позицию со стеклом из текущего комплекта - посчитаем за 2 рабочих дня, недостающие данные уточню сама. Если тема не ваша, подскажите, кто у вас отвечает за закупку комплектующих.	проверить ЛПР до отправки; анонс от декабря 2025, проверить актуальность; факт из файла не перепроверен; ЛПР не искали: лимит поиска исчерпан
223	Профи-Инвест	К8 Девелопер		не найдено		КРТ в Пушкинском округе: зеркала для МОП и лобби	Добрый день! По проекту КРТ в Пушкинском округе речь идёт о 30 многоэтажных домах (сообщение Минжилполитики МО). К вводу в лобби и МОП нужны зеркала и стеклянные перегородки, а закупка этих позиций обычно остаётся на самый конец отделки. Можем взять на себя всю стеклянную часть: перегородки (15-30 рабочих дней с оплаты), зеркала с LED-подсветкой (7-12), замер и монтаж по Москве и МО, гарантия по договору. Пришлите ТЗ или дату тендера на отделку МОП - подготовимся заранее. Если этим занимается не вы, перешлите, пожалуйста, коллеге, который отвечает за закупку отделки.	нет email, только звонок; факт из файла не перепроверен; ЛПР не искали: лимит поиска исчерпан; «Новая Ивантеевка» из колонки «что предложить» в письме не использована; сначала звонок: узнать имя, письмо после
224	Концепт Иммо Девелопмент (ЖК «Зелёный Город»)	К8 Девелопер		не найдено		ЖК «Зелёный Город»: зеркала для дома №3	Добрый день! В ЖК «Зелёный Город» сданы дома №1 и №2, на дом №3 стартовали продажи, сдача в 2028 году. Для нового дома в МОП и лобби нужны зеркала и стеклянные перегородки, а зеркала в санузлах удобно заказывать серией на весь дом. Такие позиции закупают последними. Можем взять на себя всю стеклянную часть: перегородки (15-30 рабочих дней с оплаты), зеркала с LED-подсветкой (7-12), замер и монтаж по Москве и МО, гарантия по договору. Если есть ТЗ или планировки МОП, пришлите - посчитаем за 2 рабочих дня, недостающие данные уточню сама. По партии срок подтвердим в расчёте. Если вопрос не к вам, перешлите, пожалуйста, коллеге, который отвечает за закупки на отделку МОП.	нет email, только звонок; факт из файла не перепроверен; ЛПР не искали: лимит поиска исчерпан; сначала звонок: узнать имя, письмо после
225	ГК Некрасовка Девелопмент	К8 Девелопер		не найдено	info@nekrasovka.com	«Дубрава Красково»: зеркала и стекло для МОП	Добрый день! У ГК «Некрасовка Девелопмент» новый проект: ЖК «Дубрава Красково». Стекло в МОП и лобби обычно добирают в самом конце отделки, когда сроки уже поджимают. Мы производим это под размер объекта: перегородки 15-30 рабочих дней с оплаты, зеркала с LED-подсветкой 7-12. Замер и монтаж своими бригадами по Москве и МО, гарантия по договору. Если есть ТЗ или планировки МОП, пришлите - посчитаем за 2 рабочих дня, недостающие данные уточню сама. Если этим занимается не вы, перешлите, пожалуйста, коллеге, который отвечает за закупку стекла и зеркал.	факт из файла не перепроверен; ЛПР не искали: лимит поиска исчерпан; сначала звонок: узнать имя, письмо после
226	Загородный отель «Циолковский»	К11 Отели и гостиничные компании	Ольга Соколовская, ИП, инвестор (из входного файла)	ГИПОТЕЗА		Отель «Циолковский»: зеркала и душевые перегородки	Ольга, добрый день! В июне на ПМЭФ подписано соглашение о строительстве загородного отеля «Циолковский» на 1,2 млрд рублей. На этапе проектирования удобно заранее согласовать зеркала и душевые перегородки номеров: размер под номер, без переделок на месте. Мы делаем зеркала с LED-подсветкой (7-12 рабочих дней с оплаты) и перегородки (15-30) под размер номера. Гарантия по договору, доставка по России, монтаж в регионе - условия уточню. Образец одного изделия сделаем на утверждение до партии, по партии срок подтвердим в расчёте. Пришлите спецификацию номера или концепт - посчитаем за 2 рабочих дня, недостающие данные уточню сама. Если этим занимается другой человек, подскажите, кому переслать.	нет email, только звонок; проверить ЛПР до отправки; факт из файла не перепроверен; ЛПР не искали: лимит поиска исчерпан; в базе указано 24 номера + 60 модулей, в письме не использовано
227	Elite World Resort Завидово (ООО «Завидовские зор…	К11 Отели и гостиничные компании		не найдено		Elite World в Завидово: зеркала и стекло для номеров	Добрый день! В сентябре объявлено о заходе Elite World в Завидово, а по нацпроекту «Туризм» одобрен льготный кредит на 4,7 млрд рублей. На большой фонд номеров зеркала и душевые перегородки удобнее согласовать до старта отделки, через генподрядчика или дизайнера. Мы делаем под размер номера: зеркала с LED-подсветкой 7-12 рабочих дней с оплаты, перегородки 15-30. Гарантия по договору, доставка по России, монтаж в регионе - условия уточню. Образец одного изделия сделаем на утверждение до партии. Пришлите спецификацию номера - посчитаем за 2 рабочих дня, недостающие данные уточню сама. По партии срок подтвердим в расчёте. Если вопрос не к вам, перешлите, пожалуйста, дизайнеру FF&E или управляющей компании отеля.	нет email, только звонок; факт из файла не перепроверен; ЛПР не искали: лимит поиска исчерпан; предложение через генподрядчика/дизайнера; число номеров 300+ из базы в письме не использовано; сначала звонок: узнать имя, письмо после
228	Zont Hotel Group	К11 Отели и гостиничные компании	Николай Филатов, генеральный директор (из входного файла)	ГИПОТЕЗА		Модернизация сети Zont Hotel: зеркала LED и стекло	Николай, добрый день! 5 июня на ПМЭФ Zont Hotel Group подписала с губернатором Липецкой области соглашение: 500 млн рублей на новые отели и модернизацию сети до 2030 года. При обновлении номеров зеркала с подсветкой и стекло душевых удобнее делать партией под размер номера, после утверждения образца одного изделия. Мы делаем: зеркала с LED-подсветкой 7-12 рабочих дней с оплаты, перегородки 15-30. Гарантия по договору, доставка по России, монтаж в регионе - условия уточню. По партии срок подтвердим в расчёте. Подскажите, закупку ведёт управляющая компания или подрядчик? Если вы, пришлите спецификацию номера - посчитаем за 2 рабочих дня, недостающие данные уточню сама.	нет email, только звонок; проверить ЛПР до отправки; факт из файла не перепроверен; ЛПР не искали: лимит поиска исчерпан; дубль со строкой 8: тот же ЛПР (Николай Филатов, Zont), порядок согласовать; рекомендуется не отправлять отдельно, объединить с письмом №8
229	WeFamilyGroup (отель у усадьбы Асеевых)	К11 Отели и гостиничные компании	Марина Старчикова, основатель, совладелица WeFamilyGroup	ДАННЫЕ		Отель у усадьбы Асеевых: зеркала LED и душевые	Марина, добрый день! Открытие вашего 4* отеля у усадьбы Асеевых на 40 номеров перенесено на IV квартал 2026, сейчас идёт отделка. На финише отделки упираются в позиции, которые закупают последними: зеркала с подсветкой и стекло в санузлах. Ошибка в размере умножается на все 40 номеров. Мы производим это: зеркала LED - 7-12 рабочих дней с оплаты, душевые перегородки 15-30, консоли на металле. Гарантия по договору, доставка по России, монтаж в регионе - условия уточню. По партии срок подтвердим в расчёте. Пришлите спецификацию номера - посчитаем пакет за 2 рабочих дня, недостающие данные уточню сама. Образец одного изделия на утверждение можем сделать до партии. Если не актуально, ответьте одним словом.	нет email, только звонок
230	BASINN Hotel Development & Design	К11 Отели и гостиничные компании	Антон Басин, генеральный директор BASINN Hotel Development & Design	ДАННЫЕ		Курорт в Кондуках: зеркала и стекло в спецификации	Антон, добрый день! 24 сентября губернатор Тульской области Дмитрий Миляев встретился с вами по курорту на 1000 га в Кондуках. Когда бюро закладывает зеркала и стекло санузлов в типовые решения, на объекте часто упираются в срок или нестандартный размер, и позицию меняют на то, что есть. Мы производим зеркала LED (7-12 рабочих дней с оплаты), перегородки санузлов (15-30), консоли и столы на металле. Гарантия по договору. По партии срок подтвердим в расчёте. Пришлите одну типовую спецификацию номера - посчитаем за 2 рабочих дня, недостающие данные уточню сама, сравните со своим поставщиком. Если тема сейчас не в работе, ответьте одним словом.	нет email, только звонок
231	Парк-отель «Замок Понизовкина»	К11 Отели и гостиничные компании	Тигран Казарян, владелец ООО «Парк-Отель Замок Понизовкина», инициатор проекта	ДАННЫЕ		Замок Понизовкина: зеркала LED и душевые перегородки	Тигран, добрый день! Стройка парк-отеля «Замок Понизовкина» стартовала в марте 2026, банк согласовал старт финансирования. До номерного фонда 5* отеля ещё далеко, но размеры зеркал и душевых фиксируют на стадии проекта, а образец одного изделия утверждают до партии. Мы производим зеркала LED (7-12 рабочих дней с оплаты), душевые перегородки (15-30), столы для ресторана и спа-зоны на металле. Гарантия по договору, доставка по России, монтаж в регионе - условия уточню. По партии срок подтвердим в расчёте. Пришлите спецификацию номера из проекта - посчитаем пакет за 2 рабочих дня, недостающие данные уточню сама. Если рано, ответьте одним словом.	нет email, только звонок; число номеров не указано в письме: в поиске 168, в файле 145, уточнить до звонка
232	Волга Эстейт (гостиничный комплекс «Угличский пас…	К11 Отели и гостиничные компании	Андрей Юрьевич Никифоров, генеральный директор ООО «Волга Эстейт»	ДАННЫЕ		Угличский пассаж: зеркала и стекло для 152 номеров	Андрей, добрый день! «Угличский пассаж» строится: две гостиницы на 152 номера и конгресс-центр, готовность в 2027 году, стройплощадку посещал губернатор. На двух гостиницах повторяется один набор: зеркало с подсветкой и стекло в санузле. Ошибка в размере умножается на весь фонд, поэтому до партии нужен образец одного изделия на утверждение, условия образца уточню. Мы производим зеркала LED (7-12 рабочих дней с оплаты), душевые перегородки (15-30), стеклянные перегородки для конгресс-центра. Гарантия по договору, доставка по России, монтаж в регионе - условия уточню. По партии срок подтвердим в расчёте. Пришлите спецификацию номера - посчитаем за 2 рабочих дня, недостающие данные уточню сама. Если закупкой занимается подрядчик, подскажите, кому переслать.	нет email, только звонок; проверить юрлицо: ООО «Волга Эстейт» Углич (ИНН 7610136460) или ООО СЗ «Волга-Эстейт» Ярославль (ИНН 7604289765); ЛПР - гендиректор по ЕГРЮЛ, не проектный, искать закупщика; дата события: в URL 2026-01, в файле 2026-04
233	Липецккурорт (курорт «Липецкие минеральные воды»)	К11 Отели и гостиничные компании	Вадим Феликсович Митновецкий, генеральный директор «Липецккурорт»	ДАННЫЕ		Санаторий на 260 номеров: зеркала и перегородки	Вадим, добрый день! Реконструкция санатория «Липецкие минеральные воды» на 260 номеров идёт в активной фазе, запуск поэтапный, завершение в 2029 году. На таком сроке стекло и зеркала лучше заложить на стадии проекта: размеры номеров и лечебных корпусов фиксируют заранее. Мы производим зеркала LED (7-12 рабочих дней с оплаты), перегородки для санузлов и лечебных корпусов (15-30), консоли на металле. Гарантия по договору, доставка по России, монтаж в регионе - условия уточню. По партии срок подтвердим в расчёте. Пришлите спецификацию одного номера или корпуса - посчитаем за 2 рабочих дня, недостающие данные уточню сама. Если для вас рано, подскажите, кому переслать.	нет email, только звонок; форма организации в выдаче то АО, то ПАО
234	ГК «Мегаполис» (Мегаполис-Смоленск; отели «Мегапо…	К11 Отели и гостиничные компании	Вячеслав Тофоров, директор и соучредитель ООО «Мегаполис-Смоленск»	ДАННЫЕ		Новый отель «Мегаполис» в Смоленске: зеркала и стекло	Вячеслав, добрый день! 1 июля губернатор Анохин на встрече с вами анонсировал новый гостиничный проект в Смоленске. У Гранд-отеля «Мегаполис» на 208 номеров уже есть отработанный номер. При втором отеле номер обычно переносят с первого, вместе с зеркалами и стеклом санузла. Важно, чтобы размеры совпали. Мы производим зеркала LED (7-12 рабочих дней с оплаты), душевые перегородки (15-30), консоли на металле. Гарантия по договору, доставка по России, монтаж в регионе - условия уточню. По партии срок подтвердим в расчёте. Пришлите спецификацию номера Гранд-отеля - посчитаем пакет для нового за 2 рабочих дня, недостающие данные уточню сама. Если это не ваш вопрос, ответьте одним словом, больше не напишу.	нет email, только звонок; параметры нового проекта (номера, сроки) не найдены; проверить, есть ли отдельный директор по развитию или строительству
235	Отель «Бебель» (Тамбов)	К11 Отели и гостиничные компании	Арман Саградян, предприниматель, инициатор проекта отеля «Бебель»	ДАННЫЕ		Отель «Бебель» на 36 номеров: зеркала и душевые	Арман, добрый день! Проект шестиэтажного отеля «Бебель» на улице Августа Бебеля, 12 получил положительное заключение экспертизы: 36 номеров, ресторан, конференц-зал на 60 мест и спа. На объекте такого размера удобнее взять зеркала и стекло у одного производителя, а не собирать несколько поставщиков. Мы производим зеркала LED для номеров (7-12 рабочих дней с оплаты), стеклянные перегородки для спа и конференц-зала (15-30), консоли и столы на металле. Гарантия по договору, доставка по России, монтаж в регионе - условия уточню. По партии срок подтвердим в расчёте. Когда дойдёте до закупки, пришлите спецификацию - посчитаем за 2 рабочих дня, недостающие данные уточню сама. Если рано, ответьте одним словом.	нет email, только звонок; малый инвестор (ИП), стадия до строительства, бюджет небольшой
236	СИМ (ГК СИМ)	К12 Автодилер	Лев Васильевич Комиссаров, генеральный директор ООО «СИМ-Ярославль»	ГИПОТЕЗА		Шоурум Rox в Ярославле: перегородки и столы	Лев, добрый день! СИМ стал официальным дилером Rox в Ярославле, и у вас новый шоурум на 150 кв. м. В шоуруме по стандарту бренда нужны стеклянные перегородки переговорных и кабинетов, стойки, столы переговоров, и всё к дате открытия. Мы производим это под размер и брендбук: перегородки - 15-30 рабочих дней с оплаты, столы на металле 10-15, доставка по России, монтаж в регионе - условия уточню. Если брендбук Rox не закрепляет поставщика за маркой, пришлите планировку - посчитаем за 2 рабочих дня, недостающие данные уточню сама. Если тема не ваша, подскажите, кому переслать.	проверить ЛПР до отправки; нет email, только звонок; ЛПР - гендиректор СИМ-Ярославль, не ГК СИМ в целом, искать руководителя строительства группы; дата данных о ГД не видна
237	Школьный мир (Рязань)	К6 Комплектатор образования	Юлия Михайловна Лукьянцева, генеральный директор ООО «Школьный мир»	ГИПОТЕЗА		Морозово-Борковская школа: маркерные доски и зеркала	Юлия, добрый день! 10 августа у вас заключены контракты на поставку мебели для Морозово-Борковской школы. В школьных закупках стекло проверяют строже остального: нужны закалённое стекло и понятные документы на материалы. Мы производим стеклянные маркерные доски из закалённого осветлённого стекла (10-15 рабочих дней с оплаты) и зеркала для спортивных залов. Пришлите позицию из ТЗ ближайшего тендера или школьного заказа - посчитаем за 2 рабочих дня, недостающие данные уточню сама. Если в цену не попадём, скажу сразу. Если тема не ваша, подскажите, кто ведёт тендеры.	проверить ЛПР до отправки; нет email, только звонок; конфликт ЛПР: в выдаче то Лукьянцева Ю.М., то Хорошев Алексей Анатольевич, сверить по ЕГРЮЛ; факт не перепроверен
238	ELISEEV - бюро интегральной архитектуры Ильи Елис…	К10 Архитектор / дизайн-бюро	Илья Елисеев, основатель, главный архитектор бюро ELISEEV	ДАННЫЕ		Бюро ELISEEV: стекло и зеркала для частных интерьеров	Илья, добрый день! Смотрела портфолио бюро ELISEEV, в том числе Grove House, и видела, что вы расширяете команду. В частных домах и резиденциях стекло и зеркала нередко нестандартные по форме, и на объекте позицию часто меняют на то, что есть. Мы производим перегородки, зеркала сложного контура (овал, арка, капсула), стеклянные доски и столы на металле, под размер проекта. Могу прислать материалы для спецификаций и привезти образцы стекла и профиля в бюро. Удобно на этой или следующей неделе? Если не актуально, ответьте одним словом.	нет email, только звонок; факт не подтверждён: Grove House датирован 2024, сильного проектного факта 2025-2026 нет; в письме дан как портфолио; нет публичного email, звонить: +7 (495) 744-77-64
239	Level Group (гостиничный проект Level work Нижего…	К11 Отели и гостиничные компании	Александра Захарова, директор по коммерческой недвижимости Level Group	ДАННЫЕ		Level work Нижегородская: отель AZIMUT на 246 номеров	Александра, добрый день! Level Group заключила договор с AZIMUT Hotels на 4* отель на 246 номеров в Level work Нижегородская, открытие планируется в 2028 году. Когда отель и офисная часть в одном комплексе, стекло и зеркала обычно закупают двумя потоками и размеры согласуют дважды. Мы производим зеркала LED (7-12 рабочих дней с оплаты), перегородки для санузлов, офисов и лобби (15-30), консоли на металле. Гарантия по договору, монтаж своими бригадами по Москве и МО. По партии срок подтвердим в расчёте. Пришлите спецификацию номера или офисной части - посчитаем за 2 рабочих дня, недостающие данные уточню сама. Если отделку ведёт управляющая компания или другой отдел, подскажите, кому переслать.	нет email, только звонок; ЛПР - коммерческая недвижимость, не закупки; искать директора по строительству Level Group или управляющую AZIMUT Hotels; год открытия 2028 из выдачи
240	ФК «Спартак-Москва» (отель у стадиона)	К11 Отели и гостиничные компании	Николай Олегович Савин, генеральный директор ООО «СЗ «Стадион «Спартак»	ГИПОТЕЗА		Отель у стадиона на 304 номера: зеркала и душевые	Николай, добрый день! Отель на 304 номера рядом со стадионом готов более чем на 70 процентов, завершение в 2027 году. На 304 номерах ошибка в размере зеркала или душевой умножается на весь фонд, поэтому образец одного изделия утверждают до партии. Мы производим зеркала LED (7-12 рабочих дней с оплаты), душевые перегородки (15-30), стеклянные перегородки для спорт-центра, консоли на металле. Гарантия по договору, монтаж по Москве и МО. По партии срок подтвердим в расчёте. Пришлите спецификацию номера - посчитаем пакет за 2 рабочих дня, недостающие данные уточню сама. Если закупкой занимается подрядчик, подскажите, кому переслать.	проверить ЛПР до отправки; нет email, только звонок; конфликт ЛПР: в выдаче также Федун Андрей Арнольдович (ГД с 2009), сверить по ЕГРЮЛ; застройщик - СЗ «Стадион Спартак» (АО «Тушино 2018»), не сам ФК
241	Safmar Hotels (Континенталь, Националь, Аврора Лю…	К11 Отели и гостиничные компании	Алихан Хусейнович Амирханов, генеральный директор ООО «Сафмар Плаза» (Safmar Hotels)	ДАННЫЕ		Обновление номеров «Континенталя»: зеркала с подсветкой	Алихан, добрый день! Во всех 200+ номерах отеля «Континенталь» установлена платформа «Умный отель Сбер». Планируете ли обновление номерного фонда в 2026-2027? Зеркала с подсветкой и стекло в санузлах удобнее обновлять поэтапно, небольшими партиями под размер номера. Мы производим это: зеркала LED - 7-12 рабочих дней с оплаты, стеклянные перегородки санузлов 15-30. Гарантия по договору, монтаж по Москве и МО. По партии срок подтвердим в расчёте. Пришлите размеры одного номера или этажа - сделаем образец одного изделия на утверждение и посчитаем партию за 2 рабочих дня, недостающие данные уточню сама, условия образца уточню. Если ремонтом номеров занимается другая команда, подскажите, кому переслать.	нет email, только звонок; ЛПР - гендиректор по ЕГРЮЛ; ремонтные закупки вероятно у технического директора (не найден); в файле также Станислав Ивашкевич (представитель «Сафмар») и Роман Батин (ген. менеджер Аврора Люкс, ГИПОТЕЗА); повод слабый (Умный отель Сбер не про зеркала), письмо открыто вопросом
242	Группа Мантера	К11 Отели и гостиничные компании	Вадим Анатольевич Трукшин, генеральный директор Группы Мантера	ДАННЫЕ		Группа Мантера: зеркала и стекло для курортных проектов	Вадим, добрый день! Группа Мантера получила премию Global Destination Awards 2026 как туристический холдинг России, у вас 7000 номеров. На таком фонде зеркала и стекло санузлов удобнее закупать типовым набором под размер номера, а не заново под каждый курорт. Мы производим зеркала LED (7-12 рабочих дней с оплаты), душевые перегородки (15-30), консоли на металле. Гарантия по договору, доставка по России. По партии срок подтвердим в расчёте. Пришлите спецификацию номера курорта, который оснащаете сейчас - посчитаем за 2 рабочих дня, недостающие данные уточню сама. Если закупкой занимается другая команда, подскажите, кому переслать.	нет email, только звонок; вес награды невысокий (организатор - телеканал World Fashion Channel), в письме без акцента; для закупок нужен директор по развитию или строительству, не найден
243	Sanatorium (спа-отели)	К11 Отели и гостиничные компании	Дмитрий Естенков, генеральный директор и основатель «Санаториум»	ГИПОТЕЗА		Спа-отели: зеркала с подсветкой и стекло для номеров	Дмитрий, добрый день! Видела ваши вакансии на hh.ru: генеральный директор спа-отеля и операционный менеджер мини-отеля. В спа-отеле стекло нужно и в спа-зонах, и в номерах: зеркала с подсветкой, душевые перегородки, консоли. Такой набор удобнее делать партией под размер, после утверждения образца одного изделия. Мы производим это: зеркала LED - 7-12 рабочих дней с оплаты, перегородки 15-30, консоли на металле. Гарантия по договору, монтаж своими бригадами по Москве и МО. По партии срок подтвердим в расчёте. Пришлите спецификацию номера или спа-зоны - посчитаем за 2 рабочих дня, недостающие данные уточню сама. Если тема сейчас не в работе, ответьте одним словом.	проверить ЛПР до отправки; нет email, только звонок; факт не подтверждён: sanatorium-is.ru и «МИС Санаториум» - вероятно ПО для санаториев, а не сеть спа-отелей, проверить компанию; дата источника не видна
244	ПСБ - Бизнес и инфраструктура (гостиничные активы)	К11 Отели и гостиничные компании		не найдено		Гостиничные проекты ПСБ: зеркала и стекло для номеров	Добрый день! Видела вашу вакансию на hh.ru: управляющий отелем, генеральный менеджер и руководитель проекта. Когда отель запускают с нуля, зеркала с подсветкой и стекло санузлов закупают партией под размер номера, и ошибка умножается на весь фонд. Мы производим зеркала LED (7-12 рабочих дней с оплаты), стеклянные перегородки санузлов (15-30), столы на металле для лобби (10-15). Гарантия по договору, доставка по России. По партии срок подтвердим в расчёте. Пришлите спецификацию номера - посчитаем за 2 рабочих дня, недостающие данные уточню сама. Если вопрос не к вам, перешлите, пожалуйста, дизайнеру FF&E или управляющей компании отеля.	нет email, только звонок; сначала звонок: узнать имя, письмо после; ЛПР не найден, искать руководителя гостиничного направления вручную; возможна связка с проектом «Замок Понизовкина» (банк ПСБ)
245	УК Русинвестклуб	К11 Отели и гостиничные компании	Иван Васильевич Селиверстов, генеральный директор ООО «УК «Русинвестклуб»	ДАННЫЕ		Гостиничный проект: стандарты по зеркалам и стеклу	Иван, добрый день! Видела вашу вакансию на hh.ru: эксперт по созданию гостиничного проекта. Похоже, вы формируете гостиничное направление. На стадии концепции полезно заранее задать стандарт по стеклу: размеры зеркал и душевых для типового номера, чтобы потом не менять позиции на то, что есть на рынке. Мы производим зеркала LED (7-12 рабочих дней с оплаты), стеклянные перегородки санузлов (15-30), консоли и столы на металле. Гарантия по договору, доставка по России. По партии срок подтвердим в расчёте. Пришлите концепцию или спецификацию номера, если она есть - посчитаем за 2 рабочих дня, недостающие данные уточню сама. Если это не ваш вопрос, ответьте одним словом, больше не напишу.	нет email, только звонок; сегмент в базе неверный: управляющая компания паевых фондов, не оператор отелей, гостиничное направление только формируется; конкретный гостиничный проект не найден, уточнить по вакансии
246	Даблби	К13 Ресторанные группы и сети	Сергей Борисович Борисов, генеральный директор АО «Кофейни Даблби»	ДАННЫЕ		Даблби: типовой набор зеркал и столов для точки	Сергей, добрый день! В апреле 2026 сеть «Даблби» купил фонд «Бумеранг Капитал», который консолидирует кофейные сети. При росте сети стекло и металл в точке - зеркала в зале и санузлах, консоли, небольшие столы - удобно зафиксировать типовой спецификацией и повторять, а не согласовывать заново. Мы производим это: зеркала в раме 5-10 рабочих дней с оплаты, с подсветкой 7-12, столы на металле (10-15), металл режем и красим сами. По партии срок подтвердим в расчёте. Пришлите список позиций типовой точки - посчитаем за 2 рабочих дня, недостающие данные уточню сама. Если этим занимается другой человек, подскажите, кому переслать.	нет email, только звонок; проверить ЛПР до отправки: после смены владельца в апреле 2026 гендиректор мог смениться; проверить, что заголовок про «One Double» относится к той же сети
247	Italy Group (Экосистема Итали)	К13 Ресторанные группы и сети	Михаил Соколов; Тимур Дмитриев, сооснователи (Joli Grand Bistro, italy&co)	ГИПОТЕЗА		Joli Grand Bistro в ЖК Lucky: зеркала и перегородки	Михаил, Тимур, добрый день! 30 июня в ЖК Lucky открылся московский филиал Joli Grand Bistro. В бистро стекло и металл видны гостю вблизи: зеркала в зале и санузлах, перегородки, подстолья. К следующему открытию их нужно заказывать заранее, а не после. Мы производим зеркала (в раме 5-10 рабочих дней с оплаты, с подсветкой 7-12), перегородки и столы на металле (металл режем и красим сами), под размер и концепцию. По партии срок подтвердим в расчёте. Пришлите планировку или список позиций следующего открытия - посчитаем за 2 рабочих дня, недостающие данные уточню сама. Если вопрос не по вашей части, подскажите, кому переслать.	проверить ЛПР до отправки; нет email, только звонок; Italy Group как холдинг больше не существует, проверить, чьё юрлицо у московского Joli; даты источников по ЛПР не видны
248	Lamia (сеть тайских спа-салонов)	К13 Ресторанные группы и сети		не найдено		Lamia SPA на Волгоградском проспекте: зеркала LED	Добрый день! 17 августа Lamia SPA открыла новый филиал на Волгоградском проспекте, 32к3. В спа-салоне гость видит стекло вблизи: зеркала в зонах после процедур, стеклянные перегородки кабинетов, консоль на ресепшн. Набор повторяется на каждом филиале. Мы производим зеркала LED (7-12 рабочих дней с оплаты), перегородки (15-30), консоли и столы на металле. Гарантия по договору, монтаж своими бригадами по Москве и МО. По партии срок подтвердим в расчёте. Пришлите планировку следующего филиала - посчитаем за 2 рабочих дня, недостающие данные уточню сама. Если вопрос не к вам, перешлите, пожалуйста, коллеге, который отвечает за открытие и оснащение филиалов.	нет email, только звонок; сначала звонок: узнать имя, письмо после; сегмент в базе неверный: сеть тайских спа-салонов, не ресторан; основатель/ГД не найден, юрлицо ООО «Ламия» проверить по ЕГРЮЛ
249	Ферма М2 (М2 Органик Клуб)	К13 Ресторанные группы и сети	Леонид Воловодовский, автор концепции ресторана «ИНО М2» (Ферма М2)	ГИПОТЕЗА		Ресторан ИНО и пекарня на Гоголевском: столы и зеркала	Леонид, добрый день! В мае на Гоголевском бульваре открылись пекарня и ресторан ИНО в здании бывшего клуба-столовой 1929-1930 годов. В таком здании стекло и металл видны гостю вблизи: зеркала в зале и санузлах, консоли, столы. Для проектов с историей размеры и материалы обычно нестандартные. Мы производим зеркала (в раме 5-10 рабочих дней с оплаты, с подсветкой 7-12), столы и консоли на металле, металл режем и красим сами, в том числе с отделкой камнем. По партии срок подтвердим в расчёте. Пришлите планировку или список позиций следующего открытия - посчитаем за 2 рабочих дня, недостающие данные уточню сама. Если тема не ваша, подскажите, кто ведёт открытия.	проверить ЛПР до отправки; нет email, только звонок; Воловодовский - автор концепции, не подтверждено, что решает по закупкам; здание и сеть «М2 Органик Клуб» принадлежат Major Auto: искать директора по развитию или стройке Major Auto
250	Теремок	К13 Ресторанные группы и сети	Виталий Свидовский, соучредитель и генеральный директор ГК «Теремок»	ДАННЫЕ		105-й «Теремок» в Петербурге: типовой набор зеркал	Виталий, добрый день! В мае в Петербурге на Пулковских высотах открылся 105-й ресторан «Теремка», а на 2026 год у вас запланированы ещё шесть. В сети стекло и металл лучше зафиксировать типовой спецификацией и повторять на каждом открытии, а не подбирать заново под каждую точку. Мы производим зеркала (в раме 5-10 рабочих дней с оплаты, с подсветкой 7-12) и столы на металле (10-15), металл режем и красим сами. По партии срок подтвердим в расчёте. Пришлите список позиций следующего открытия - посчитаем за 2 рабочих дня, недостающие данные уточню сама. Если тема не ваша, подскажите, кто ведёт открытия.	нет email, только звонок; страница Ъ с ФИО не проверялась, директор по строительству или открытиям не найден
251	Здрасте (сеть кофеен)	К13 Ресторанные группы и сети	Гнел Амирян, генеральный директор сети «Здрасте»	ГИПОТЕЗА		Здрасте в «Месте встречи Патриот»: зеркала и столы	Гнел, добрый день! В апреле у «Здрасте» открылась кофейня на 90 кв. м в РЦ «Место встречи Патриот». В сети с франшизой зеркала, столы и стойки удобно зафиксировать в стандарте формата, чтобы франчайзи заказывали одно и то же. Мы производим зеркала (в раме 5-10 рабочих дней с оплаты, с подсветкой 7-12), столы на металле (10-15), металл режем и красим сами, стойки со стеклом и камнем. По партии срок подтвердим в расчёте. Пришлите список позиций типовой кофейни - посчитаем за 2 рабочих дня, недостающие данные уточню сама. Если тема не ваша, подскажите, кто ведёт открытия и франшизу.	проверить ЛПР до отправки; нет email, только звонок; страница-источник ФИО не зафиксирована, дата неизвестна; закупки стройки могут идти через франчайзи
252	Pride Club (сеть фитнес-клубов)	К13 Ресторанные группы и сети	Максим Каганский, владелец сети Pride Club, президент ГК Pride United	ДАННЫЕ		Pride «Красная стрела»: зеркала для залов и раздевалок	Максим, добрый день! Смотрела сайт Pride Club: клуб «Красная стрела» у метро Бабушкинская обозначен как «скоро открытие», а Pride Видное на реконструкции. В фитнес-клубе зеркала - рабочий инструмент: нужны большие форматы под размер зала, подсветка в раздевалках, стеклянные перегородки студий. Мы производим зеркала в раме (5-10 рабочих дней с оплаты) и с подсветкой LED (7-12), перегородки студий (15-30). Гарантия по договору, монтаж своими бригадами по Москве и МО. По партии срок подтвердим в расчёте. Пришлите планировку клуба или список позиций - посчитаем за 2 рабочих дня, недостающие данные уточню сама. Если тема не ваша, подскажите, кому переслать.	нет email, только звонок; сегмент в базе неверный: сеть фитнес-клубов, не ресторан; факт не подтверждён: дата на сайте не указана, статус «скоро открытие» проверить; публичный контакт не искали
253	Грузинские каникулы (сеть спешелти-кофеен)	К13 Ресторанные группы и сети		не найдено		Пятая точка в Skorik Center: столы, зеркала, перегородки	Добрый день! Видела сообщение, что 5 июня сеть «Грузинские каникулы» открыла пятый и самый масштабный проект в Skorik Center в Крылатском. В кофейне стекло и металл видны гостю вблизи: столы и барные стойки, зеркала в зале и санузлах, перегородки. Для следующей точки их лучше заказать заранее. Мы производим зеркала (в раме 5-10 рабочих дней с оплаты, с подсветкой 7-12), столы на металле (10-15), металл режем и красим сами, стеклянные перегородки. По партии срок подтвердим в расчёте. Пришлите список позиций следующей точки - посчитаем за 2 рабочих дня, недостающие данные уточню сама. Если это не ваша зона, перешлите, пожалуйста, коллеге, который ведёт открытия.	нет email, только звонок; сначала звонок: узнать имя, письмо после; факт не подтверждён: связь сети со Skorik Center поиском отдельно не подтверждена, не путать со Skuratov Coffee; основатель не найден
254	DNA (панк-пекарня)	К13 Ресторанные группы и сети		не найдено		Пекарни DNA на Спиридоновке и Самокатной: зеркала, столы	Добрый день! Летом DNA открыла новые пекарни на Спиридоновке и на Самокатной. В пекарне стекло и металл видны гостю вблизи: столы, зеркала, стеклянные витрины-перегородки. Каждое новое открытие обычно начинают с согласования этого набора заново. Мы производим зеркала (в раме 5-10 рабочих дней с оплаты, с подсветкой 7-12), столы на металле (10-15), металл режем и красим сами, стеклянные перегородки. Гарантия по договору. По партии срок подтвердим в расчёте. Пришлите планировку или список позиций следующей пекарни - посчитаем за 2 рабочих дня, недостающие данные уточню сама. Если удобнее передать дальше, перешлите, пожалуйста, коллеге, который ведёт открытия.	нет email, только звонок; сначала звонок: узнать имя, письмо после; основатель не найден; публичный контакт: Telegram-канал t.me/dnafood; адреса из карт: Спиридоновка 24/1, Самокатная 4с13
255	Masa Madre (пекарни)	К13 Ресторанные группы и сети	Денис Бобков, ресторатор, автор проекта Masa Madre	ДАННЫЕ		Masa Madre в Лужниках: столы, стойки и зеркала	Денис, добрый день! В начале лета в Лужниках открылась третья Masa Madre, пекарня с открытой производственной мастерской. В такой пекарне стекло и металл видны гостю вблизи: столы и стойки с каменными столешницами, зеркала, стеклянные перегородки. Для следующей точки нужен тот же набор. Мы производим зеркала (в раме 5-10 рабочих дней с оплаты, с подсветкой 7-12), столы на металле (10-15), металл режем и красим сами, стеклянные перегородки. По партии срок подтвердим в расчёте. Пришлите планировку или список позиций следующей точки - посчитаем за 2 рабочих дня, недостающие данные уточню сама. Если этим занимается другой человек, подскажите, кому переслать.	нет email, только звонок; в файле дата 2026-07 (thefair), по факту открытие в начале лета; Бобков также владелец баров на Солянке (Black Swan Pub, Secret Room, Botafogo, Bambule, Tabi)
256	Моряк и Чайка Пляж (сеть баров)	К13 Ресторанные группы и сети	Сергей Гаспаров, основатель сети «Моряк и чайка», управляющий GASP BRO group	ГИПОТЕЗА		Седьмой бар на Китай-городе: зеркала и барные столы	Сергей, добрый день! 18 сентября на Китай-городе открылся седьмой бар сети «Моряк и Чайка Пляж». В баре стекло и металл видны вблизи: зеркала в зале и санузлах, барные столы, перегородки. При семи точках удобнее держать типовой набор и повторять его на каждом открытии. Мы производим зеркала (в раме 5-10 рабочих дней с оплаты, с подсветкой 7-12), барные столы на металле (10-15), металл режем и красим сами, стеклянные перегородки. Гарантия по договору. По партии срок подтвердим в расчёте. Пришлите список позиций следующего бара - посчитаем за 2 рабочих дня, недостающие данные уточню сама. Если тема не ваша, подскажите, кто ведёт открытия.	проверить ЛПР до отправки; нет email, только звонок; источник ФИО не датирован; проверить, что «Пляж» - тот же оператор; партнёры группы: Александр Казьмин, Сергей Евграфов
257	Correas (сеть кафе)	К13 Ресторанные группы и сети		не найдено		Новое кафе Correas в Москве: столы, зеркала, перегородки	Добрый день! 16 сентября в Москве открылось новое кафе сети Correas. В кафе стекло и металл видны гостю вблизи: столы, зеркала в зале и санузлах, перегородки. Для следующих точек их лучше зафиксировать типовым набором. Мы производим зеркала (в раме 5-10 рабочих дней с оплаты, с подсветкой 7-12), столы на металле (10-15), металл режем и красим сами, стеклянные перегородки. По партии срок подтвердим в расчёте. Пришлите планировку или список позиций следующей точки - посчитаем за 2 рабочих дня, недостающие данные уточню сама. Если вопрос не к вам, перешлите, пожалуйста, коллеге, который ведёт открытия.	нет email, только звонок; сначала звонок: узнать имя, письмо после; факт не перепроверен: поиск не выполнялся, факт из исходного файла
258	Тайпит - мебельный дивизион	К3 Офисная фабрика-интегратор		не найдено		Тайпит: стекло для проектов офисной мебели	Добрый день! Видела вакансии мебельного дивизиона Тайпит, в том числе менеджера по развитию продаж офисной мебели. Стекло, перегородки и зеркала в мебельном цеху обычно не делают, и на них проект ждёт стороннего подрядчика. Мы работаем как субподрядчик по стеклу: перегородки на стальном или алюминиевом профиле (15-30 рабочих дней с оплаты), стеклянные маркерные доски (10-15), зеркала, стеклянные элементы для ваших серий. Счёт идёт вам, с вашими заказчиками напрямую не работаем. Пришлите одну позицию со стеклом из текущего проекта - посчитаем за 2 рабочих дня, недостающие данные уточню сама. Если это не ваша зона, перешлите, пожалуйста, коллеге, который отвечает за закупку комплектующих.	нет email, только звонок; сначала звонок: узнать имя, письмо после; факт не перепроверен: поиск не выполнялся, факт из исходного файла
259	Мангазея	К8 Девелопер		не найдено		Мангазея: зеркала и стекло для МОП и лобби	Добрый день! «Мангазея» вошла в топ-10 девелоперов Москвы по объёму продаж и кратно улучшила результаты. На МОП и в лобби повторяются одни и те же позиции: зеркала, стеклянные перегородки, стойки. Их обычно закупают последними и в сжатый срок. Мы производим это под размер объекта, с замером и монтажом своими бригадами по Москве и МО. Гарантия по договору. Подскажите, отделку МОП закупаете сами или через генподрядчика? Если сами, пришлите ТЗ или дату тендера. Если удобнее передать дальше, перешлите, пожалуйста, коллеге, который отвечает за закупку отделки.	нет email, только звонок; сначала звонок: узнать имя, письмо после; факт не перепроверен: поиск не выполнялся, факт из исходного файла; в базе предложение: пройти аккредитацию на etp.mdevelopment.ru, в письме не упомянуто
260	ГК Абсолют	К8 Девелопер		не найдено		Два новых дома ГК Абсолют: стекло и зеркала для МОП	Добрый день! ГК Абсолют начала строительство двух домов в городе-парке. На МОП и в лобби повторяются одни и те же позиции: зеркала, стеклянные перегородки, стойки. Их обычно закупают последними и в сжатый срок. Мы производим это под размер объекта, с замером и монтажом своими бригадами по Москве и МО. Гарантия по договору. Подскажите, отделку МОП закупаете сами или через генподрядчика? Если сами, пришлите ТЗ или дату тендера. Если вопрос не к вам, перешлите, пожалуйста, коллеге, который отвечает за закупку отделки.	нет email, только звонок; сначала звонок: узнать имя, письмо после; факт не перепроверен: поиск не выполнялся, факт из исходного файла; в базе предложение по деловому центру «Ликова» на стадии отделки, не проверено, в письме не упомянуто
261	Кортрос	К8 Девелопер		не найдено		ЖК на Профсоюзной: зеркала и стекло для МОП	Добрый день! Кортрос начал возводить жилой комплекс на Профсоюзной улице в Москве. На МОП и в лобби повторяются одни и те же позиции: зеркала, стеклянные перегородки, стойки. Их обычно закупают последними и в сжатый срок. Мы производим это под размер объекта, с замером и монтажом своими бригадами по Москве и МО. Гарантия по договору. Подскажите, отделку МОП закупаете сами или через генподрядчика? Если сами, пришлите ТЗ или дату тендера. Если это не ваша зона, перешлите, пожалуйста, коллеге, который отвечает за закупку отделки.	нет email, только звонок; сначала звонок: узнать имя, письмо после; факт не перепроверен: поиск не выполнялся, факт из исходного файла
262	Крокус (5* отель в Красногорске)	К11 Отели и гостиничные компании		не найдено		Отель на 1202 номера в Красногорске: зеркала и стекло	Добрый день! Главгосэкспертиза одобрила проект 5* отеля Крокуса на 1202 номера в Красногорске. На таком фонде ошибка в размере зеркала или душевой умножается на все номера, поэтому образец одного изделия утверждают до партии. Мы производим зеркала LED (7-12 рабочих дней с оплаты), душевые перегородки (15-30), консоли на металле. Гарантия по договору, монтаж по Москве и МО. По партии срок подтвердим в расчёте. До закупки ещё далеко, но если появится спецификация номера или лобби - посчитаем за 2 рабочих дня, недостающие данные уточню сама. Если вопрос не к вам, перешлите, пожалуйста, дизайнеру FF&E или управляющей компании отеля.	нет email, только звонок; сначала звонок: узнать имя, письмо после; долгосрочный проект, начало закупок позже; факт не перепроверен: поиск не выполнялся, факт из исходного файла
263	ФСК (гостиничный комплекс в Химках)	К11 Отели и гостиничные компании		не найдено		Гостиница на 120 номеров в Химках: зеркала и душевые	Добрый день! ФСК готовит проект гостиничного комплекса на 120 номеров в Химках. Зеркала с подсветкой и стекло в санузлах при таком фонде удобнее делать партией под размер номера, после утверждения образца одного изделия. Мы производим зеркала LED (7-12 рабочих дней с оплаты), душевые перегородки (15-30), стеклянные перегородки для лобби и офисов продаж. Гарантия по договору, монтаж по Москве и МО. По партии срок подтвердим в расчёте. Пришлите спецификацию номера - посчитаем за 2 рабочих дня, недостающие данные уточню сама. Если вопрос не к вам, перешлите, пожалуйста, дизайнеру FF&E или управляющей компании отеля.	нет email, только звонок; сначала звонок: узнать имя, письмо после; факт не перепроверен: поиск не выполнялся, факт из исходного файла
264	Президенция Монави / LeePrime Group	К11 Отели и гостиничные компании	Сергей Ли, управляющий партнёр LeePrime Group (по файлу)	ГИПОТЕЗА		5* отель с LeePrime Group: зеркала LED и стекло	Сергей, добрый день! В мае подписано трёхстороннее соглашение о создании 5* отеля с вашим участием. На стадии проекта удобно заранее зафиксировать размеры зеркал с подсветкой и стекла санузлов, чтобы образец одного изделия утвердить до партии. Мы производим зеркала LED (7-12 рабочих дней с оплаты), стеклянные перегородки (15-30), консоли на металле. Гарантия по договору, монтаж по Москве и МО. По партии срок подтвердим в расчёте. Пришлите спецификацию номера, если она уже есть, или планировку номерного фонда - посчитаем пакет за 2 рабочих дня, недостающие данные уточню сама. Если не актуально, ответьте одним словом.	проверить ЛПР до отправки; нет email, только звонок; ЛПР взят из файла, второе имя усечено и не использовано; факт не перепроверен: поиск не выполнялся, факт из исходного файла; в базе также медцентр при отеле, в письме не упомянут
265	Гостиница спорткомплекса April Club (Апрелевка)	К11 Отели и гостиничные компании		не найдено		Гостиница April Club в Апрелевке: зеркала и стекло	Добрый день! Строительство гостиницы спорткомплекса April Club в Апрелевке завершено, документы на ввод оформлены, идёт подготовка к открытию. Перед открытием на 76 номеров последними закупают зеркала с подсветкой и стекло санузлов, и ошибка в размере умножается на весь фонд. Мы производим зеркала LED (7-12 рабочих дней с оплаты), душевые перегородки (15-30), столы на металле для ресторана (10-15). Гарантия по договору, монтаж по Москве и МО. По партии срок подтвердим в расчёте. Пришлите спецификацию номера - посчитаем за 2 рабочих дня, недостающие данные уточню сама. Если вопрос не к вам, перешлите, пожалуйста, дизайнеру FF&E или управляющей компании отеля.	нет email, только звонок; сначала звонок: узнать имя, письмо после; факт не подтверждён: данные на март 2026, статус открытия уточнить перед письмом; число номеров (76) из поля предложения, проверить
266	СЗ «Восточный 2» (база «Озеро Круглое»)	К11 Отели и гостиничные компании		не найдено		База «Озеро Круглое»: зеркала и стекло для номеров и спа	Добрый день! СЗ «Восточный 2» купила базу отдыха «Озеро Круглое» и планирует модернизацию в рекреационный центр. На стадии модернизации размеры зеркал и стекла в номерах и спа проще заложить сразу, чем менять позиции на то, что есть. Мы производим зеркала LED (7-12 рабочих дней с оплаты), стеклянные перегородки (15-30), консоли и столы на металле. Гарантия по договору, монтаж по Москве и МО. По партии срок подтвердим в расчёте. Пришлите планы номеров и спа, когда они появятся - посчитаем за 2 рабочих дня, недостающие данные уточню сама. Если вопрос не к вам, перешлите, пожалуйста, дизайнеру FF&E или управляющей компании отеля.	нет email, только звонок; сначала звонок: узнать имя, письмо после; факт не подтверждён: данные на март 2026, поиск не выполнялся, факт из исходного файла
267	ООО «Аквила» (МФЦ «Екатеринград», Подольск)	К11 Отели и гостиничные компании	Юлия Борисовна Борисоглебская, генеральный директор ООО «Аквила»	ДАННЫЕ		МФЦ «Екатеринград» в Подольске: зеркала и стекло	Юлия, добрый день! «Аквила» строит в Подольске МФЦ «Екатеринград»: четыре этажа, 11 тысяч кв. м, термальный комплекс с бассейнами и банями, разрешение на строительство получено в июле. В термальных комплексах стекло и зеркала нужны в раздевалках, спа и кафе, и закупают их обычно на этапе отделки через подрядчика. Мы производим зеркала LED (7-12 рабочих дней с оплаты), стеклянные перегородки (15-30), консоли и столы на металле. Гарантия по договору, монтаж по Москве и МО. По партии срок подтвердим в расчёте. Пришлите планировки раздевалок и спа - посчитаем за 2 рабочих дня, недостающие данные уточню сама. Если отделкой занимается подрядчик, подскажите, кому переслать.	нет email, только звонок; проверить юрлицо: совпадение (ИНН 5036154620) с застройщиком определено по названию и городу; дата старта стройки из файла (sabid.ru), не перепроверена
268	Русская Река (спа-отель, Кострома)	К11 Отели и гостиничные компании	Алексей Александрович Метельков, собственник отеля «Русская река»	ДАННЫЕ	info@rrhotel.ru	Русская река: допоставка зеркал и стекла для спа	Алексей, добрый день! Поздравляю с открытием «Русской реки»: 15 сентября в Костроме открылся первый пятизвёздочный отель-спа. После открытия обычно нужна допоставка: зеркала для люксов и спа, стеклянные перегородки спа-зоны, консоли и столы. Собирать их у нескольких подрядчиков долго. Мы производим зеркала LED (7-12 рабочих дней с оплаты), перегородки (15-30), столы на металле (10-15), консоли 20-30. Гарантия по договору, доставка по России, монтаж в регионе - условия уточню. По партии срок подтвердим в расчёте. Пришлите список позиций, которые нужно докупить, - посчитаем за 2 рабочих дня, недостающие данные уточню сама. Если вопрос ведёт не вы, подскажите, кому переслать.	ГД самого отеля не найден, должность в юрлицах (в т.ч. ООО «Русский отель») уточнить
269	Парк-отель «Лаврово-Песочня»	К11 Отели и гостиничные компании	Ольга Викторовна Погосова, генеральный директор ООО «Лаврово-Песочня»	ДАННЫЕ	pesochnia@bk.ru	Аквапарк и термы «Лаврово-Песочни»: зеркала и стекло	Ольга, добрый день! 8 апреля в парк-отеле «Лаврово-Песочня» открылись крытый аквапарк на пять бассейнов и термальный комплекс из 11 бань и саун. В таких зонах перегородки и зеркала раздевалок повторяются десятками, и ошибка в размере видна сразу. Мы производим зеркала LED (7-12 рабочих дней с оплаты), стеклянные перегородки (15-30, стекло 8-10 мм при повышенных требованиях), столы для кафе на металле (10-15). Гарантия по договору, доставка по России, монтаж в регионе - условия уточню. По партии срок подтвердим в расчёте. Пришлите планировку раздевалок или список позиций - посчитаем за 2 рабочих дня, недостающие данные уточню сама. Если решения по комплектации принимает не вы, подскажите, кому переслать.	ГД в реестре с 2014 г.; управляющего или технического директора отеля не нашли, при звонке уточнить, кто решает по комплектации
270	Авто-Белогорье	К12 Автодилер	Павел Вячеславович Иванов, генеральный директор ООО «Авто-Белогорье»	ДАННЫЕ	client@belogorie-tenetplus.ru	ДЦ Tenet Plus в Старом Осколе: перегородки и стойки	Павел, добрый день! Поздравляю с открытием дилерского центра Tenet Plus в Старом Осколе: официальное открытие прошло 11 сентября на проспекте Алексея Угарова. В таком центре по стандарту бренда нужны стеклянные перегородки кабинетов, стойки ресепшн и столы менеджеров, а в следующих салонах набор повторяется. Мы производим это под размер и брендбук: перегородки - 15-30 рабочих дней с оплаты, столы на металле 10-15, доставка по России, монтаж в регионе - условия уточню. Если брендбук Tenet Plus не закрепляет поставщика и нужно доукомплектовать зону или готовится следующий салон, пришлите планировку - посчитаем за 2 рабочих дня, недостающие данные уточню сама. Если вопрос не по вашей части, подскажите, кому переслать.	проверить, что юрлицо rusprofile (Белгород) ведёт ДЦ в Старом Осколе; руководителя строительства или АХО группы не искали; из одной группы с №271 (AB Motors): отправлять не в один день
271	AB Motors (АБ Моторс)	К12 Автодилер	Александр Валентинович Крутчинин, генеральный директор ООО «АБ-Моторс»	ГИПОТЕЗА	client@abmotors-tenetplus.ru	Салон Tenet Plus 3 октября: если к открытию не хватает	Александр, добрый день! 3 октября открывается дилерский центр Tenet Plus на улице Остужева в Воронеже. Если к открытию не хватает зеркала или стола, напишите: проверю, что есть на складе с отгрузкой за 1-3 рабочих дня. Перегородки под заказ к этой дате уже не успеть, их честнее планировать на доукомплектацию. После открытия обычно всплывает, чего не хватило: перегородка переговорной, стол менеджера, зеркала в зоне ожидания. Это мы производим под размер и брендбук, доставка по России, монтаж в регионе - условия уточню. Подскажите, брендбук интерьера Tenet Plus закрепляет поставщика мебели или вы выбираете сами?	проверить ЛПР до отправки; дата открытия 03.10.2026 независимо не подтверждена, проверить фамилию и дату по РБК; возможный ЛПР выше: гендиректор группы «Авто-Белогорье» Иванов П.В. (№270); к 3 октября перегородки по срокам не успеть, письмо ставит на допоставку; из одной группы с №270 (Авто-Белогорье): отправлять не в один день
272	Тринити Моторс	К12 Автодилер	Алексей Валерьевич Васильев, генеральный директор ООО «Тринити Моторс»	ДАННЫЕ	reception@trinity-tenetplus.ru	Tenet Plus в Белгороде: перегородки и зеркала для салона	Алексей, добрый день! «Тринити Моторс» как действующий дилер Tenet добавляет дилерский центр нового бренда Tenet Plus, который презентовали 22 сентября. В таком центре по стандарту бренда нужны стеклянные перегородки кабинетов, столы менеджеров, зеркала в клиентскую зону, и всё к дате открытия. Мы производим это под размер и брендбук: перегородки - 15-30 рабочих дней с оплаты, столы на металле 10-15, доставка по России, монтаж в регионе - условия уточню. Если брендбук Tenet Plus не закрепляет поставщика, пришлите планировку - посчитаем за 2 рабочих дня, недостающие данные уточню сама. Если этим занимается другой человек, подскажите, кому переслать.	факт не подтверждён: конкретное событие «Тринити Моторс» в сентябре 2026 не подтверждено; есть второе юрлицо ООО «Тринити Моторс М», проверить, какое ведёт Tenet Plus
273	Вип Авто (Тверь)	К12 Автодилер	Игорь Владимирович Юклянюк, директор ООО «Вип-Авто Т» (Тверь)	ГИПОТЕЗА	info@vipauto-tenetplus.ru	Tenet Plus в Твери: перегородки и столы для двух салонов	Игорь, добрый день! У «Вип Авто» в Твери две точки Tenet, на Московском шоссе, 21 и на улице Антонова-Овсеенко, 46, и вы подключаетесь к новому бренду Tenet Plus. В салоне по стандарту бренда нужны стеклянные перегородки кабинетов, столы менеджеров, зеркала в зону ожидания. На двух точках набор одинаковый. Мы производим это под размер и брендбук: перегородки - 15-30 рабочих дней с оплаты, столы на металле 10-15, доставка по России, монтаж в регионе - условия уточню. По партии срок подтвердим в расчёте. Если брендбук Tenet Plus не закрепляет поставщика, пришлите планировку - посчитаем оба салона за 2 рабочих дня, недостающие данные уточню сама. Если вопрос не по вашей части, подскажите, кому переслать.	проверить ЛПР до отправки; на одном адресе несколько юрлиц (Вип-Авто Т, Спорт, К, Л), какое ведёт Tenet Plus - неясно; должность с 2019 г., актуальность проверить; дата факта из файла
274	Автоград (Калуга)	К12 Автодилер		не найдено	sales_tenet.plus@autograd.group	Tenet Plus в Калуге: перегородки и мебель для салона	Добрый день! «Автоград» в Калуге работает с Tenet на Тульском шоссе, 14Б, и в дилерской сети стартует новый бренд Tenet Plus. В салоне по стандарту бренда нужны стеклянные перегородки кабинетов, столы менеджеров, зеркала в клиентскую зону, и всё к дате открытия. Мы производим это под размер и брендбук: перегородки - 15-30 рабочих дней с оплаты, столы на металле 10-15, доставка по России, монтаж в регионе - условия уточню. Если брендбук Tenet Plus не закрепляет поставщика, пришлите планировку - посчитаем за 2 рабочих дня, недостающие данные уточню сама. Если удобнее передать дальше, перешлите, пожалуйста, коллеге, который отвечает за открытие и оснащение салонов.	сначала звонок: узнать имя, письмо после; факт не подтверждён: открытие ДЦ Tenet Plus не подтверждено; ЛПР не найден: проверить ГД юрлица Автоград или Автоград Юг по ЕГРЮЛ; email отдела Tenet Plus, не персональный
275	Автоэкспресс (Иваново)	К12 Автодилер	Джаваншир Мамед оглы Везиров, директор ООО «Автоэкспресс-Плюс» (Иваново)	ГИПОТЕЗА	info@avtoexpress-tenetplus.ru	Tenet Plus в Иваново: перегородки кабинетов и мебель	Джаваншир, добрый день! «Автоэкспресс» в Иваново, официальный дилер Chery и Tenet, подключается к новому бренду Tenet Plus. В салоне по стандарту бренда нужны стеклянные перегородки кабинетов, столы менеджеров, зеркала в клиентскую зону, и всё к дате открытия. Мы производим это под размер и брендбук: перегородки - 15-30 рабочих дней с оплаты, столы на металле 10-15, доставка по России, монтаж в регионе - условия уточню. Если брендбук Tenet Plus не закрепляет поставщика, пришлите планировку - посчитаем за 2 рабочих дня, недостающие данные уточню сама. Если тема не ваша, подскажите, кому переслать.	проверить ЛПР до отправки; факт не подтверждён: открытие ДЦ Tenet Plus не подтверждено; юрлицо совпадает только по названию и городу, ДЦ Tenet может вести другое юрлицо
276	Лидер Авто (Кострома)	К12 Автодилер		не найдено	info@tenet-leaderavto.ru	Tenet Plus в Костроме: перегородки и мебель для салона	Добрый день! «Лидер Авто» в Костроме, официальный дилер Tenet на улице Локомотивной, 2в, включён в дилерскую сеть нового бренда Tenet Plus. В салоне по стандарту бренда нужны стеклянные перегородки кабинетов, столы менеджеров, зеркала в клиентскую зону, и всё к дате открытия. Мы производим это под размер и брендбук: перегородки - 15-30 рабочих дней с оплаты, столы на металле 10-15, доставка по России, монтаж в регионе - условия уточню. Если брендбук Tenet Plus не закрепляет поставщика, пришлите планировку - посчитаем за 2 рабочих дня, недостающие данные уточню сама. Если вопрос не к вам, перешлите, пожалуйста, коллеге, который отвечает за открытие и оснащение салонов.	сначала звонок: узнать имя, письмо после; ЛПР не найден: юрлицо дилера не установлено (в выдаче «Лидер Премиум», «Лидер-Сервис» - связь не подтверждена); факт не подтверждён: включение в сеть Tenet Plus по сигналу файла
277	Автосалон Глобус (Тамбов)	К12 Автодилер		не найдено	office@tenet-globus.ru	Tenet Plus в Тамбове: перегородки и мебель для салона	Добрый день! Автосалон «Глобус» в Тамбове включён в дилерскую сеть нового бренда Tenet Plus, у салона уже есть сайт globus-tenetplus.ru. В салоне по стандарту бренда нужны стеклянные перегородки кабинетов, столы менеджеров, зеркала в клиентскую зону, и всё к дате открытия. Мы производим это под размер и брендбук: перегородки - 15-30 рабочих дней с оплаты, столы на металле 10-15, доставка по России, монтаж в регионе - условия уточню. Если брендбук Tenet Plus не закрепляет поставщика, пришлите планировку - посчитаем за 2 рабочих дня, недостающие данные уточню сама. Если это не ваша зона, перешлите, пожалуйста, коллеге, который отвечает за открытие и оснащение салонов.	сначала звонок: узнать имя, письмо после; ЛПР не найден, проверить ГД по ЕГРЮЛ; факт не перепроверен: поиск не выполнялся, факт из сигнала файла
278	UTFC (ООО «Фест»)	К7 Серийная мебельная фабрика		не найдено	sales@utfc.ru	Стеклянные столы к модульным диванам и креслам UTFC	Добрый день! UTFC запустила новую категорию, модульные диваны, и новые модели кресел СН-111 и СН-105. К диванам и лаунж-зонам нужны журнальные столики, и стекло с металлическими опорами в мебельном цеху обычно не делают. Мы можем делать такие столы партиями как комплектующие: стеклянные столешницы на металлических опорах, 10-15 рабочих дней с оплаты. Производство и сборка у нас, металл режем и красим сами, возможна работа под вашей маркой, условия обсудим. По партии срок подтвердим в расчёте. Пришлите чертёж одной позиции и объём в месяц - посчитаем партию за 2 рабочих дня, недостающие данные уточню сама. Если удобнее передать дальше, перешлите, пожалуйста, коллеге, который отвечает за закупку комплектующих.	сначала звонок: узнать имя, письмо после; ЛПР не найден, проверить ГД по ЕГРЮЛ (ООО «Фест»); факт не перепроверен: поиск не выполнялся, факт из сигнала файла
279	Марион	К6 Комплектатор образования		не найдено	marion-pavel@mail.ru	Контракт для Судебного департамента: стекло и доски	Добрый день! Ваш контракт от 21 сентября: офисные тумбы для Управления Судебного департамента в Липецкой области. В таких закупках рядом с тумбами обычно нужны перегородки для кабинетов, маркерные доски и столы, и стекло чаще всего берут у отдельного поставщика. GENGLASS производит стеклянные перегородки (15-30 рабочих дней с оплаты), маркерные доски из закалённого осветлённого стекла (10-15) и столы на металлокаркасе (10-15). Можно закладывать их в вашу спецификацию как отдельную позицию. Пришлите позицию из ТЗ ближайшего лота - посчитаем за 2 рабочих дня, недостающие данные уточню сама. Если в цену не попадём, скажу сразу. Если вопрос не к вам, перешлите, пожалуйста, коллеге, который ведёт тендеры.	сначала звонок: узнать имя, письмо после; ЛПР не найден, проверить ГД по ЕГРЮЛ; факт не перепроверен: поиск не выполнялся, факт из сигнала файла
280	Товары для офиса (Курск)	К6 Комплектатор образования		не найдено	tdo46@mail.ru	Курская облдума: перегородки, доски и зеркала	Добрый день! Ваш контракт от 14 сентября: мебель для сидения для Курской областной думы. В таких закупках рядом с мебелью для сидения обычно нужны перегородки для кабинетов, маркерные доски и зеркала, и стекло чаще всего берут у отдельного поставщика. GENGLASS производит стеклянные перегородки (15-30 рабочих дней с оплаты), маркерные доски из закалённого осветлённого стекла (10-15) и столы на металлокаркасе (10-15). Можно закладывать их в вашу спецификацию как отдельную позицию. Пришлите позицию из ТЗ ближайшего лота - посчитаем за 2 рабочих дня, недостающие данные уточню сама. Если в цену не попадём, скажу сразу. Если это не ваша зона, перешлите, пожалуйста, коллеге, который ведёт тендеры.	сначала звонок: узнать имя, письмо после; ЛПР не найден, проверить ГД по ЕГРЮЛ; факт не перепроверен: поиск не выполнялся, факт из сигнала файла
281	ОМИС-Трейд	К6 Комплектатор образования		не найдено	omis-tver@mail.ru	Администрация района: стекло для кабинетов и доски	Добрый день! Ваш контракт от 7 сентября: металлические офисные шкафы для администрации Пролетарского района. В таких закупках рядом с шкафами обычно нужны перегородки для кабинетов и маркерные доски, и стекло чаще всего берут у отдельного поставщика. GENGLASS производит стеклянные перегородки (15-30 рабочих дней с оплаты), маркерные доски из закалённого осветлённого стекла (10-15) и столы на металлокаркасе (10-15). Можно закладывать их в вашу спецификацию как отдельную позицию. Пришлите позицию из ТЗ ближайшего лота - посчитаем за 2 рабочих дня, недостающие данные уточню сама. Если в цену не попадём, скажу сразу. Если удобнее передать дальше, перешлите, пожалуйста, коллеге, который ведёт тендеры.	сначала звонок: узнать имя, письмо после; ЛПР не найден, проверить ГД по ЕГРЮЛ; факт не перепроверен: поиск не выполнялся, факт из сигнала файла
282	Профофис (МК Тверь)	К6 Комплектатор образования		не найдено	info@mktver.ru	Судебный департамент в Твери: перегородки и доски	Добрый день! Ваш контракт от 21 сентября: мебель для сидения для Управления Судебного департамента в Тверской области. В таких закупках рядом с мебелью для сидения обычно нужны перегородки для кабинетов и маркерные доски, и стекло чаще всего берут у отдельного поставщика. GENGLASS производит стеклянные перегородки (15-30 рабочих дней с оплаты), маркерные доски из закалённого осветлённого стекла (10-15) и столы на металлокаркасе (10-15). Можно закладывать их в вашу спецификацию как отдельную позицию. Пришлите позицию из ТЗ ближайшего лота - посчитаем за 2 рабочих дня, недостающие данные уточню сама. Если в цену не попадём, скажу сразу. Если вопрос не к вам, перешлите, пожалуйста, коллеге, который ведёт тендеры.	сначала звонок: узнать имя, письмо после; ЛПР не найден, проверить ГД по ЕГРЮЛ; факт не перепроверен: поиск не выполнялся, факт из сигнала файла
283	Класс (Смоленск)	К6 Комплектатор образования		не найдено	info@klass-company.ru	Медучреждения: стеклянные перегородки и зеркала	Добрый день! У связанного с вами ООО «Офис Плюс» контракт от 21 сентября на металлические кровати для областного медучреждения. В таких закупках рядом с кроватями обычно нужны перегородки и зеркала для отделений, и стекло чаще всего берут у отдельного поставщика. GENGLASS производит стеклянные перегородки (15-30 рабочих дней с оплаты), зеркала (в раме 5-10 рабочих дней, с подсветкой 7-12) и столы на металлокаркасе (10-15). Можно закладывать их в вашу спецификацию как отдельную позицию. Пришлите позицию из ТЗ ближайшего лота - посчитаем за 2 рабочих дня, недостающие данные уточню сама. Если в цену не попадём, скажу сразу. Если это не ваша зона, перешлите, пожалуйста, коллеге, который ведёт тендеры.	сначала звонок: узнать имя, письмо после; ЛПР не найден, проверить ГД по ЕГРЮЛ; факт не перепроверен: поиск не выполнялся, факт из сигнала файла; факт не подтверждён: контракт у связанного юрлица ООО «Офис Плюс» (домен klass-company.ru)
284	Климат-Т	К6 Комплектатор образования		не найдено	klimat-t.sm@yandex.ru	Смоленский педколледж: маркерные доски и мебель	Добрый день! Ваш контракт от 22 июля: конструкторские и игровые наборы для Смоленского педагогического колледжа. В таких закупках рядом с наборами для колледжа обычно нужны стеклянные маркерные доски и мебель для мастерских и лабораторий, и стекло чаще всего берут у отдельного поставщика. GENGLASS производит стеклянные перегородки (15-30 рабочих дней с оплаты), маркерные доски из закалённого осветлённого стекла (10-15) и столы на металлокаркасе (10-15). Можно закладывать их в вашу спецификацию как отдельную позицию. Пришлите позицию из ТЗ ближайшего лота - посчитаем за 2 рабочих дня, недостающие данные уточню сама. Если в цену не попадём, скажу сразу. Если удобнее передать дальше, перешлите, пожалуйста, коллеге, который ведёт тендеры.	сначала звонок: узнать имя, письмо после; ЛПР не найден, проверить ГД по ЕГРЮЛ; факт не перепроверен: поиск не выполнялся, факт из сигнала файла
285	Саула-Запад	К6 Комплектатор образования		не найдено	saula-zapad@yandex.ru	Детская больница: стеклянные перегородки и зеркала	Добрый день! Ваш контракт от 22 сентября: металлические шкафы для одежды для Детской клинической больницы. В таких закупках рядом с шкафами обычно нужны перегородки и зеркала для отделений, и стекло чаще всего берут у отдельного поставщика. GENGLASS производит стеклянные перегородки (15-30 рабочих дней с оплаты), зеркала (в раме 5-10 рабочих дней, с подсветкой 7-12) и столы на металлокаркасе (10-15). Можно закладывать их в вашу спецификацию как отдельную позицию. Пришлите позицию из ТЗ ближайшего лота - посчитаем за 2 рабочих дня, недостающие данные уточню сама. Если в цену не попадём, скажу сразу. Если вопрос не к вам, перешлите, пожалуйста, коллеге, который ведёт тендеры.	сначала звонок: узнать имя, письмо после; ЛПР не найден, проверить ГД по ЕГРЮЛ; факт не перепроверен: поиск не выполнялся, факт из сигнала файла
286	Кратт	К6 Комплектатор образования		не найдено	kratt.sml@yandex.ru	Детская больница: перегородки и зеркала для кабинетов	Добрый день! Ваш контракт от 16 сентября: медицинская мебель для Детской клинической больницы. В таких закупках рядом с медицинской мебелью обычно нужны перегородки и зеркала для медкабинетов, и стекло чаще всего берут у отдельного поставщика. GENGLASS производит стеклянные перегородки (15-30 рабочих дней с оплаты), зеркала (в раме 5-10 рабочих дней, с подсветкой 7-12) и столы на металлокаркасе (10-15). Можно закладывать их в вашу спецификацию как отдельную позицию. Пришлите позицию из ТЗ ближайшего лота - посчитаем за 2 рабочих дня, недостающие данные уточню сама. Если в цену не попадём, скажу сразу. Если это не ваша зона, перешлите, пожалуйста, коллеге, который ведёт тендеры.	сначала звонок: узнать имя, письмо после; ЛПР не найден, проверить ГД по ЕГРЮЛ; факт не перепроверен: поиск не выполнялся, факт из сигнала файла
287	Торговая реклама (Орёл)	К6 Комплектатор образования		не найдено	pena@torgavto.com	Колледж «Запад»: маркерные доски и перегородки	Добрый день! Ваш контракт от 2 сентября: металлические архивные шкафы для колледжа МОК «Запад». В таких закупках рядом с архивными шкафами обычно нужны стеклянные маркерные доски и перегородки, и стекло чаще всего берут у отдельного поставщика. GENGLASS производит стеклянные перегородки (15-30 рабочих дней с оплаты), маркерные доски из закалённого осветлённого стекла (10-15) и столы на металлокаркасе (10-15). Можно закладывать их в вашу спецификацию как отдельную позицию. Пришлите позицию из ТЗ ближайшего лота - посчитаем за 2 рабочих дня, недостающие данные уточню сама. Если в цену не попадём, скажу сразу. Если удобнее передать дальше, перешлите, пожалуйста, коллеге, который ведёт тендеры.	сначала звонок: узнать имя, письмо после; ЛПР не найден, проверить ГД по ЕГРЮЛ; факт не перепроверен: поиск не выполнялся, факт из сигнала файла
288	ГК Стройкомплект (Тула)	К8 Девелопер		не найдено	ooostroikomplekt@mail.ru	Квартал «Счастье моё»: зеркала и стекло для МОП	Добрый день! 25 сентября вы открыли продажи в новом семейном квартале «Счастье моё». На МОП и во входных группах повторяются одни и те же позиции: зеркала, стеклянные перегородки, стойки. Их обычно закупают последними и в сжатый срок. Мы производим это под размер объекта. Гарантия по договору, доставка по России, монтаж в регионе - условия уточню. Подскажите, отделку МОП закупаете сами или через генподрядчика? Если сами, пришлите ТЗ или дату тендера - подготовимся заранее. Если вопрос не к вам, перешлите, пожалуйста, коллеге, который отвечает за закупку отделки.	сначала звонок: узнать имя, письмо после; ЛПР не найден, проверить ГД по ЕГРЮЛ; факт не перепроверен: поиск не выполнялся, факт из сигнала файла
289	Инвест76 (3D-глэмпинг на оз. Неро)	К11 Отели и гостиничные компании		не найдено		Отель из 3D-печати в Ростове Великом: зеркала и душевые	Добрый день! В июле анонсировано строительство первой гостиницы из 3D-печати в Ростове Великом, в формате глэмпинга на озере Неро. В модульных номерах зеркала и душевые перегородки повторяются на каждом модуле, поэтому размер фиксируют один раз, по образцу одного изделия. Мы производим зеркала LED (7-12 рабочих дней с оплаты), душевые перегородки (15-30), столы для ресторана на металле (10-15). Гарантия по договору, доставка по России, монтаж в регионе - условия уточню. По партии срок подтвердим в расчёте. Пришлите размеры типового модуля - сделаем образец одного изделия на утверждение и посчитаем за 2 рабочих дня, недостающие данные уточню сама, условия образца уточню. Если вопрос не к вам, перешлите, пожалуйста, дизайнеру FF&E или управляющей компании отеля.	нет email, только звонок; сначала звонок: узнать имя, письмо после; ЛПР не найден, проверить ГД по ЕГРЮЛ; факт не перепроверен: поиск не выполнялся, факт из сигнала файла
290	Никольское-Резорт	К11 Отели и гостиничные компании		не найдено		Никольское-Резорт: зеркала и душевые для 20 домов	Добрый день! В июне на ПМЭФ-2026 «Никольское-Резорт» подписало соглашение со Смоленской областью. В курорте с отдельными домами зеркала и душевые перегородки повторяются в каждом доме, и утверждённый образец одного изделия экономит время на всю партию. Мы производим зеркала LED (7-12 рабочих дней с оплаты), душевые перегородки (15-30), столы для ресторана на металле (10-15). Гарантия по договору, доставка по России, монтаж в регионе - условия уточню. По партии срок подтвердим в расчёте. Пришлите размеры типового дома - сделаем образец одного изделия на утверждение и посчитаем за 2 рабочих дня, недостающие данные уточню сама, условия образца уточню. Если вопрос не к вам, перешлите, пожалуйста, дизайнеру FF&E или управляющей компании отеля.	нет email, только звонок; сначала звонок: узнать имя, письмо после; ЛПР не найден, проверить ГД по ЕГРЮЛ; факт не перепроверен: поиск не выполнялся, факт из сигнала файла; число домов (20) из поля предложения, в письме не названо
291	Интер-отель (гостиница на Волжской набережной)	К11 Отели и гостиничные компании		не найдено		Гостиница на Волжской набережной: зеркала и стекло	Добрый день! 27 апреля «Интер-отель» получил положительное заключение госэкспертизы на гостиницу на Волжской набережной. На стадии проекта проще заложить размеры зеркал и стекла санузлов, чем потом менять позиции на то, что есть на рынке. Мы производим зеркала LED (7-12 рабочих дней с оплаты), стеклянные перегородки санузлов (15-30), столы для лобби на металле (10-15). Гарантия по договору, доставка по России, монтаж в регионе - условия уточню. По партии срок подтвердим в расчёте. Пришлите проект санузла или номера - посчитаем за 2 рабочих дня, недостающие данные уточню сама, чтобы вы заложили позиции заранее. Если вопрос не к вам, перешлите, пожалуйста, дизайнеру FF&E или управляющей компании отеля.	нет email, только звонок; сначала звонок: узнать имя, письмо после; ЛПР не найден, проверить ГД по ЕГРЮЛ; факт не перепроверен: поиск не выполнялся, факт из сигнала файла
292	Бутик-отель «Дом Демидова»	К11 Отели и гостиничные компании		не найдено		Бутик-отель «Дом Демидова»: зеркала, душевые и консоли	Добрый день! У бутик-отеля «Дом Демидова» на сайте написано «скоро откроет двери», а в июне на ПМЭФ подписано соглашение по проекту. В бутик-отеле зеркала, душевые перегородки и консоли обычно нестандартные по размеру, и их заказывают через архитектора с образцом. Мы производим зеркала сложного контура (овал, арка, капсула) и LED (7-12 рабочих дней с оплаты), душевые перегородки (15-30), консоли и столы на металле. Гарантия по договору, доставка по России, монтаж в регионе - условия уточню. По партии срок подтвердим в расчёте. Пришлите чертёж или эскиз позиции - посчитаем за 2 рабочих дня, недостающие данные уточню сама. Если вопрос не к вам, перешлите, пожалуйста, дизайнеру FF&E или управляющей компании отеля.	нет email, только звонок; сначала звонок: узнать имя, письмо после; ЛПР не найден, проверить ГД по ЕГРЮЛ; факт не перепроверен: поиск не выполнялся, факт из сигнала файла
293	УК Ростов Великий	К11 Отели и гостиничные компании		не найдено		Бутик-отель в Ростове Великом: зеркала и душевые	Добрый день! 3 июня на ПМЭФ подписано соглашение о бутик-отеле в Ростове Великом с участием УК «Ростов Великий». На этапе проекта проще заложить размеры зеркал и стекла санузлов, чем потом менять позиции на то, что есть. Мы производим зеркала LED (7-12 рабочих дней с оплаты), стеклянные перегородки санузлов (15-30), столы для лобби на металле (10-15). Гарантия по договору, доставка по России, монтаж в регионе - условия уточню. По партии срок подтвердим в расчёте. Пришлите проект номера, когда он будет - посчитаем за 2 рабочих дня, недостающие данные уточню сама. Если вопрос не к вам, перешлите, пожалуйста, дизайнеру FF&E или управляющей компании отеля.	нет email, только звонок; сначала звонок: узнать имя, письмо после; ЛПР не найден, проверить ГД по ЕГРЮЛ; факт не перепроверен: поиск не выполнялся, факт из сигнала файла; проверить, что бутик-отель - проект именно УК «Ростов Великий»
294	Волга Вилидж отель	К11 Отели и гостиничные компании		не найдено		Волга Вилидж: зеркала и душевые для 34 номеров	Добрый день! «Волга Вилидж отель» вошёл в список строящихся загородных комплексов области, вторая очередь на 34 номера запланирована до декабря 2027. В модульных номерах зеркала и душевые перегородки повторяются на каждом модуле, поэтому размер фиксируют один раз, по образцу одного изделия. Мы производим зеркала LED (7-12 рабочих дней с оплаты), душевые перегородки (15-30), столы для ресторана на металле (10-15). Гарантия по договору, доставка по России, монтаж в регионе - условия уточню. По партии срок подтвердим в расчёте. Пришлите размеры типового номера - посчитаем за 2 рабочих дня, недостающие данные уточню сама. Если вопрос не к вам, перешлите, пожалуйста, дизайнеру FF&E или управляющей компании отеля.	нет email, только звонок; сначала звонок: узнать имя, письмо после; ЛПР не найден, проверить ГД по ЕГРЮЛ; факт не перепроверен: поиск не выполнялся, факт из сигнала файла
295	Глэмпинг «Вежи Волжские»	К11 Отели и гостиничные компании	Сергей Чернышев, инвестор	ГИПОТЕЗА		Глэмпинг «Вежи Волжские»: зеркала и душевые перегородки	Сергей, добрый день! «Вежи Волжские» расширяются: модульная гостиница на 16 номеров и 10 коттеджей. В модулях и коттеджах зеркала и душевые перегородки повторяются десятками, поэтому размер фиксируют один раз, по образцу одного изделия, и дальше заказывают партией без сюрпризов. Мы производим зеркала LED (7-12 рабочих дней с оплаты), душевые перегородки (15-30), столы для кафе на металле (10-15). Гарантия по договору, доставка по России, монтаж в регионе - условия уточню. По партии срок подтвердим в расчёте. Пришлите размеры типового номера или коттеджа - сделаем образец одного изделия на утверждение и посчитаем всю партию за 2 рабочих дня, недостающие данные уточню сама, условия образца уточню. Если вопрос не к вам, подскажите, кому переслать.	проверить ЛПР до отправки; нет email, только звонок; ЛПР взят из входного файла, не перепроверен; в базе в предложении 29 номеров, в факте 16 номеров и 10 коттеджей, число в письме взято из факта; факт не перепроверен: поиск не выполнялся, факт из сигнала файла
296	Глэмпинг «Туно»	К11 Отели и гостиничные компании	Светлана Прокофьева, сооснователь	ГИПОТЕЗА		Глэмпинг «Туно»: зеркала и душевые для 2-й очереди	Светлана, добрый день! В глэмпинге «Туно» строится вторая очередь на 18 номеров, завершение к концу 2026 года. К концу года времени немного, поэтому зеркала и душевые перегородки для 18 номеров лучше заказать партией по образцу одного изделия, утверждённому заранее, а не по одному номеру. Мы производим зеркала LED (7-12 рабочих дней с оплаты), душевые перегородки (15-30). Гарантия по договору, доставка по России, монтаж в регионе - условия уточню. По партии срок подтвердим в расчёте. Пришлите размеры типового номера - сделаем образец одного изделия на утверждение и посчитаем партию на 18 номеров за 2 рабочих дня, недостающие данные уточню сама, условия образца уточню. Если тема сейчас не в работе, ответьте одним словом.	проверить ЛПР до отправки; нет email, только звонок; ЛПР взят из входного файла, не перепроверен; факт не перепроверен: поиск не выполнялся, факт из сигнала файла
297	ЖАК ГРУПП (отель в историческом центре Тулы)	К11 Отели и гостиничные компании	Манук Аветисян, глава ГК «ЖАК ГРУПП»	ГИПОТЕЗА		Отель в центре Тулы: зеркала и стекло для номеров	Манук, добрый день! В мае вы анонсировали строительство отеля в историческом центре Тулы. В проекте на стадии замысла проще заложить размеры зеркал и стекла санузлов, чем потом менять позиции на то, что есть. Мы производим зеркала LED (7-12 рабочих дней с оплаты), стеклянные перегородки санузлов (15-30), столы для ресторана и лобби на металле (10-15). Гарантия по договору, доставка по России, монтаж в регионе - условия уточню. По партии срок подтвердим в расчёте. Когда появится проект номера или ресторана, пришлите его - посчитаем позиции за 2 рабочих дня, недостающие данные уточню сама, чтобы вы заложили их в спецификацию заранее. Если рано, ответьте одним словом.	проверить ЛПР до отправки; нет email, только звонок; ЛПР взят из входного файла, не перепроверен; факт не перепроверен: поиск не выполнялся, факт из сигнала файла
298	Контактная механика (бутик-отель в Калязине)	К11 Отели и гостиничные компании		не найдено		Бутик-отель в Калязине: зеркала, душевые и столы	Добрый день! На ПМЭФ-2026 подписано соглашение о создании бутик-отеля в Калязине с участием «Контактной механики». В бутик-отеле зеркала, душевые перегородки и столы обычно нестандартные по размеру, и их согласуют по образцу до партии. Мы производим зеркала сложного контура (овал, арка, капсула) и LED (7-12 рабочих дней с оплаты), душевые перегородки (15-30), столы на металле для номеров и ресторана (10-15). Гарантия по договору, доставка по России, монтаж в регионе - условия уточню. По партии срок подтвердим в расчёте. Пришлите проект номера или ресторана, когда он появится - посчитаем за 2 рабочих дня, недостающие данные уточню сама. Если вопрос не к вам, перешлите, пожалуйста, дизайнеру FF&E или управляющей компании отеля.	нет email, только звонок; сначала звонок: узнать имя, письмо после; ЛПР не найден, проверить ГД по ЕГРЮЛ; факт не перепроверен: поиск не выполнялся, факт из сигнала файла
299	Загородный клуб «Есенинская Русь»	К11 Отели и гостиничные компании		не найдено		Загородный клуб «Есенинская Русь»: зеркала и душевые	Добрый день! Открыт загородный клуб «Есенинская Русь» с 31 домом и конференц-залом. В гостевых домах зеркала и душевые перегородки повторяются в каждом доме, а конференц-залу обычно нужны стеклянные перегородки. Мы производим зеркала LED (7-12 рабочих дней с оплаты), душевые и стеклянные перегородки (15-30), столы на металле (10-15). Гарантия по договору, доставка по России, монтаж в регионе - условия уточню. По партии срок подтвердим в расчёте. Пришлите размеры типового дома и размеры конференц-зала - посчитаем допоставку за 2 рабочих дня, недостающие данные уточню сама. Если вопрос не к вам, перешлите, пожалуйста, дизайнеру FF&E или управляющей компании отеля.	нет email, только звонок; сначала звонок: узнать имя, письмо после; ЛПР не найден, проверить ГД по ЕГРЮЛ; факт не перепроверен: поиск не выполнялся, факт из сигнала файла
300	Корфу Групп (придорожные комплексы NAVIGATOR)	К11 Отели и гостиничные компании	Ирина Ковалева, генеральный директор	ГИПОТЕЗА		Придорожные комплексы NAVIGATOR: типовой набор для мотелей	Ирина, добрый день! На ПМЭФ-2026 «Корфу Групп» подписала соглашение о строительстве придорожных комплексов NAVIGATOR с мотелями. В серии однотипных мотелей размер зеркал и душевых удобно зафиксировать один раз и повторять на каждом комплексе. Мы производим зеркала LED (7-12 рабочих дней с оплаты), душевые перегородки (15-30), столы для кафе на металле (10-15). Гарантия по договору, доставка по России, монтаж в регионе - условия уточню. По партии срок подтвердим в расчёте. Пришлите размеры типового номера мотеля и кафе - сделаем образец одного изделия на утверждение и посчитаем типовой комплект за 2 рабочих дня, недостающие данные уточню сама, условия образца уточню. Если вопрос не к вам, подскажите, кому переслать.	проверить ЛПР до отправки; нет email, только звонок; ЛПР взят из входного файла, не перепроверен; факт не перепроверен: поиск не выполнялся, факт из сигнала файла
301	Авто Ленд	К12 Автодилер		не найдено		ДЦ Foton в Воронеже: перегородки офиса продаж	Добрый день! «Авто Ленд» открыл в Воронеже дилерский центр Foton на 1406 кв. м с шоурумом на 423 кв. м. В таком центре по стандарту бренда нужны стеклянные перегородки офиса продаж и клиентской зоны, столы переговоров, зеркала. Мы производим это под размер и брендбук: перегородки - 15-30 рабочих дней с оплаты, столы на металле 10-15, доставка по России, монтаж в регионе - условия уточню. Если брендбук Foton не закрепляет поставщика, пришлите планировку следующего центра - посчитаем за 2 рабочих дня, недостающие данные уточню сама. Если это не ваша зона, перешлите, пожалуйста, коллеге, который отвечает за открытие и оснащение центров.	нет email, только звонок; сначала звонок: узнать имя, письмо после; ЛПР не найден, проверить ГД по ЕГРЮЛ; факт не перепроверен: поиск не выполнялся, факт из сигнала файла
302	Авто Премиум (Тверь)	К12 Автодилер		не найдено		Салон Avatr в Твери: перегородки и зеркала для шоурума	Добрый день! «Авто Премиум» открыл в Твери салон Avatr. В шоуруме по стандарту бренда нужны стеклянные перегородки переговорных и кабинетов, зеркала в зону ожидания, столы переговоров. Мы производим это под размер и брендбук: перегородки - 15-30 рабочих дней с оплаты, зеркала LED 7-12, столы на металле 10-15, доставка по России, монтаж в регионе - условия уточню. Если брендбук Avatr не закрепляет поставщика, пришлите планировку следующего салона - посчитаем за 2 рабочих дня, недостающие данные уточню сама. Если удобнее передать дальше, перешлите, пожалуйста, коллеге, который отвечает за открытие и оснащение салонов.	нет email, только звонок; сначала звонок: узнать имя, письмо после; ЛПР не найден, проверить ГД по ЕГРЮЛ; факт не перепроверен: поиск не выполнялся, факт из сигнала файла
303	Дебрянск Авто	К12 Автодилер		не найдено		ДЦ Haval City в Брянске: перегородки и столы переговоров	Добрый день! «Дебрянск Авто» открывал в Брянске дилерский центр Haval City. В таком центре по стандарту бренда нужны стеклянные перегородки переговорных и кабинетов, столы переговоров, зеркала в зону ожидания. Мы производим это под размер и брендбук: перегородки - 15-30 рабочих дней с оплаты, столы на металле 10-15, доставка по России, монтаж в регионе - условия уточню. Если брендбук Haval City не закрепляет поставщика, пришлите планировку следующего центра - посчитаем за 2 рабочих дня, недостающие данные уточню сама. Если вопрос не к вам, перешлите, пожалуйста, коллеге, который отвечает за открытие и оснащение центров.	нет email, только звонок; сначала звонок: узнать имя, письмо после; ЛПР не найден, проверить ГД по ЕГРЮЛ; факт не перепроверен: поиск не выполнялся, факт из сигнала файла; факт устарел: данные на август 2025, открытие давнее, в письме без даты
304	Натура (сеть кофеен-бистро)	К13 Ресторанные группы и сети	Амбарцум Григорян, сооснователь	ГИПОТЕЗА		Натура: типовой набор зеркал и столов для франшизы	Амбарцум, добрый день! Читала интервью сооснователя «Натуры» от 31 июля: до конца 2026 года вы планируете открыть ещё пять точек и выйти в Москву и ЦФО по франшизе. При франшизе то, что видит гость, лучше зафиксировать в стандарте бренда: зеркала, столы, перегородки. Иначе каждый франчайзи подбирает своё. Мы производим зеркала (в раме 5-10 рабочих дней с оплаты, с подсветкой 7-12), столы на металле (10-15), металл режем и красим сами, стеклянные перегородки. По партии срок подтвердим в расчёте. Пришлите список позиций типовой точки - посчитаем за 2 рабочих дня, недостающие данные уточню сама. Если этим занимается другой человек, подскажите, кому переслать.	проверить ЛПР до отправки; нет email, только звонок; ЛПР взят из входного файла, не перепроверен (в базе также Александр Данилов, сооснователь); факт не перепроверен: поиск не выполнялся, факт из сигнала файла
