№	Компания	Сегмент	Кому (ФИО, должность)	Уверенность ЛПР	Email	Тема	Тело письма	Флаги
1	VOX Architects	К10 Архитектор / дизайн-бюро	Борис Воскобойников, Основатель VOX Architects	ГИПОТЕЗА	info@vox-architects.com	Офис AZOT GROUP на 95 этаже: стекло в спецификации	Борис, добрый день! Офис AZOT GROUP на 95 этаже башни «Федерация» взял Гран-при Best Office Awards 2026: три уровня, 2642 м² и стеклянный купол. Поздравляю. Когда бюро закладывает стекло в спецификацию, на объекте часто упираются в срок или нестандартный размер, и позицию меняют на то, что есть. Делаем стеклянные перегородки (фиксированные, распашные, раздвижные), стеклянные маркерные доски и зеркала сложного контура: овал, арка, капсула. Перегородки - 15-30 рабочих дней с оплаты, доски - 10-15. Производство и сборка свои, металл режем и красим сами. Могу прислать материалы для спецификаций и привезти образцы стекла и профиля в бюро. Удобно на этой или следующей неделе? Если не актуально, ответьте одним словом.	проверить ЛПР до отправки; для К10 найти руководителя комплектации или партнёра по офисам; дату страницы о бюро проверить
2	OFFCON	К10 Архитектор / дизайн-бюро	Алексей Литин, Генеральный директор OFFCON (Фёдор Ращевский - партнёр бюро)	ДАННЫЕ	info@offcon.ru	Интерьер Avito: перегородки и доски в спецификации	Алексей, добрый день! Интерьер Avito победил на Best Office Awards 2026 в номинации «Организация пространства». Поздравляю. Стекло в спецификации чаще всего ломается на сроках и нестандартных размерах: на объекте позицию заменяют на складскую. Делаем стеклянные перегородки (фиксированные, распашные, раздвижные), стеклянные маркерные доски и зеркала сложного контура: овал, арка, капсула. Перегородки - 15-30 рабочих дней с оплаты, доски - 10-15. Производство и сборка свои, металл режем и красим сами. Привезу в бюро образцы стекла и профиля и материалы для спецификаций. Удобно на этой или следующей неделе? Если тема не ваша, подскажите, кому переслать.	дату страницы «О бюро» проверить
3	ABD architects	К10 Архитектор / дизайн-бюро	Илья Левянт, Партнёр ABD architects (основатели: Борис Левянт, Юлия Шишарина; Катерина Левянт - зам. ГД)	ГИПОТЕЗА	info@abdcom.ru	«Автобан» и «Сколково Парк»: стекло в спецификации	Илья, добрый день! «Автобан» и «Сколково Парк» победили на Best Office Awards 2026, а ABD architects выступило в этих проектах генпроектировщиком. После утверждения проекта перегородки и зеркала нередко меняют на аналоги, потому что не успевают в срок или не попадают в размер. Делаем стеклянные перегородки (фиксированные, распашные, раздвижные), стеклянные маркерные доски и зеркала сложного контура: овал, арка, капсула. Перегородки - 15-30 рабочих дней с оплаты, доски - 10-15. Производство и сборка свои, металл режем и красим сами. Могу заехать в бюро с образцами стекла и профиля. Когда удобно, на этой или следующей неделе? Если не актуально, ответьте одним словом.	проверить ЛПР до отправки; роль Ильи Левянта проверить; ГД юрлица не искали
4	UNK corporate interiors	К10 Архитектор / дизайн-бюро	Николай Миловидов; Евгения Чернышева, Руководители UNK corporate interiors	ГИПОТЕЗА	info@unkci.ru	Офис Яндекса и «Летово Джуниор»: стекло в проектах	Николай, Евгения, добрый день! UNK corporate interiors победили на Best Office Awards 2026 с офисом «Городские сервисы Яндекса», а UNK design - с «Летово Джуниор». Самая частая беда со стеклом после утверждения проекта - срок и нестандартный размер, из-за которых позицию подменяют. Делаем стеклянные перегородки (фиксированные, распашные, раздвижные), стеклянные маркерные доски и зеркала сложного контура: овал, арка, капсула. Перегородки - 15-30 рабочих дней с оплаты, доски - 10-15. Производство и сборка свои, металл режем и красим сами. Могу прислать материалы для спецификаций и привезти образцы стекла и профиля в бюро. Удобно на этой или следующей неделе? Если сейчас не до этого, напишите «не актуально» - больше не побеспокою.	проверить ЛПР до отправки; написание фамилий сверить (транслитерация из выдачи); уточнить, кто из двоих ГД
5	MORS ARCHITECTS	К10 Архитектор / дизайн-бюро	Виталий Землянский, Член команды MORS ARCHITECTS, контактное лицо по профилю officenext (роль не подтверждена)	ГИПОТЕЗА	info@morsarchitects.com	Офис Positive Technologies: стекло в спецификации	Виталий, добрый день! Видела офис Positive Technologies, с которым MORS ARCHITECTS взяли Best Office Awards 2025 в номинации «Цена и качество». Когда бюро закладывает стекло в спецификацию, на объекте часто упираются в срок или нестандартный размер, и позицию меняют на то, что есть. Делаем стеклянные перегородки (фиксированные, распашные, раздвижные), стеклянные маркерные доски и зеркала сложного контура: овал, арка, капсула. Перегородки - 15-30 рабочих дней с оплаты, доски - 10-15. Производство и сборка свои, металл режем и красим сами. Привезу в бюро образцы стекла и профиля и материалы для спецификаций. Удобно на этой или следующей неделе? Если не актуально, ответьте одним словом.	проверить ЛПР до отправки; факт не подтверждён: победа 2026 (Laminam Rus) есть только в исходном файле, в письме использован подтверждённый проект 2025; роль Виталия в бюро не подтверждена, основателя не нашли
6	ОФИСПРОЕКТ (OFFICEPROJECT)	К10 Архитектор / дизайн-бюро	Ke Chang (написание латиницей по выдаче), Founding Partner ОФИСПРОЕКТ (по агрегатору, роль не подтверждена)	ГИПОТЕЗА	mail@officeproject.ru	МОП Sadovaya Plaza: стекло и зеркала в спецификации	Добрый день! МОПы бизнес-центра Sadovaya Plaza ОФИСПРОЕКТ представил на Best Office Awards 2026 в номинации «Общественный интерьер». После утверждения проекта перегородки и зеркала нередко меняют на аналоги, потому что не успевают в срок или не попадают в размер. Делаем стеклянные перегородки (фиксированные, распашные, раздвижные), стеклянные маркерные доски и зеркала сложного контура: овал, арка, капсула. Перегородки - 15-30 рабочих дней с оплаты, доски - 10-15. Производство и сборка свои, металл режем и красим сами. Могу заехать в бюро с образцами стекла и профиля. Когда удобно, на этой или следующей неделе? Если вопрос не к вам, перешлите, пожалуйста, коллеге, который отвечает за закупку стекла.	проверить ЛПР до отправки; сначала звонок: узнать имя, письмо после; имя в базе латиницей (Ke Chang), письмо без имени; выбрать адресата вручную: Дмитрий Заводов (директор по коммерции) или Денис Лобанов (главный архитектор); факт не подтверждён: в части выдачи проект указан номинантом «Офисы нового поколения», а не победителем
7	БАЛКОН Studio (Balcon Studio)	К10 Архитектор / дизайн-бюро	Анастасия Бондаренко, Основатель студии BALCON	ГИПОТЕЗА	info@balcon.studio	Проекты BALCON: зеркала и перегородки под размер	Анастасия, добрый день! Видела материал в BURO. о влиянии кино на интерьеры и новые проекты студии BALCON в Telegram. В жилых и коммерческих интерьерах зеркала нестандартной формы и стеклянные перегородки обычно самые долгие позиции: размер подгоняют по месту, а решение принимают поздно. Делаем зеркала сложного контура: овал, арка, капсула, стеклянные перегородки (лофт, раздвижные) и консоли на металле. Перегородки - 15-30 рабочих дней с оплаты. Производство и сборка свои, металл режем и красим сами. Могу привезти образцы стекла и профиля в студию. Удобно на этой или следующей неделе? Если не актуально, ответьте одним словом.	проверить ЛПР до отправки; факт не подтверждён: слабый, из исходного файла; URL источника основателя уточнить; студия жилая и коммерческая, закупок fit-out может не быть
8	ZONT Hotel Group (ENZO Hotel Moscow)	К11 Отели и гостиничные компании	Николай Филатов, Генеральный директор и совладелец ZONT Hotel Group	ГИПОТЕЗА	sales@enzohotel.ru	ENZO Hotel Moscow: зеркала LED и стекло для номеров	Николай, добрый день! ENZO Hotel Moscow на 130 номеров, из них 68 апартаментов с кухнями, открылся в ЖК «Поклонная 9». Поздравляю. В номерном фонде повторяется один набор: зеркало с подсветкой, стекло в санузле, консоль. Ошибка в размере умножается на весь фонд, поэтому для следующих объектов группы образец одного изделия на утверждение нужен до партии, условия образца уточню. Производство и сборка свои, металл режем и красим сами. Зеркала LED - 7-12 рабочих дней с оплаты, стеклянные перегородки санузлов - 15-30, консоли на металле. По партии срок подтвердим в расчёте. Гарантия по договору, монтаж по Москве и МО. Если у группы есть следующие проекты, пришлите спецификацию номера - посчитаем за 2 рабочих дня, недостающие данные уточню сама. Если не актуально, ответьте одним словом.	проверить ЛПР до отправки; email общий (sales@enzohotel.ru); для К11 нужен ещё технический директор или директор по развитию, не найден; дату интервью Филатова проверить; дубль со строкой 228: тот же ЛПР (Николай Филатов, Zont), порядок согласовать
9	IFK Hotel Management («Смородина»)	К11 Отели и гостиничные компании	Максим Крымский, Генеральный директор и партнёр IFK Hotel Management	ДАННЫЕ	sales.chssk@smorodina-hotels.com	«Чёрная Смородина Сколково»: зеркала и стекло для номеров	Максим, добрый день! «Чёрная Смородина Сколково» - 165 номеров и конференц-центр 850 м² в Международном медицинском кластере - работает под управлением IFK с июня. В номерном фонде повторяется один набор: зеркало с подсветкой, стекло в санузле, консоль. Ошибка в размере умножается на весь фонд, поэтому образец одного изделия на утверждение нужен до партии, условия образца уточню. Производство и сборка свои, металл режем и красим сами. Зеркала LED - 7-12 рабочих дней с оплаты, стеклянные перегородки санузлов - 15-30, консоли на металле. По партии срок подтвердим в расчёте. Гарантия по договору, монтаж по Москве и МО. Для следующих отелей сети пришлите спецификацию номера - посчитаем за 2 рабочих дня, недостающие данные уточню сама. Если сейчас не до этого, напишите «не актуально» - больше не побеспокою.	email ящика продаж отеля (sales.chssk@), не личный ЛПР; генменеджер Светлана Соколова из файла не перепроверена; дату командной страницы проверить
10	Zenith - федеральный отельный оператор	К11 Отели и гостиничные компании	Андрей Уманский, Исполнительный директор Zenith (операционное управление сети)	ДАННЫЕ	owner@dsc-hotel.ru	ГК «Аметист» на 405 номеров: зеркала LED и стекло	Андрей, добрый день! ГК «Аметист» на 405 номеров, 16 этажей, получила разрешение на ввод 23 апреля, и номера передаются под комплектацию. Отель будет работать под управлением Zenith. В номерном фонде повторяется один набор: зеркало с подсветкой, стекло в санузле, консоль. Ошибка в размере умножается на весь фонд, поэтому образец одного изделия на утверждение нужен до партии, условия образца уточню. Производство и сборка свои, металл режем и красим сами. Зеркала LED - 7-12 рабочих дней с оплаты, стеклянные перегородки санузлов - 15-30, консоли на металле. По партии срок подтвердим в расчёте. Гарантия по договору, монтаж по Москве и МО. Подскажите, комплектацию ведёт управляющая компания или подрядчик? Если вы, пришлите спецификацию номера - посчитаем за 2 рабочих дня, недостающие данные уточню сама.	email общий (owner@dsc-hotel.ru); выбрать адресата вручную: Катерина Соболева (директор по инвестиционному управлению) может быть ближе к закупкам; дата факта апрель 2026, комплектация могла уже начаться; дату страницы оператора проверить; дубль со строкой 126: тот же объект «Аметист»: оператор и застройщик, порядок согласовать
11	Автодом (ГК «Автодом»)	К12 Автодилер	Андрей Ольховский, Генеральный директор ГК «Автодом» (с июля 2019)	ГИПОТЕЗА		ДЦ «Волга» в Балашихе: перегородки и стекло клиентской зоны	Андрей, добрый день! «Автодом» открыл дилерский центр «Волга» в Балашихе, «Автодом Измайлово»: шоурум 700 м². Есть и отдельная точка в Санкт-Петербурге. В салоне по стандарту бренда нужны стеклянные перегородки переговорных и кабинетов, столы переговоров и зеркала в зону ожидания, и всё к дате открытия. Производство и сборка свои, металл режем и красим сами, под размер и брендбук: перегородки - 15-30 рабочих дней с оплаты, столы на металле - 10-15. Замер и монтаж своими бригадами по Москве и МО, гарантия по договору. Если брендбук интерьера не закрепляет поставщика за маркой, пришлите планировку - посчитаем за 2 рабочих дня, недостающие данные уточню сама. Если не актуально, ответьте одним словом.	нет email, только звонок; проверить ЛПР до отправки; для К12 нужен директор по развитию или руководитель строительства, не найден; актуальность Ольховского на 2026 не подтверждена
12	АвтоСпецЦентр (ГК «АвтоСпецЦентр», АСЦ)	К12 Автодилер	Андрей Терлюкевич, Генеральный директор ГК «АвтоСпецЦентр»	ГИПОТЕЗА		Автоцентр Omoda и Jaecoo в Марьино: перегородки и стекло	Андрей, добрый день! «АвтоСпецЦентр» стал дилером Omoda и Jaecoo и открыл автоцентр в Марьино, на Марьинском парке, 1: шоурум 400 м². В новом шоуруме нужны стеклянные перегородки кабинетов и переговорных, столы переговоров и зеркала в зону ожидания. Всё это ждёт дату открытия, и любая позиция без срока её сдвигает. Производство и сборка свои, металл режем и красим сами, под размер и брендбук: перегородки - 15-30 рабочих дней с оплаты, столы на металле - 10-15. Замер и монтаж своими бригадами по Москве и МО, гарантия по договору. Если брендбук интерьера не закрепляет поставщика за маркой, пришлите планировку - посчитаем за 2 рабочих дня, недостающие данные уточню сама. Если тема не ваша, подскажите, кому переслать.	нет email, только звонок; проверить ЛПР до отправки; ФИО из исходного файла, поиском не подтверждено; для К12 нужен директор по развитию или руководитель строительства, не найден
13	Мэйджор (Major Auto)	К12 Автодилер	Михаил Бахтиаров, Основатель и президент «Мэйджор Авто»	ГИПОТЕЗА		Четыре шоурума «Умо» в Москве: перегородки и стекло	Михаил, добрый день! Мэйджор стал дилером бренда «Умо»: продажи «Умо 5» стартуют в четырёх автоцентрах Москвы (18 и 47 км МКАД, Сокольники, Новая Рига) и в одном в Санкт-Петербурге. Когда шоурумы открываются серией, в каждом повторяется один набор: перегородки менеджеров, столы переговоров, зеркала в зоне ожидания. Проще один раз зафиксировать типовую спецификацию. Производство и сборка свои, металл режем и красим сами, под размер и брендбук: перегородки - 15-30 рабочих дней с оплаты, столы на металле - 10-15. Замер и монтаж своими бригадами по Москве и МО, гарантия по договору. По партии срок подтвердим в расчёте. Пришлите планировку одного шоурума - посчитаем за 2 рабочих дня, недостающие данные уточню сама. Если не актуально, ответьте одним словом.	нет email, только звонок; проверить ЛПР до отправки; для К12 нужен директор по развитию или строительству, не найден; юрлиц «Мэйджор» много, ГД по ЕГРЮЛ не смотрели
14	Novikov Group	К13 Ресторанные группы и сети	Аркадий Новиков, Основатель Novikov Group	ДАННЫЕ	fr@novikov.family	Magritte в гостинице «Россия»: зеркала, стекло, консоли	Аркадий, добрый день! Ресторан Magritte в гостинице «Россия» открылся 28 мая: 155 мест, вид на Зарядье, интерьер Евгении Ужеговой. В ресторане стекло и металл видны гостю вблизи: зеркала в зале и санузлах, стеклянные перегородки, подстолья. И всё это нужно к дате открытия, а не после. Делаем зеркала (в раме 5-10 рабочих дней с оплаты, с подсветкой 7-12), зеркала сложного контура: овал, арка, капсула, перегородки и столы на металле с порошковой покраской. Производство и сборка свои, металл режем и красим сами. Пришлите планировку или список позиций следующего открытия - посчитаем за 2 рабочих дня, недостающие данные уточню сама. Если тема не ваша, подскажите, кому переслать.	основатель не обязательно принимает закупку стекла, руководителя стройки или открытий не нашли; дубль со строкой 98: тот же ящик fr@novikov.family, порядок согласовать
15	ДЕКОРАЦИЯ (DECORACIA)	К14 Салон дизайнерской мебели	не найден	не найдено	info@decoracia.ru	Зеркала и консоли для салона на Кутузовском, 35	Добрый день! Второй салон ДЕКОРАЦИИ открылся на Кутузовском проспекте, 35 (анонс от 11 августа), главный остаётся на Ленинском, 45. Зеркала и консоли под заказ у европейских фабрик клиенты ждут неделями. GENGLASS делает зеркала, консоли и столы на металле в палитрах NERO, ORO и BIANCO. Производство и сборка в Домодедово, металл режем и красим сами. Часть моделей на складе, отгрузка 1-3 рабочих дня с оплаты. Приглашаю в шоурум посмотреть изделия вблизи. Удобно на этой или следующей неделе? Если вопрос не к вам, перешлите, пожалуйста, коллеге, который отвечает за закупку.	ЛПР не найден, письмо без имени; сначала звонок: узнать имя, письмо после; владельца или руководителя салона в выдаче нет, смотреть ЕГРЮЛ
16	ASPACE	К1 Сервисные офисы / коворкинги	Иван Гуськов, Генеральный директор и основатель ASPACE	ДАННЫЕ	sales@a.space	Новые этажи в STONE Towers: перегородки и доски	Иван, добрый день! ASPACE расширяется в STONE Towers (запуск в IV квартале 2026) и заключила сделку по флагманскому проекту «Никольская». На каждой новой локации повторяется один набор: перегородки переговорных, маркерные доски, зеркала в санузлах. Обычно его заново согласуют и ждут под каждый объект. Производство и сборка в Домодедово, металл режем и красим сами. Перегородки - 15-30 рабочих дней с оплаты, доски - 10-15, монтаж своими бригадами по Москве и МО. По партии срок подтвердим в расчёте. Типовую спецификацию можно зафиксировать один раз и повторять на каждой локации. Пришлите планировку ближайшего этажа - посчитаю с техотделом за 2 рабочих дня, недостающие данные уточню сама. Если тема не ваша, подскажите, кому переслать.	цифры площади по сделке сверить (Коммерсантъ), в письме не использованы; для fit-out нужен директор по строительству, не найден; в файле упомянута Эвелина К., ФИО обрезано
17	Workki	К1 Сервисные офисы / коворкинги	Наталья Мормина, Коммерческий директор Workki	ГИПОТЕЗА	info@workki.co	Локации Workki: перегородки и доски одним набором	Наталья, добрый день! Локация Workki на Тульской - 1451 рабочее место, заполнена полностью. Если готовите следующую, пишу заранее. На каждой новой локации повторяется один набор: перегородки переговорных, маркерные доски, зеркала в санузлах. Обычно его заново согласуют и ждут под каждый объект. Производство и сборка в Домодедово, металл режем и красим сами. Перегородки - 15-30 рабочих дней с оплаты, доски - 10-15, монтаж своими бригадами по Москве и МО. По партии срок подтвердим в расчёте. Типовую спецификацию можно зафиксировать один раз и повторять на каждой локации. Пришлите планировку ближайшей локации - посчитаю с техотделом за 2 рабочих дня, недостающие данные уточню сама. Если тема не ваша, подскажите, кому переслать.	проверить ЛПР до отправки; факт не подтверждён: сигнал «открылись на Тульской 24.08.2026» неверный (локация открыта 01.06.2022), дату новости cre.ru проверить; новую локацию искать на workki.co/locations/opening_soon/
18	Практик	К1 Сервисные офисы / коворкинги	Евгений Лысый, Управляющий партнёр (по исходному файлу)	ГИПОТЕЗА	info@praktik.work	Практик Охта: перегородки для штаб-квартиры и новых площадок	Евгений, добрый день! «Газнефтесервис» размещает штаб-квартиру на 600+ рабочих мест в «Практик Охта» - это крупнейшая сделка в сегменте сервисных офисов Петербурга. На каждой новой локации повторяется один набор: перегородки переговорных, маркерные доски, зеркала в санузлах. Обычно его заново согласуют и ждут под каждый объект. Производство и сборка в Домодедово, металл режем и красим сами. Перегородки - 15-30 рабочих дней с оплаты, доски - 10-15, доставка по России, монтаж в регионе - условия уточню. По партии срок подтвердим в расчёте. Типовую спецификацию можно зафиксировать один раз для всех площадок. Пришлите планировку ближайшей площадки - посчитаю с техотделом за 2 рабочих дня, недостающие данные уточню сама. Если тема не ваша, подскажите, кому переслать.	проверить ЛПР до отправки; ФИО из исходного файла, поиском не подтверждено; регион Санкт-Петербург: монтаж своими бригадами только по Москве и МО, в письме доставка по России
19	REFOLIO	К1 Сервисные офисы / коворкинги	Андрей Новоселов, Управляющий партнёр REFOLIO (в исходном файле - ГД Pitch Development)	ДАННЫЕ	reg@pitchdev.ru	REFOLIO Dostoevsky: перегородки и доски для новых блоков	Андрей, добрый день! Pitch Development запустил оператора REFOLIO: первый объект, REFOLIO Dostoevsky на Институтском переулке, 2, открылся в июне. На каждой новой локации повторяется один набор: перегородки переговорных, маркерные доски, зеркала в санузлах. Обычно его заново согласуют и ждут под каждый объект. Производство и сборка в Домодедово, металл режем и красим сами. Перегородки - 15-30 рабочих дней с оплаты, доски - 10-15, монтаж своими бригадами по Москве и МО. По партии срок подтвердим в расчёте. Типовую спецификацию можно зафиксировать один раз и повторять на каждой локации. Пришлите планировку следующей локации - посчитаю с техотделом за 2 рабочих дня, недостающие данные уточню сама. Если тема не ваша, подскажите, кому переслать.	уточнить должность Новоселова (управляющий партнёр REFOLIO или ГД Pitch Development); email общий (reg@pitchdev.ru)
20	AOF Group (АОФ Групп)	К2 Офисный дилер-комплектатор	Владимир Андреев, Генеральный директор ООО «АОФ ГРУПП» (с 2016, по ЕГРЮЛ)	ГИПОТЕЗА	info@aof.ru	Мебель для проектов BOA 2026: стекло в комплект	Владимир, добрый день! Вы поставляли мебель в восемь проектов-номинантов Best Office Awards 2026, в том числе в Школу управления Сколково. В таких офисах мебель фабрики приходит в срок, а стеклянные перегородки и доски часто добирают отдельно и ждут дольше всего. GENGLASS делает перегородки, стеклянные маркерные доски и столы на металле под размер проекта. Их можно ставить в спецификацию как свою позицию, в том числе под вашим брендом - условия обсудим. Перегородки - 15-30 рабочих дней с оплаты, доски - 10-15. Производство и сборка свои, металл режем и красим сами. Пришлите одну текущую спецификацию со стеклом - посчитаем за 2 рабочих дня, недостающие данные уточню сама, сравните со своим поставщиком. Если не актуально, ответьте одним словом.	проверить ЛПР до отправки; ГД по ЕГРЮЛ, свежесть данных проверить
21	Стиль Комплект	К6 Комплектатор образования	не найден	не найдено	info@style-kit.ru	Школа №1253 и д/с при школе №2122: доски и зеркала	Добрый день! Стиль Комплект оснастил школу №1253 на Пресне и детский сад при школе №2122. В ТЗ на школы и сады стекло проверяют строже остального, поэтому нужно закалённое. Делаем стеклянные маркерные доски из закалённого осветлённого стекла, зеркала для хореографических и спортивных залов, перегородки в административные зоны. Доски - 10-15 рабочих дней с оплаты. Производство и сборка свои, металл режем и красим сами. Пришлите позицию из ТЗ ближайшего тендера - посчитаем за 2 рабочих дня, недостающие данные уточню сама. Если в цену не попадём, скажу сразу. Если вопрос не к вам, перешлите, пожалуйста, коллеге, который ведёт тендеры.	ЛПР не найден, письмо без имени; сначала звонок: узнать имя, письмо после; факт не подтверждён: компания не исследована, факт из исходного файла
22	Донстрой	К8 Девелопер	не найден	не найдено		ЖК «Огни»: зеркала и стекло для МОП третьей очереди	Добрый день! Для третьей очереди ЖК «Огни» в Раменках получено разрешение на ввод. В МОП и лобби повторяются одни и те же позиции: зеркала, стеклянные перегородки, стойки. Их обычно закупают последними и в сжатый срок. Производство и сборка свои, металл режем и красим сами. Перегородки - 15-30 рабочих дней с оплаты, замер и монтаж своими бригадами по Москве и МО, гарантия по договору. Для следующих очередей и новых проектов подскажите: отделку МОП закупаете сами или через генподрядчика? Если сами, пришлите дату тендера по МОП - подготовимся заранее. Если вопрос не к вам, перешлите, пожалуйста, коллеге, который отвечает за отделку.	нет email, только звонок; ЛПР не найден, письмо без имени; сначала звонок: узнать имя, письмо после; факт не подтверждён: компания не исследована, факт из исходного файла
23	Capital Group	К8 Девелопер	не найден	не найдено	zakupki@capitalgroup.ru	«Бадаевский»: зеркала и стекло для МОП и лобби	Добрый день! Западная «лента» проекта «Бадаевский» введена в эксплуатацию. В МОП и лобби повторяются одни и те же позиции: зеркала, стеклянные перегородки, стойки. Их обычно закупают последними и в сжатый срок. Производство и сборка свои, металл режем и красим сами. Перегородки - 15-30 рабочих дней с оплаты, замер и монтаж своими бригадами по Москве и МО, гарантия по договору. Подскажите, отделку МОП закупаете сами или через генподрядчика? Если сами, пришлите ТЗ или дату тендера - подготовимся заранее. Если вопрос не к вам, перешлите, пожалуйста, коллеге, который отвечает за отделку.	ЛПР не найден, письмо без имени; сначала звонок: узнать имя, письмо после; факт не подтверждён: компания не исследована, факт из исходного файла
24	Tekta Group	К8 Девелопер	не найден	не найдено	tender@tekta.com	«Пыжёвский»: зеркала и стекло для МОП и лобби	Добрый день! Tekta Group открыла офис продаж проекта «Пыжёвский» в центре Москвы. В МОП и лобби повторяются одни и те же позиции: зеркала, стеклянные перегородки, стойки. Их обычно закупают последними и в сжатый срок. Производство и сборка свои, металл режем и красим сами. Перегородки - 15-30 рабочих дней с оплаты, замер и монтаж своими бригадами по Москве и МО, гарантия по договору. Подскажите, отделку МОП закупаете сами или через генподрядчика? Если сами, пришлите ТЗ или дату тендера - подготовимся заранее. Если вопрос не к вам, перешлите, пожалуйста, коллеге, который отвечает за отделку.	ЛПР не найден, письмо без имени; сначала звонок: узнать имя, письмо после; факт не подтверждён: компания не исследована, факт из исходного файла
25	AEON Development (Аеон Девелопмент)	К8 Девелопер	не найден	не найдено	press-development@aeoncorp.ru	«Ривер Парк»: зеркала и стекло для МОП и лобби	Добрый день! Финальные корпуса «Ривер Парк Коломенское» получили разрешения на ввод, а во второй очереди «Ривер Парк Кутузовский» завершён монолит. В МОП и лобби повторяются одни и те же позиции: зеркала, стеклянные перегородки, стойки. Их обычно закупают последними и в сжатый срок. Производство и сборка свои, металл режем и красим сами. Перегородки - 15-30 рабочих дней с оплаты, замер и монтаж своими бригадами по Москве и МО, гарантия по договору. Подскажите, отделку МОП закупаете сами или через генподрядчика? Если сами, пришлите ТЗ или дату тендера - подготовимся заранее. Если вопрос не к вам, перешлите, пожалуйста, коллеге, который отвечает за отделку.	ЛПР не найден, письмо без имени; сначала звонок: узнать имя, письмо после; факт не подтверждён: компания не исследована, факт из исходного файла; email пресс-службы (press-development@), не закупки
26	STONE (Стоунхедж)	К8 Девелопер	не найден	не найдено	info@stone.ru	Жилой проект в Донском районе: стекло для МОП и лобби	Добрый день! Для жилого проекта в Донском районе получено разрешение на строительство, запуск в 2026 году. Зеркала, стеклянные перегородки и стойки для МОП и лобби обычно закупают последними и в сжатый срок. Поэтому лучше познакомиться до тендера. Производство и сборка свои, металл режем и красим сами. Перегородки - 15-30 рабочих дней с оплаты, замер и монтаж своими бригадами по Москве и МО, гарантия по договору. Подскажите, кто у вас отвечает за отделку МОП и как проходит квалификация поставщиков? Если вопрос не к вам, перешлите, пожалуйста, коллеге, который отвечает за отделку.	ЛПР не найден, письмо без имени; сначала звонок: узнать имя, письмо после; факт не подтверждён: компания не исследована, факт из исходного файла
27	Галс-Девелопмент	К8 Девелопер	не найден	не найдено	zakupki@hals-development.ru	БЦ «Север»: перегородки и зеркала к отделке	Добрый день! В бизнес-центре «Север» класса Prime завершены монолитные работы, стройка переходит к фасадам и отделке. В офисном БЦ перегородки арендаторских зон и зеркала санузлов часто оказываются самой долгой позицией и сдвигают сдачу. Производство и сборка свои, металл режем и красим сами. Перегородки - 15-30 рабочих дней с оплаты, замер и монтаж своими бригадами по Москве и МО, гарантия по договору. Пришлите планировку или спецификацию по стеклу - посчитаем за 2 рабочих дня, недостающие данные уточню сама. Если вопрос не к вам, перешлите, пожалуйста, коллеге, который отвечает за отделку.	ЛПР не найден, письмо без имени; сначала звонок: узнать имя, письмо после; факт не подтверждён: компания не исследована, факт из исходного файла; первый email из двух в файле (второй обрезан)
28	ASTERUS	К8 Девелопер	не найден	не найдено	info@asterus-development.com	«Кристалл» и ÁЛИA: стекло для общественных зон	Добрый день! ASTERUS начал ревитализацию бывшего завода «Кристалл» с 1 июля, а в ÁЛИA с 7 июля строят поликлинику. В таких проектах общественные и офисные зоны обычно требуют стеклянных перегородок и зеркал под нестандартный размер, и срок съедает график отделки. Производство и сборка свои, металл режем и красим сами. Перегородки - 15-30 рабочих дней с оплаты, замер и монтаж своими бригадами по Москве и МО, гарантия по договору. Подскажите, отделку МОП и общественных зон закупаете сами или через генподрядчика? Если сами, пришлите ТЗ - подготовимся заранее. Если вопрос не к вам, перешлите, пожалуйста, коллеге, который отвечает за отделку.	ЛПР не найден, письмо без имени; сначала звонок: узнать имя, письмо после; факт не подтверждён: компания не исследована, факт из исходного файла
29	ST MICHAEL	К8 Девелопер	Любовь Кононенко, Контакт по тендерам (по исходному файлу, роль не подтверждена)	ГИПОТЕЗА	lkononenko@stmichael.ru	Тендер №99 «Квартал Серебряный бор»: вопрос по лоту	Любовь, добрый день! Пишу по тендеру №99 на мебель МОП, лобби и офиса УК «Квартала Серебряный бор», приём до 12.10.2026. Хотим участвовать. Для офиса УК мы производим стеклянные перегородки, маркерные доски и столы на металле. Для лобби в стилистике премиального отеля - зеркала сложного контура, консоли и столы на металле с отделкой камнем и керамогранитом. Производство и сборка в Домодедово, монтаж своими бригадами по Москве. Два вопроса, чтобы подать точное предложение: 1. Лот принимается по позициям или только целиком? 2. Можно ли получить планировки офиса УК и лобби? Расчёт подготовим за 2 рабочих дня после получения документов.	СРОЧНО: приём до 12.10.2026, звонок 30.09; роль Л. Кононенко - ГИПОТЕЗА (контакт из тендера), при сомнении обращение «Добрый день!»; решение об участии - РОП
30	КОЛДИ (Coldy)	К8 Девелопер	не найден	не найдено	info@coldy.ru	Тендеры на дизайнерскую отделку: позиции со стеклом	Добрый день! На coldy.info/tender открыты тендеры по объектам, в том числе на дизайнерскую отделку, с сентября 2026 по март 2027. Хотим участвовать по позициям со стеклом: перегородки, зеркала, двери. Производство и сборка свои, металл режем и красим сами. Перегородки - 15-30 рабочих дней с оплаты, зеркала LED - 7-12. Замер и монтаж своими бригадами по Москве и МО, гарантия по договору. Подскажите, кто ведёт эти тендеры и можно ли получить рабочую документацию по стеклу? Расчёт подготовим за 2 рабочих дня, недостающие данные уточню сама.	ЛПР не найден, письмо без имени; сначала звонок: узнать имя, письмо после; факт не подтверждён: компания не исследована, факт из исходного файла; номер лота не указан, взять на coldy.info/tender до отправки; домен email coldy.ru, площадка coldy.info - сверить
31	SPS	К9 Fit-out подрядчик	не найден	не найдено	info@sps-com.com	«Рабочая станция Black» и БЦ «Ново»: перегородки	Добрый день! Видела три новых проекта SPS на officenext: коворкинг «Рабочая станция Black», реновацию БЦ «Ново» и флагманский офис «Брусники». В офисном fit-out стеклянные перегородки часто самая долгая позиция по сроку и первая, из-за которой сдвигается сдача. Перегородки фиксированные, распашные, раздвижные, каскадные, профиль сталь или алюминий. Производство и сборка в Домодедово, металл режем и красим сами. Изготовление 15-30 рабочих дней с оплаты, монтаж своими бригадами по Москве и МО или поставка без монтажа. Пришлите планировку или спецификацию по стеклу текущего объекта - посчитаем оба варианта за 2 рабочих дня, недостающие данные уточню сама. Если вопрос не к вам, перешлите, пожалуйста, коллеге, который закупает перегородки.	ЛПР не найден, письмо без имени; сначала звонок: узнать имя, письмо после; факт не подтверждён: компания не исследована, факт из исходного файла
32	ARC (АРС)	К9 Fit-out подрядчик	не найден	не найдено	hireus@arc-fitout.com	Офис Avito в Петербурге: перегородки и доски	Добрый день! Офис Avito в Санкт-Петербурге, где АРС был генподрядчиком, опубликован на officenext. В офисном fit-out стеклянные перегородки часто самая долгая позиция по сроку и первая, из-за которой сдвигается сдача. Делаем перегородки и стеклянные маркерные доски. Производство и сборка в Домодедово, металл режем и красим сами. Перегородки - 15-30 рабочих дней с оплаты, доски - 10-15, доставка по России, монтаж в регионе - условия уточню. Пришлите планировку или спецификацию по стеклу текущего объекта - посчитаем за 2 рабочих дня, недостающие данные уточню сама. Если вопрос не к вам, перешлите, пожалуйста, коллеге, который закупает перегородки.	ЛПР не найден, письмо без имени; сначала звонок: узнать имя, письмо после; факт не подтверждён: компания не исследована, факт из исходного файла; email кадровый (hireus@), найти ящик закупок или тендерного отдела; объект в Санкт-Петербурге, монтаж своими бригадами только Москва и МО
33	АДЮТОН-Н	К9 Fit-out подрядчик	не найден	не найдено	info@aduton-n.ru	Четыре офиса-номинанта BOA 2026: перегородки и доски	Добрый день! Четыре офиса АДЮТОН-Н вышли в номинанты Best Office Awards 2026: Астра, Яндекс в «Лотте Плаза», «Городские сервисы Яндекса» и Технониколь. В офисном fit-out стеклянные перегородки часто самая долгая позиция по сроку и первая, из-за которой сдвигается сдача. Перегородки и стеклянные маркерные доски. Производство и сборка в Домодедово, металл режем и красим сами. Перегородки - 15-30 рабочих дней с оплаты, доски - 10-15, монтаж своими бригадами по Москве и МО или поставка без монтажа. Пришлите планировку или спецификацию по стеклу текущего объекта - посчитаем оба варианта за 2 рабочих дня, недостающие данные уточню сама. Если вопрос не к вам, перешлите, пожалуйста, коллеге, который закупает перегородки.	ЛПР не найден, письмо без имени; сначала звонок: узнать имя, письмо после; факт не подтверждён: компания не исследована, факт из исходного файла
34	Гинт-М (ГК)	К9 Fit-out подрядчик	не найден	не найдено		Сколково и Нацпроектстрой: перегородки для офисов	Добрый день! Офисы Школы управления Сколково и Нацпроектстроя вышли в номинанты Best Office Awards 2026. В офисном fit-out стеклянные перегородки часто самая долгая позиция по сроку и первая, из-за которой сдвигается сдача. Перегородки фиксированные, распашные, раздвижные, каскадные, профиль сталь или алюминий. Производство и сборка в Домодедово, металл режем и красим сами. Изготовление 15-30 рабочих дней с оплаты, монтаж своими бригадами по Москве и МО или поставка без монтажа. Пришлите планировку или спецификацию по стеклу текущего объекта - посчитаем оба варианта за 2 рабочих дня, недостающие данные уточню сама. Если вопрос не к вам, перешлите, пожалуйста, коллеге, который закупает перегородки.	нет email, только звонок; ЛПР не найден, письмо без имени; сначала звонок: узнать имя, письмо после; факт не подтверждён: компания не исследована, факт из исходного файла
35	CONTE (КОНТЕ)	К9 Fit-out подрядчик	не найден	не найдено	info@contegroup.ru	Офис VK и проекты CONTE: перегородки и двери	Добрый день! Офис VK в Москве, который строила CONTE, вышел в номинанты Best Office Awards 2026. В офисном fit-out стеклянные перегородки часто самая долгая позиция по сроку и первая, из-за которой сдвигается сдача. Перегородки фиксированные, распашные, раздвижные, каскадные, профиль сталь или алюминий. Производство и сборка в Домодедово, металл режем и красим сами. Изготовление 15-30 рабочих дней с оплаты, монтаж своими бригадами по Москве и МО или поставка без монтажа. Пришлите планировку или спецификацию по стеклу текущего объекта - посчитаем оба варианта за 2 рабочих дня, недостающие данные уточню сама. Если вопрос не к вам, перешлите, пожалуйста, коллеге, который закупает перегородки.	ЛПР не найден, письмо без имени; сначала звонок: узнать имя, письмо после; факт не подтверждён: компания не исследована, факт из исходного файла
36	CreConstruction	К9 Fit-out подрядчик	не найден	не найдено	info@creconstruction.ru	Офис «Терем» и объекты в iCity: перегородки	Добрый день! Офис «Терем» вышел в номинанты Best Office Awards 2026, а на сайте CreConstruction в августе значатся текущие объекты в iCity. В офисном fit-out стеклянные перегородки часто самая долгая позиция по сроку и первая, из-за которой сдвигается сдача. Перегородки фиксированные, распашные, раздвижные, каскадные, профиль сталь или алюминий. Производство и сборка в Домодедово, металл режем и красим сами. Изготовление 15-30 рабочих дней с оплаты, монтаж своими бригадами по Москве и МО или поставка без монтажа. Пришлите планировку или спецификацию по стеклу текущего объекта - посчитаем оба варианта за 2 рабочих дня, недостающие данные уточню сама. Если вопрос не к вам, перешлите, пожалуйста, коллеге, который закупает перегородки.	ЛПР не найден, письмо без имени; сначала звонок: узнать имя, письмо после; факт не подтверждён: компания не исследована, факт из исходного файла
37	Реновель (Renowell)	К9 Fit-out подрядчик	Андрей Опарин, Генеральный директор (по исходному файлу)	ГИПОТЕЗА	info@renowell.ru	Офисы для VK и «Европейской Электротехники»: перегородки	Андрей, добрый день! Офисы «Европейской Электротехники» и VK в Санкт-Петербурге, построенные Реновелом, вышли в номинанты Best Office Awards 2026. В офисном fit-out стеклянные перегородки часто самая долгая позиция по сроку и первая, из-за которой сдвигается сдача. Перегородки фиксированные, распашные, раздвижные, каскадные, профиль сталь или алюминий. Производство и сборка в Домодедово, металл режем и красим сами. Изготовление 15-30 рабочих дней с оплаты, поставка по России, монтаж в регионе - условия уточню. Пришлите планировку или спецификацию по стеклу текущего объекта - посчитаем оба варианта за 2 рабочих дня, недостающие данные уточню сама. Если тема не ваша, подскажите, кому переслать.	проверить ЛПР до отправки; факт не подтверждён: компания не исследована, факт из исходного файла; ФИО из исходного файла, поиском не подтверждено
38	Palmira Hotels (Palmira Istra Resort)	К11 Отели и гостиничные компании	не найден	не найдено	info@palmira-istra.ru	Palmira ISTRA Resort: зеркала LED и стекло для номеров	Добрый день! Курорт Palmira ISTRA Resort открылся: 285 номеров и 11 коттеджей. В номерном фонде повторяется один набор: зеркало с подсветкой, стекло в санузле, консоль. Ошибка в размере умножается на весь фонд, поэтому образец одного изделия на утверждение нужен до партии, условия образца уточню. Производство и сборка свои, металл режем и красим сами. Зеркала LED - 7-12 рабочих дней с оплаты, стеклянные перегородки санузлов - 15-30, консоли на металле. По партии срок подтвердим в расчёте. Гарантия по договору, монтаж по Москве и МО. Пришлите спецификацию номера - посчитаем за 2 рабочих дня, недостающие данные уточню сама. Если вопрос не к вам, перешлите, пожалуйста, дизайнеру FF&E или управляющей компании.	ЛПР не найден, письмо без имени; сначала звонок: узнать имя, письмо после; факт не подтверждён: компания не исследована, факт из исходного файла
39	ГК Основа	К8 Девелопер	Евгений Владимирович Попов, Генеральный директор АО «ГК ОСНОВА» (ГД по ЕГРЮЛ)	ДАННЫЕ	v.shamshin@gk-osnova.ru	Тендеры №1201, 1223, 1224 на отделку МОП: вопрос по лотам	Евгений Владимирович, добрый день! Тендеры на чистовую отделку МОП (№1201, №1223, №1224) на вашей ЭТП принимают заявки до 5-8 октября. Хотим участвовать. Под такие лоты делаем зеркала, стеклянные перегородки и столы на металле. Производство и сборка свои, металл режем и красим сами. Замер и монтаж своими бригадами по Москве и МО, гарантия по договору. Два вопроса, чтобы подать точное предложение: 1. Входят ли в лоты зеркала и стеклянные элементы? 2. Можно ли получить проект отделки МОП? Расчёт подготовим за 2 рабочих дня, недостающие данные уточню сама.	срочно: приём заявок до 05-08.10.2026; email на другого сотрудника (v.shamshin@), не личный ЛПР; уточнить, кто заказчик тендеров на ЭТП: есть второе юрлицо ООО «ГК ОСНОВА»; также в выдаче: Игорь Сибренков (коммерческий директор), Олег Колченко (управляющий партнёр), директора по закупкам не найдено
40	ГК Вектор	К8 Девелопер	не найден	не найдено		Тендер на административно-деловой комплекс в Одинцово	Добрый день! Видела на сайте ГК Вектор тендер на строительство административно-делового комплекса с подземной стоянкой в Одинцово, на улице Маршала Жукова. В офисном комплексе перегородки арендаторских зон и зеркала санузлов часто оказываются самой долгой позицией и сдвигают сдачу. Производство и сборка свои, металл режем и красим сами. Перегородки - 15-30 рабочих дней с оплаты, замер и монтаж своими бригадами по Москве и МО, гарантия по договору. Подскажите, кто отвечает за отделку комплекса и когда планируются тендеры по ней? Подготовимся заранее. Если вопрос не к вам, перешлите, пожалуйста, коллеге, который отвечает за отделку.	нет email, только звонок; ЛПР не найден, письмо без имени; сначала звонок: узнать имя, письмо после; факт не подтверждён: тендер от 25.08.2026, возможно закрыт, сверить на странице /tendery; ЛПР не найден: управление ведёт ООО «УК Вектор», ГД проверить руками (Бондаренко из старых данных в ЛПР не ставили)
41	IND (Международное бюро IND)	К10 Архитектор / дизайн-бюро	Амир Идиатулин, Основатель и главный архитектор IND architects	ДАННЫЕ		AFI FLEX: перегородки и стекло в спецификации	Амир, добрый день! AFI FLEX победил на Best Office Awards 2026 в номинации «Сервисные офисы»: 10 948 м² и около 1400 рабочих мест в AFI Gallery у Белорусской, проект бюро IND. Стекло в спецификации чаще всего ломается на сроках и нестандартных размерах: на объекте позицию заменяют на складскую. Делаем стеклянные перегородки (фиксированные, распашные, раздвижные), стеклянные маркерные доски и зеркала сложного контура: овал, арка, капсула. Перегородки - 15-30 рабочих дней с оплаты, доски - 10-15. Производство и сборка свои, металл режем и красим сами. Могу прислать материалы для спецификаций и привезти образцы стекла и профиля в бюро. Удобно на этой или следующей неделе? Если тема не ваша, подскажите, кому переслать.	нет email, только звонок; руководителя комплектации не найдено; также партнёр и главный архитектор Андрей Сидоров (ind.studio/en/team); страницу команды проверить, дата обновления неизвестна
42	AZIMUT Hotels	К11 Отели и гостиничные компании	Максим Бродовский, Генеральный директор AZIMUT Hotels	ДАННЫЕ		AZIMUT Сити Отель Нижегородская: зеркала и стекло	Максим, добрый день! AZIMUT анонсировал Сити Отель Нижегородская: 246 номеров, 20 этажей в бизнес-центре Level work вместе с Level Group. До открытия ещё время, поэтому пишу заранее: зеркала с подсветкой и стекло санузлов удобнее утвердить одним образцом до партии, чем править размер на всём фонде. Производство и сборка свои, металл режем и красим сами. Зеркала LED - 7-12 рабочих дней с оплаты, стеклянные перегородки санузлов - 15-30, консоли на металле. По партии срок подтвердим в расчёте. Гарантия по договору. Подскажите, кто в сети отвечает за стандарт номеров? Если вы, пришлите спецификацию номера - посчитаем за 2 рабочих дня, недостающие данные уточню сама.	нет email, только звонок; срок открытия по выдаче 2028, не писать «скоро откроется»; технического директора и директора по развитию сети не найдено
43	Рольф (ГК «Рольф»)	К12 Автодилер	Светлана Викторовна Виноградова, Генеральный директор АО «РОЛЬФ»	ДАННЫЕ		Салон GAC на «Рольф Волгоградский»: перегородки и стекло	Светлана Викторовна, добрый день! «Рольф» открыл дилерский центр GAC на локации «Рольф Волгоградский»: шоурум 400+ м². В салоне по стандарту бренда нужны стеклянные перегородки кабинетов менеджеров, столы переговоров и зеркала в зону ожидания, и всё это к дате открытия. Производство и сборка свои, металл режем и красим сами, под размер и брендбук: перегородки - 15-30 рабочих дней с оплаты, столы на металле - 10-15. Замер и монтаж своими бригадами по Москве и МО, гарантия по договору. Если брендбук интерьера не закрепляет поставщика за маркой, пришлите планировку - посчитаем за 2 рабочих дня, недостающие данные уточню сама. Если сейчас не до этого, напишите «не актуально» - больше не побеспокою.	нет email, только звонок; проверить, не сменился ли гендиректор после 02.2025 (заголовок sostav.ru о смене); руководителя строительства или развития не найдено
44	Авилон (АГ «Авилон»)	К12 Автодилер	Александр Сергеевич Волчков, Генеральный директор АО «Авилон АГ» (ГД по ЕГРЮЛ)	ДАННЫЕ		Салон на 23 км Киевского шоссе: перегородки и стекло	Александр Сергеевич, добрый день! «Авилон» открыл пятый мультибрендовый салон «Авилон автомобили с пробегом» на 23 км Киевского шоссе: 7671 м² в ТЦ «Фэмили рум». В таких салонах нужны стеклянные перегородки кабинетов оценки и выдачи и переговорных, а в зоне ожидания зеркала. Всё это к дате открытия. Производство и сборка свои, металл режем и красим сами, под размер и брендбук: перегородки - 15-30 рабочих дней с оплаты, столы на металле - 10-15. Замер и монтаж своими бригадами по Москве и МО, гарантия по договору. Пришлите планировку следующей площадки - посчитаем за 2 рабочих дня, недостающие данные уточню сама. Если не актуально, ответьте одним словом.	нет email, только звонок; директора по строительству или развитию не найдено
45	Панавто	К12 Автодилер	Кирилл Николаевич Павлович, Управляющий партнёр «Панавто» (в 2006-2022 совладелец и ГД)	ГИПОТЕЗА		Дилерские центры «Сенат»: перегородки и стекло	Кирилл Николаевич, добрый день! 13 августа «Панавто» стал представителем российского бренда «Сенат»: продажи начались в «Панавто Запад» и «Панавто Сити». В клиентской зоне нового бренда нужны стеклянные перегородки, столы переговоров и зеркала в зону ожидания, и всё к дате открытия. Производство и сборка свои, металл режем и красим сами, под размер и брендбук: перегородки - 15-30 рабочих дней с оплаты, столы на металле - 10-15. Замер и монтаж своими бригадами по Москве и МО, гарантия по договору. Если брендбук интерьера не закрепляет поставщика за маркой, пришлите планировку - посчитаем за 2 рабочих дня, недостающие данные уточню сама. Если тема не ваша, подскажите, кому переслать.	нет email, только звонок; проверить ЛПР до отправки; действующего ГД группы не нашли, профиль Павловича без даты обновления; в ЕГРЮЛ несколько разных ООО «Панавто», не путать
46	White Rabbit Family	К13 Ресторанные группы и сети	Борис Зарьков, Основатель White Rabbit Family	ГИПОТЕЗА		RARE и франшизный ресторан в Тюмени: зеркала, перегородки	Борис, добрый день! Видела на сайте холдинга анонс ресторана RARE, а в мае White Rabbit Family открыла франшизный ресторан в Тюмени. В ресторане стекло и металл видны гостю вблизи: зеркала в зале и санузлах, перегородки, подстолья. А во франшизе набор один на все точки, его удобно зафиксировать заранее. Делаем зеркала (в раме 5-10 рабочих дней с оплаты, с подсветкой 7-12), зеркала сложного контура: овал, арка, капсула, перегородки и столы на металле с порошковой покраской. Производство и сборка свои, металл режем и красим сами. По партии срок подтвердим в расчёте. Доставка по России, монтаж в регионе - условия уточню. Пришлите планировку или список позиций следующего открытия - посчитаем за 2 рабочих дня, недостающие данные уточню сама. Если тема не ваша, подскажите, кому переслать.	нет email, только звонок; проверить ЛПР до отправки; факт не подтверждён: компания не исследована, факт из исходного файла (RARE подтверждён на wrf.su, дата и детали открытия не проверены); в выдаче также Артём Павленко как ГД WRF (не проверено); директора по развитию или стройке не найдено
47	Lucky Group	К13 Ресторанные группы и сети	Богдан Панченко; Иван Кукарских, Сооснователи Lucky Group (основана в 2017)	ДАННЫЕ		Lucky Place на Большой Никитской: зеркала и перегородки	Богдан, Иван, добрый день! 16 сентября на Большой Никитской открылось гастропространство Lucky Place на месте кластера T1. Поздравляю. В гастропространстве стекло и металл видны гостю вблизи: зеркала в зале и санузлах, декоративные перегородки, консоли. Делаем зеркала (в раме 5-10 рабочих дней с оплаты, с подсветкой 7-12), зеркала сложного контура: овал, арка, капсула, перегородки и столы на металле с порошковой покраской. Производство и сборка свои, металл режем и красим сами. Пришлите планировку или список позиций следующего открытия - посчитаем за 2 рабочих дня, недостающие данные уточню сама. Если тема не ваша, подскажите, кому переслать.	нет email, только звонок; источник по ЛПР - материал RBC Style 2025, руководителя стройки или открытий не найдено
48	Pinskiy&Co	К13 Ресторанные группы и сети	Антон Пинский, Основатель и Group CEO Pinskiy&Co Hospitality	ДАННЫЕ		LOONA на Тверском бульваре: зеркала, перегородки, консоли	Антон, добрый день! У Pinskiy&Co есть LOONA на Тверском бульваре, 24с1, и я пишу заранее, до следующих открытий группы. В ресторане стекло и металл видны гостю вблизи: зеркала в зале и санузлах, перегородки, консоли. Их нужно делать под размер и к дате открытия. Делаем зеркала (в раме 5-10 рабочих дней с оплаты, с подсветкой 7-12), зеркала сложного контура: овал, арка, капсула, перегородки и столы на металле с порошковой покраской. Производство и сборка свои, металл режем и красим сами. Доставка по России, монтаж в регионе - условия уточню. Пришлите планировку или список позиций следующего открытия - посчитаем за 2 рабочих дня, недостающие данные уточню сама. Если тема не ваша, подскажите, кому переслать.	нет email, только звонок; факт не подтверждён: воронежская LOONA из файла (abireg.ru) не подтверждена, в письме использована LOONA на Тверском, 24с1; не путать с Александром Пинским (IT, другой человек); директора по открытиям не найдено
49	DDX Fitness	К13 Ресторанные группы и сети	Владимир Курдин, Директор по развитию (и франчайзингу) DDX Fitness	ГИПОТЕЗА		Клуб DDX №175 в Петербурге: зеркала и перегородки	Владимир, добрый день! В сентябре открыт 175-й клуб DDX Fitness в России, шестнадцатый в Санкт-Петербурге. В клубе зеркала в залах и у фенов в раздевалках, перегородки студий и душевых работают каждый день под нагрузкой, а на сети клубов набор повторяется. Его удобно зафиксировать один раз. Делаем зеркала (в раме 5-10 рабочих дней с оплаты, с подсветкой LED 7-12) и стеклянные перегородки (15-30) под размер клуба. Производство и сборка свои, металл режем и красим сами. По партии срок подтвердим в расчёте. Доставка по России, монтаж в регионе - условия уточню. Пришлите планировку или список позиций следующего клуба - посчитаем за 2 рабочих дня, недостающие данные уточню сама. Если тема не ваша, подскажите, кому переслать.	нет email, только звонок; проверить ЛПР до отправки; сегмент в базе неверный: фитнес-клубы, не ресторан; страницу Курдина с должностью не открывали, проверить; Иван Ситников - основатель и гендиректор (по файлу и cre.ru)
50	World Class	К13 Ресторанные группы и сети	не найден	не найдено		Клуб World Class Селигерская: зеркала и перегородки	Добрый день! 10 августа открылся клуб World Class Селигерская: 2774 м² и бассейн 25 м. В клубе зеркала в раздевалках и спа, перегородки студий и кабинетов работают каждый день под нагрузкой, а на сети клубов набор повторяется. Делаем зеркала (в раме 5-10 рабочих дней с оплаты, с подсветкой LED 7-12) и стеклянные перегородки (15-30) под размер клуба. Производство и сборка свои, металл режем и красим сами. По партии срок подтвердим в расчёте. Монтаж своими бригадами по Москве и МО. Пришлите планировку или список позиций следующего клуба - посчитаем за 2 рабочих дня, недостающие данные уточню сама. Если вопрос не к вам, перешлите, пожалуйста, коллеге, который отвечает за открытия.	нет email, только звонок; ЛПР не найден, письмо без имени; сначала звонок: узнать имя, письмо после; сегмент в базе неверный: фитнес-клубы, не ресторан; страница руководства worldclass.ru/management не открылась, ЛПР искать вручную; клуб по выдаче: ТЦ Avenue Север на Коровинском шоссе
51	Spirit. Fitness	К13 Ресторанные группы и сети	Галина Курносова, Директор по развитию сети Spirit. Fitness	ГИПОТЕЗА		Клуб Spirit. Fitness на Ферганской: зеркала и перегородки	Галина, добрый день! Клуб Spirit. Fitness на Ферганской улице анонсирован на осень 2026 года. В клубе зеркала в залах и у фенов в раздевалках, перегородки студий и душевых работают каждый день под нагрузкой, а на сети клубов набор повторяется. Его удобно зафиксировать один раз. Делаем зеркала (в раме 5-10 рабочих дней с оплаты, с подсветкой LED 7-12) и стеклянные перегородки (15-30) под размер клуба. Производство и сборка свои, металл режем и красим сами. По партии срок подтвердим в расчёте. Пришлите планировку или список позиций - посчитаем за 2 рабочих дня, недостающие данные уточню сама. Если не актуально, ответьте одним словом.	нет email, только звонок; проверить ЛПР до отправки; сегмент в базе неверный: фитнес-клубы, не ресторан; имя из сниппета выдачи, страница-источник не зафиксирована; факт не подтверждён: на spiritfit.ru уже есть страница клуба «Ферганская», проверить, анонс это или клуб открыт; в выдаче также два клуба в ТРЦ группы «Ташир», открытие 25.07.2026, не проверено
52	XFIT	К13 Ресторанные группы и сети	Георгий Летунов, Президент X-Fit Group (по выдаче, без даты)	ГИПОТЕЗА		XFIT Only в iCity: зеркала и перегородки для клуба	Георгий, добрый день! XFIT Only откроет трёхэтажный клуб около 3000 м² в башне iCity в «Москва-Сити»: бассейн с панорамным видом и термальный комплекс. В таком клубе зеркала в раздевалках и залах, перегородки студий и термальной зоны работают каждый день под нагрузкой, и всё нужно к дате открытия. Делаем зеркала (в раме 5-10 рабочих дней с оплаты, с подсветкой LED 7-12) и стеклянные перегородки (15-30) под размер клуба. Производство и сборка свои, металл режем и красим сами. По партии срок подтвердим в расчёте. Пришлите планировку или список позиций клуба - посчитаем за 2 рабочих дня, недостающие данные уточню сама. Если тема не ваша, подскажите, кому переслать.	нет email, только звонок; проверить ЛПР до отправки; сегмент в базе неверный: фитнес-клубы, не ресторан; Летунов указан в выдаче без даты, вероятно устарел, проверить руками; основатель сети Игорь Лукашов; актуального ГД и руководителя развития не найдено; факт от 2026-03, открытие осенью 2026, проверить, открылся ли клуб
53	Crocus Fitness	К13 Ресторанные группы и сети	не найден	не найдено		Новый клуб Crocus Fitness на «Чкалов Арене»: зеркала	Добрый день! Видела, что в апреле открылся новый клуб Crocus Fitness на «Чкалов Арене». В клубе зеркала в залах и у фенов в раздевалках, перегородки студий и душевых работают каждый день под нагрузкой, а на сети клубов набор повторяется. Его удобно зафиксировать один раз. Делаем зеркала (в раме 5-10 рабочих дней с оплаты, с подсветкой LED 7-12) и стеклянные перегородки (15-30) под размер клуба. Производство и сборка свои, металл режем и красим сами. По партии срок подтвердим в расчёте. Пришлите планировку или список позиций следующего клуба - посчитаем за 2 рабочих дня, недостающие данные уточню сама. Если вопрос не к вам, перешлите, пожалуйста, коллеге, который отвечает за открытия.	нет email, только звонок; ЛПР не найден, письмо без имени; сначала звонок: узнать имя, письмо после; сегмент в базе неверный: фитнес-клубы, не ресторан; факт не подтверждён: ЛПР и факт не проверялись, факт из исходного файла
54	Тигрус	К13 Ресторанные группы и сети	не найден	не найдено		Бистро «Швили» в Парке Горького: зеркала и перегородки	Добрый день! В августе в Парке Горького открылось грузинское бистро «Швили». В бистро стекло и металл видны гостю вблизи: зеркала в зале и санузлах, перегородки, подстолья. А во франшизе набор один на все точки, его удобно зафиксировать заранее. Делаем зеркала (в раме 5-10 рабочих дней с оплаты, с подсветкой 7-12), зеркала сложного контура: овал, арка, капсула, перегородки и столы на металле с порошковой покраской. Производство и сборка свои, металл режем и красим сами. По партии срок подтвердим в расчёте. Пришлите планировку или список позиций следующего открытия - посчитаем за 2 рабочих дня, недостающие данные уточню сама. Если вопрос не к вам, перешлите, пожалуйста, коллеге, который отвечает за открытия.	нет email, только звонок; ЛПР не найден, письмо без имени; сначала звонок: узнать имя, письмо после; факт не подтверждён: ЛПР и факт не проверялись, факт из исходного файла
55	REMY Kitchen Bakery	К13 Ресторанные группы и сети	не найден	не найдено		Тринадцатый ресторан REMY в галерее «Чкалов»: зеркала	Добрый день! REMY Kitchen Bakery открыла тринадцатый ресторан в галерее «Чкалов»: 180 м² и 60 мест, август. В небольшом зале стекло и металл видны гостю вблизи: зеркала, перегородки, консоли и подстолья. А в сети набор повторяется от точки к точке. Делаем зеркала (в раме 5-10 рабочих дней с оплаты, с подсветкой 7-12), зеркала сложного контура: овал, арка, капсула, перегородки и столы на металле с порошковой покраской. Производство и сборка свои, металл режем и красим сами. По партии срок подтвердим в расчёте. Пришлите планировку или список позиций следующего открытия - посчитаем за 2 рабочих дня, недостающие данные уточню сама. Если вопрос не к вам, перешлите, пожалуйста, коллеге, который отвечает за открытия.	нет email, только звонок; ЛПР не найден, письмо без имени; сначала звонок: узнать имя, письмо после; факт не подтверждён: ЛПР и факт не проверялись, факт из исходного файла
56	Ресторанная группа Алексея Ольхового	К13 Ресторанные группы и сети	не найден	не найдено		Ресторан «Нюанс» в Столешниковом: зеркала и стекло	Добрый день! 22 мая в Столешниковом переулке, 11 открылся клубно-событийный ресторан «Нюанс». В событийном пространстве стекло и металл видны гостю вблизи: зеркала в зале и санузлах, перегородки, консоли. И всё это нужно к дате открытия, а не после. Делаем зеркала (в раме 5-10 рабочих дней с оплаты, с подсветкой 7-12), зеркала сложного контура: овал, арка, капсула, перегородки и столы на металле с порошковой покраской. Производство и сборка свои, металл режем и красим сами. Монтаж своими бригадами по Москве и МО. Пришлите планировку или список позиций следующего открытия - посчитаем за 2 рабочих дня, недостающие данные уточню сама. Если вопрос не к вам, перешлите, пожалуйста, коллеге, который отвечает за открытия.	нет email, только звонок; ЛПР не найден, письмо без имени; сначала звонок: узнать имя, письмо после; факт не подтверждён: ЛПР и факт не проверялись, факт из исходного файла
57	Урюк	К13 Ресторанные группы и сети	Антон Винер, Ресторатор (по файлу, buro314.ru)	ГИПОТЕЗА		«Урюк» с тремя VIP-комнатами: перегородки и зеркала	Антон, добрый день! «Урюк» открылся в апреле в новой концепции, с тремя VIP-комнатами. В VIP-комнатах стекло и металл видны гостю вблизи: стеклянные перегородки, зеркала, столы. И всё это нужно к дате открытия, а не после. Делаем стеклянные перегородки (15-30 рабочих дней с оплаты), зеркала (в раме 5-10, с подсветкой 7-12) и столы на металле с порошковой покраской. Производство и сборка свои, металл режем и красим сами. Монтаж своими бригадами по Москве и МО. Пришлите планировку или список позиций следующего открытия - посчитаем за 2 рабочих дня, недостающие данные уточню сама. Если тема не ваша, подскажите, кому переслать.	нет email, только звонок; проверить ЛПР до отправки; факт не подтверждён: ЛПР и факт не проверялись, факт из исходного файла, роль Антона Винера в бренде «Урюк» уточнить
58	Statio (Статио)	К2 Офисный дилер-комплектатор	не найден	не найдено		Мебель для AVITO и HeadHunter: стекло в спецификацию	Добрый день! Статио поставила мебель в девять проектов-номинантов Best Office Awards 2026, из них четыре реализованы в этом году: AVITO, HeadHunter, F-375 и другие. В таких офисах мебель фабрики приходит в срок, а стеклянные перегородки и доски часто добирают отдельно и ждут дольше всего. GENGLASS делает перегородки, стеклянные маркерные доски и столы на металле под размер проекта. Их можно ставить в спецификацию как свою позицию, в том числе под вашим брендом - условия обсудим. Перегородки - 15-30 рабочих дней с оплаты, доски - 10-15. Производство и сборка свои, металл режем и красим сами. Пришлите одну текущую спецификацию со стеклом - посчитаем за 2 рабочих дня, недостающие данные уточню сама, сравните со своим поставщиком. Если вопрос не к вам, перешлите, пожалуйста, коллеге, который отвечает за закупку стекла.	нет email, только звонок; ЛПР не найден, письмо без имени; сначала звонок: узнать имя, письмо после; факт не подтверждён: ЛПР и факт не проверялись, факт из исходного файла
59	РГ-Девелопмент	К8 Девелопер	не найден	не найдено		Клубный дом «Михалковский»: зеркала и стекло для лобби	Добрый день! РГ-Девелопмент вошла в топ-10 девелоперов Москвы по объёму ввода жилья: 77 274 м² за первое полугодие 2026 года. В МОП и лобби повторяются одни и те же позиции: зеркала, стеклянные перегородки, стойки. Их обычно закупают последними и в сжатый срок. Производство и сборка свои, металл режем и красим сами. Перегородки - 15-30 рабочих дней с оплаты, замер и монтаж своими бригадами по Москве и МО, гарантия по договору. Подскажите, отделку МОП закупаете сами или через генподрядчика? Если сами, пришлите ТЗ или дату тендера - подготовимся заранее. Если вопрос не к вам, перешлите, пожалуйста, коллеге, который отвечает за отделку.	нет email, только звонок; ЛПР не найден, письмо без имени; сначала звонок: узнать имя, письмо после; факт не подтверждён: ЛПР и факт не проверялись, факт из исходного файла
60	ГК Гранель	К8 Девелопер	не найден	не найдено		Проект с двумя башнями в Даниловском районе: стекло для МОП	Добрый день! Гранель анонсировала проект бизнес-класса в Даниловском районе: две башни, бюро APEX. Зеркала, стеклянные перегородки и стойки для МОП и лобби обычно закупают последними и в сжатый срок. Поэтому лучше познакомиться до тендера. Производство и сборка свои, металл режем и красим сами. Перегородки - 15-30 рабочих дней с оплаты, замер и монтаж своими бригадами по Москве и МО, гарантия по договору. Подскажите, кто у вас отвечает за отделку МОП и как пройти регистрацию поставщика на tender.granelle.ru? Если вопрос не к вам, перешлите, пожалуйста, коллеге, который отвечает за отделку.	нет email, только звонок; ЛПР не найден, письмо без имени; сначала звонок: узнать имя, письмо после; факт не подтверждён: ЛПР и факт не проверялись, факт из исходного файла
61	3А Отель (ТриА Девелопмент)	К11 Отели и гостиничные компании	не найден	не найдено		3А Ярославль и 3А Рыбинск: зеркала LED и стекло санузлов	Добрый день! 16 сентября открылся отель 3А Ярославль на 49 номеров, а для 3А Рыбинск идёт проектирование. В номерах серии отелей повторяется один набор: зеркало с подсветкой, стекло в санузле, консоль. Проще один раз утвердить образец одного изделия и повторять его в каждом отеле. Производство и сборка в Домодедово, металл режем и красим сами. Зеркала LED - 7-12 рабочих дней с оплаты, перегородки санузлов - 15-30, консоли на металле. По партии срок подтвердим в расчёте. Гарантия по договору, доставка по России, монтаж в регионе - условия уточню. Пришлите спецификацию номера - посчитаем за 2 рабочих дня, недостающие данные уточню сама. Если вопрос не к вам, перешлите, пожалуйста, дизайнеру FF&E или управляющей компании.	нет email, только звонок; ЛПР не найден, письмо без имени; сначала звонок: узнать имя, письмо после; факт не подтверждён: ЛПР и факт не проверялись, факт из исходного файла; регион Владимирская область, монтаж своими бригадами только Москва и МО
62	Atelika Hotel Group	К11 Отели и гостиничные компании	не найден	не найдено		Atelika Grand Rakhol к открытию 15 октября: зеркала и стекло	Добрый день! 15 октября после полной реконструкции откроется клубный отель Atelika Grand Rakhol под Курском. До открытия мало времени, а зеркала и стекло санузлов часто закрывают в последнюю очередь. Зеркала LED делаем 7-12 рабочих дней с оплаты, складские позиции отгружаем за 1-3 рабочих дня с оплаты. Производство и сборка в Домодедово, металл режем и красим сами. Гарантия по договору, доставка по России, монтаж в регионе - условия уточню. Пришлите список позиций - посчитаем за 2 рабочих дня, недостающие данные уточню сама. Если вопрос не к вам, перешлите, пожалуйста, дизайнеру FF&E или управляющей компании.	нет email, только звонок; ЛПР не найден, письмо без имени; сначала звонок: узнать имя, письмо после; факт не подтверждён: ЛПР и факт не проверялись, факт из исходного файла; срочно: открытие 15.10.2026; регион Курская область, монтаж своими бригадами только Москва и МО
63	Васта Отель Менеджмент (курорт «Завидово»)	К11 Отели и гостиничные компании	Евгений Макаров, Генеральный директор Васта Отель Менеджмент (по файлу)	ГИПОТЕЗА	reservations@zavidovopark.com	Ребрендинг Radisson Residences Zavidovo: зеркала и стекло	Евгений, добрый день! Radisson Residences Zavidovo становится «Бревис от Васта», корпуса объединяются. При ребрендинге и объединении корпусов зеркала с подсветкой и стекло санузлов удобнее делать партией под размер номера, после утверждения образца одного изделия. Производство и сборка в Домодедово, металл режем и красим сами. Зеркала LED - 7-12 рабочих дней с оплаты, перегородки санузлов - 15-30, консоли на металле. По партии срок подтвердим в расчёте. Гарантия по договору, доставка по России, монтаж в регионе - условия уточню. Пришлите спецификацию номера - посчитаем за 2 рабочих дня, недостающие данные уточню сама. Если не актуально, ответьте одним словом.	проверить ЛПР до отправки; факт не подтверждён: ЛПР и факт не проверялись, факт из исходного файла; ЛПР из файла не перепроверен; email ящика бронирования (reservations@zavidovopark.com), найти ящик закупок; регион Тверская область, монтаж своими бригадами только Москва и МО
64	Боравто (ГК «Боравто»)	К12 Автодилер	не найден	не найдено		Два новых ДЦ в Липецке: перегородки и стекло	Добрый день! «Боравто» открыл в Липецке два дилерских центра: Jetour, Chery, Tenet и Solaris, Omoda, Jaecoo, Jeland. В мультибрендовых салонах по стандартам брендов нужны стеклянные перегородки кабинетов и переговорных, столы и зеркала в зону ожидания, и всё к дате открытия. Производство и сборка в Домодедово, металл режем и красим сами: перегородки - 15-30 рабочих дней с оплаты, столы на металле - 10-15. Гарантия по договору, доставка по России, монтаж в регионе - условия уточню. По партии срок подтвердим в расчёте. Если брендбуки не закрепляют поставщика, пришлите планировку следующего салона - посчитаем за 2 рабочих дня, недостающие данные уточню сама. Если вопрос не к вам, перешлите, пожалуйста, коллеге, который отвечает за отделку.	нет email, только звонок; ЛПР не найден, письмо без имени; сначала звонок: узнать имя, письмо после; факт не подтверждён: ЛПР и факт не проверялись, факт из исходного файла; регион Липецк: монтаж своими бригадами только Москва и МО
65	Ника (Владимир)	К6 Комплектатор образования	не найден	не найдено	ooonika2022@mail.ru	Новая школа в Пензе: стеклянные доски и зеркала	Добрый день! 30 мая заключён ваш контракт на учебные столы для новой школы в Пензе (МКУ «УКС г. Пензы»). В ТЗ на школы стекло проверяют строже остального, поэтому нужно закалённое. Делаем стеклянные маркерные доски из закалённого осветлённого стекла, зеркала для хореографических и спортивных залов, перегородки в административные зоны. Доски - 10-15 рабочих дней с оплаты. Производство и сборка свои, металл режем и красим сами. Доставка по России, монтаж в регионе - условия уточню. Пришлите позицию из ТЗ ближайшего тендера - посчитаем за 2 рабочих дня, недостающие данные уточню сама. Если в цену не попадём, скажу сразу. Если вопрос не к вам, перешлите, пожалуйста, коллеге, который ведёт тендеры.	ЛПР не найден, письмо без имени; сначала звонок: узнать имя, письмо после; факт не подтверждён: ЛПР и факт не проверялись, факт из исходного файла; объект в Пензе, регион компании Владимирская область: доставка по России
66	Author Development (ГК Автор)	К8 Девелопер	не найден	не найдено	pr@atr.city	Апарт-отель More.Yalta под брендом Cosmos: зеркала и стекло	Добрый день! More.Yalta начнёт работать под брендом сети отелей Cosmos. Смена бренда апарт-отеля обычно тянет за собой обновление номеров: зеркала с подсветкой, стекло в санузлах, консоли. Их удобнее делать партией, после утверждения образца одного изделия. Производство и сборка в Домодедово, металл режем и красим сами. Зеркала LED - 7-12 рабочих дней с оплаты, перегородки санузлов - 15-30, консоли на металле. По партии срок подтвердим в расчёте. Гарантия по договору, доставка по России, монтаж в регионе - условия уточню. Пришлите спецификацию номера - посчитаем за 2 рабочих дня, недостающие данные уточню сама. Если вопрос не к вам, перешлите, пожалуйста, дизайнеру FF&E или управляющей компании.	ЛПР не найден, письмо без имени; сначала звонок: узнать имя, письмо после; факт не подтверждён: ЛПР и факт не проверялись, факт из исходного файла; email пресс-службы (pr@atr.city), не закупки; объект More.Yalta, регион компании Липецкая область: доставка по России
67	DSGN HUB	К10 Архитектор / дизайн-бюро	Нина Воинова; Александра Агами; Ирина Донцова, Сооснователи DSGN HUB (по файлу)	ГИПОТЕЗА	dsgnhub.interior@gmail.com	Проект DSGN HUB в Seasons: образцы стекла и профиля	Нина, Александра, Ирина, добрый день! Видела публикацию проекта вашей студии в журнале Seasons. Самая частая беда со стеклом после утверждения проекта - срок и нестандартный размер, из-за которых позицию подменяют. Делаем стеклянные перегородки (фиксированные, распашные, раздвижные), стеклянные маркерные доски и зеркала сложного контура: овал, арка, капсула. Перегородки - 15-30 рабочих дней с оплаты, доски - 10-15. Производство и сборка свои, металл режем и красим сами. Могу заехать в бюро с образцами стекла и профиля. Когда удобно, на этой или следующей неделе? Если не актуально, ответьте одним словом.	проверить ЛПР до отправки; факт не подтверждён: ЛПР и факт не проверялись, факт из исходного файла, ЛПР из файла не перепроверены; email gmail, личный или общий - уточнить
68	Мебель братьев Баженовых (MBB)	К14 Салон дизайнерской мебели	не найден	не найдено	sd@mbb.ru	Новый салон МБВ в Москве: зеркала, консоли, стеклянные столы	Добрый день! 14 августа «Мебель братьев Баженовых» открыла новый салон в Москве. Зеркала и консоли под заказ у фабрик клиенты ждут неделями, а салону нужно, чтобы они стояли в зале к открытию. GENGLASS делает зеркала, консоли и столы на металле. Производство и сборка в Домодедово, металл режем и красим сами. Часть моделей на складе, отгрузка 1-3 рабочих дня с оплаты. Приглашаю в шоурум посмотреть изделия вблизи. Удобно на этой или следующей неделе? Если вопрос не к вам, перешлите, пожалуйста, коллеге, который отвечает за закупку у поставщиков.	ЛПР не найден, письмо без имени; сначала звонок: узнать имя, письмо после; факт не подтверждён: ЛПР и факт не проверялись, факт из исходного файла; email отдела поставщиков (sd@mbb.ru), общий info@mbb.ru запасной
69	FLEX OFFICE	К2 Офисный дилер-комплектатор	не найден	не найдено	hello@flex-office.biz	Мебель для HeadHunter и Кит Мед: стекло в спецификацию	Добрый день! FLEX OFFICE поставил мебель в девять проектов-номинантов Best Office Awards 2026, из них три реализованы в этом году: HeadHunter, ЕДИНЫЙ ЦУПИС и Кит Мед. В таких офисах мебель фабрики приходит в срок, а стеклянные перегородки и доски часто добирают отдельно и ждут дольше всего. GENGLASS делает перегородки, стеклянные маркерные доски и столы на металле под размер проекта. Их можно ставить в спецификацию как свою позицию, в том числе под вашим брендом - условия обсудим. Перегородки - 15-30 рабочих дней с оплаты, доски - 10-15. Производство и сборка свои, металл режем и красим сами. Пришлите одну текущую спецификацию со стеклом - посчитаем за 2 рабочих дня, недостающие данные уточню сама, сравните со своим поставщиком. Если вопрос не к вам, перешлите, пожалуйста, коллеге, который отвечает за закупку стекла.	ЛПР не найден, письмо без имени; сначала звонок: узнать имя, письмо после; факт не подтверждён: ЛПР и факт не проверялись, факт из исходного файла
70	CORE.XP	К9 Fit-out подрядчик	не найден	не найдено		Центральный университет и «Терем»: перегородки	Добрый день! Вы вели консалтинг и управление проектом в нескольких офисах-номинантах Best Office Awards 2026, включая Центральный университет и «Терем». Когда проект ведёт управляющая команда, стеклянные перегородки часто самая долгая позиция по сроку, и от неё зависит сдача. Перегородки, стеклянные маркерные доски и зеркала LED. Производство и сборка в Домодедово, металл режем и красим сами. Перегородки - 15-30 рабочих дней с оплаты, доски - 10-15, зеркала LED - 7-12, монтаж своими бригадами по Москве и МО. Пришлите спецификацию одного проекта - посчитаем за 2 рабочих дня, недостающие данные уточню сама, сравните с текущим поставщиком. Если вопрос не к вам, перешлите, пожалуйста, коллеге, который закупает перегородки.	нет email, только звонок; ЛПР не найден, письмо без имени; сначала звонок: узнать имя, письмо после; факт не подтверждён: ЛПР и факт не проверялись, факт из исходного файла
71	KUBRAVA Project Management	К9 Fit-out подрядчик	не найден	не найдено		Офис Avito в Петербурге: перегородки и доски в спецификацию	Добрый день! Офис Avito в Санкт-Петербурге, проект под управлением KUBRAVA, опубликован на officenext. Когда проект ведёт управляющая команда, стеклянные перегородки часто самая долгая позиция по сроку, и от неё зависит сдача. Перегородки и стеклянные маркерные доски. Производство и сборка в Домодедово, металл режем и красим сами. Перегородки - 15-30 рабочих дней с оплаты, доски - 10-15, доставка по России, монтаж в регионе - условия уточню. Пришлите спецификацию одного проекта - посчитаем за 2 рабочих дня, недостающие данные уточню сама, сравните с текущим поставщиком. Если вопрос не к вам, перешлите, пожалуйста, коллеге, который закупает перегородки.	нет email, только звонок; ЛПР не найден, письмо без имени; сначала звонок: узнать имя, письмо после; факт не подтверждён: ЛПР и факт не проверялись, факт из исходного файла; объект в Санкт-Петербурге, монтаж своими бригадами только Москва и МО
72	NF PM	К9 Fit-out подрядчик	не найден	не найдено		Визит-центр «Балтика»: перегородки, зеркала LED и доски	Добрый день! Визит-центр «Балтика» под управлением NF PM опубликован на officenext. Когда проект ведёт управляющая команда, стеклянные перегородки часто самая долгая позиция по сроку, и от неё зависит сдача. Перегородки, зеркала LED и стеклянные маркерные доски. Производство и сборка в Домодедово, металл режем и красим сами. Перегородки - 15-30 рабочих дней с оплаты, зеркала LED - 7-12, доски - 10-15, монтаж своими бригадами по Москве и МО. Пришлите спецификацию одного проекта - посчитаем за 2 рабочих дня, недостающие данные уточню сама, сравните с текущим поставщиком. Если вопрос не к вам, перешлите, пожалуйста, коллеге, который закупает перегородки.	нет email, только звонок; ЛПР не найден, письмо без имени; сначала звонок: узнать имя, письмо после; факт не подтверждён: ЛПР и факт не проверялись, факт из исходного файла
73	ARCHYSTRA (АРХИСТРА)	К10 Архитектор / дизайн-бюро	не найден	не найдено	info@archystra.com	Научный центр Норникель: стекло в спецификации бюро	Добрый день! Научный центр Норникель победил на Best Office Awards 2026 в номинации «Бренд и имидж», проект ARCHYSTRA. Когда бюро закладывает стекло в спецификацию, на объекте часто упираются в срок или нестандартный размер, и позицию меняют на то, что есть. Делаем стеклянные перегородки (фиксированные, распашные, раздвижные), стеклянные маркерные доски и зеркала сложного контура: овал, арка, капсула. Перегородки - 15-30 рабочих дней с оплаты, доски - 10-15. Производство и сборка свои, металл режем и красим сами. Могу заехать в бюро с образцами стекла и профиля. Когда удобно, на этой или следующей неделе? Если вопрос не к вам, перешлите, пожалуйста, коллеге, который отвечает за закупку стекла.	ЛПР не найден, письмо без имени; сначала звонок: узнать имя, письмо после; факт не подтверждён: ЛПР и факт не проверялись, факт из исходного файла
74	Syntaxis	К10 Архитектор / дизайн-бюро	не найден	не найдено	info@archsyntaxis.ru	Офис Cloud.ru: перегородки и доски в спецификации	Добрый день! Офис Cloud.ru от Syntaxis победил на Best Office Awards 2026. После утверждения проекта перегородки и зеркала нередко меняют на аналоги, потому что не успевают в срок или не попадают в размер. Делаем стеклянные перегородки (фиксированные, распашные, раздвижные), стеклянные маркерные доски и зеркала сложного контура: овал, арка, капсула. Перегородки - 15-30 рабочих дней с оплаты, доски - 10-15. Производство и сборка свои, металл режем и красим сами. Привезу в бюро образцы стекла и профиля и материалы для спецификаций. Удобно на этой или следующей неделе? Если вопрос не к вам, перешлите, пожалуйста, коллеге, который отвечает за закупку стекла.	ЛПР не найден, письмо без имени; сначала звонок: узнать имя, письмо после; факт не подтверждён: ЛПР и факт не проверялись, факт из исходного файла
75	ADRD	К10 Архитектор / дизайн-бюро	не найден	не найдено	info@adrd.pro	Совкомбанк и Сколково: стекло в спецификации бюро	Добрый день! Два проекта ADRD, офис Совкомбанка и Школа управления Сколково, вышли в номинанты Best Office Awards 2026. Стекло в спецификации чаще всего ломается на сроках и нестандартных размерах: на объекте позицию заменяют на складскую. Делаем стеклянные перегородки (фиксированные, распашные, раздвижные), стеклянные маркерные доски и зеркала сложного контура: овал, арка, капсула. Перегородки - 15-30 рабочих дней с оплаты, доски - 10-15. Производство и сборка свои, металл режем и красим сами. Могу прислать материалы для спецификаций и привезти образцы стекла и профиля в бюро. Удобно на этой или следующей неделе? Если вопрос не к вам, перешлите, пожалуйста, коллеге, который отвечает за закупку стекла.	ЛПР не найден, письмо без имени; сначала звонок: узнать имя, письмо после; факт не подтверждён: ЛПР и факт не проверялись, факт из исходного файла
76	DESIGN SOLUTIONS	К10 Архитектор / дизайн-бюро	не найден	не найдено	info@design-solutions.ru	Офис «Астра» и ещё три проекта в номинантах BOA	Добрый день! Четыре проекта DESIGN SOLUTIONS вошли в номинанты Best Office Awards 2026, в том числе офис «Астра». Самая частая беда со стеклом после утверждения проекта - срок и нестандартный размер, из-за которых позицию подменяют. Делаем стеклянные перегородки (фиксированные, распашные, раздвижные), стеклянные маркерные доски и зеркала сложного контура: овал, арка, капсула. Перегородки - 15-30 рабочих дней с оплаты, доски - 10-15. Производство и сборка свои, металл режем и красим сами. Могу заехать в бюро с образцами стекла и профиля. Когда удобно, на этой или следующей неделе? Если вопрос не к вам, перешлите, пожалуйста, коллеге, который отвечает за закупку стекла.	ЛПР не найден, письмо без имени; сначала звонок: узнать имя, письмо после; факт не подтверждён: ЛПР и факт не проверялись, факт из исходного файла
77	MAD Architects	К10 Архитектор / дизайн-бюро	Мария Николаева, основатель и руководитель бюро	ДАННЫЕ	hello@madarchitects.ru	Лотте Плаза, Кит Мед, РСХБ: стекло в спецификации офисов	Мария, добрый день! Три проекта вашего бюро вошли в номинанты Best Office Awards 2026: Яндекс Лотте Плаза, Кит Мед и корпоративный университет РСХБ. Стекло в таких офисах закладывают в спецификацию, а на объекте часто упираются в срок или нестандартный размер, и позицию меняют на то, что есть. Мы делаем перегородки (фиксированные, раздвижные, сталь или алюминий) и стеклянные маркерные доски под размер проекта: перегородки 15-30, доски 10-15 рабочих дней с оплаты. Металл режем и красим сами. Могу прислать материалы для спецификаций и привезти образцы стекла и профиля в бюро. Удобно на этой или следующей неделе? Если не актуально, ответьте одним словом.	закупкой стекла может заниматься руководитель комплектации - уточнить по телефону; не путать с пекинским MAD Architects
78	Line architects	К10 Архитектор / дизайн-бюро	Юлия Горяева, партнёр LINE Architects	ГИПОТЕЗА	jgoryaeva@linearch.ru	Проект для Virtus.pro: стекло и перегородки в спецификации	Юлия, добрый день! Видела в портфолио LINE Architects проект для Virtus.pro. В офисных проектах такого масштаба перегородки переговорных обычно самая долгая позиция по срокам. Когда стекло заложено в спецификацию, на объекте часто упираются в срок или нестандартный размер, и позицию меняют на то, что есть. Мы делаем стеклянные перегородки (фиксированные, раздвижные, распашные) 15-30 рабочих дней с оплаты и стеклянные маркерные доски 10-15, под размер проекта. Металл режем и красим сами. Пришлите одну позицию со стеклом из текущего проекта - посчитаем за 2 рабочих дня, недостающие данные уточню сама. Если вопрос не к вам, подскажите, кому переслать.	проверить ЛПР до отправки; факт не подтверждён: победу в BOA 2026 с Virtus.pro поиском не подтвердили, в письме только проект в портфолио; в выдаче также Арсений Горяев - ГД (дата неизвестна), связь основателя Дмитрия Петрова с московским бюро не подтверждена
79	Hot Walls	К10 Архитектор / дизайн-бюро	Михаил Шапошников, основатель, арт-директор студии	ДАННЫЕ	info@hot-walls.ru	Зеркала и стекло для жилых интерьеров Hot Walls	Михаил, добрый день! В сентябре Hot Walls открыла вакансию архитектора для жилых интерьеров, и, судя по всему, проектов в студии становится больше. Чем больше проектов, тем чаще зеркала и стеклянные перегородки заказывают в последний момент и в тех размерах, что есть в наличии. Мы делаем зеркала LED, в том числе сложного контура (овал, арка, капсула), 7-12 рабочих дней с оплаты, стеклянные перегородки для санузлов и гардеробных 15-30, столы на металле 10-15, консоли 20-30. Металл режем и красим сами. Могу прислать материалы для спецификаций и привезти образцы стекла и профиля в бюро. Удобно на этой или следующей неделе? Если не актуально, ответьте одним словом.	решения по закупкам скорее у комплектатора или руководителя проектов, Шапошников известен как ведущий YouTube-канала - уточнить, кому писать; данные о 57 проектах не использованы (по файлу)
80	ARTUM	К10 Архитектор / дизайн-бюро	Максим Черный, основатель и генеральный директор	ДАННЫЕ	info@artumstudio.ru	Стекло и зеркала для проектов ARTUM в Москве	Максим, добрый день! ARTUM ищет в Москве менеджера по продажам в студию: команда больше 40 человек, проектов больше тысячи в Москве и Петербурге. При таком потоке одни и те же позиции (зеркала на заказ, стеклянные перегородки, столы на металле) удобно закрепить за одним поставщиком, а не искать каждый раз нового. Зеркала LED 7-12, перегородки 15-30, столы на металле 10-15 рабочих дней с оплаты, размеры под проект. Производство и сборка свои. Металл режем и красим сами. Пришлите одну позицию со стеклом из текущего проекта - посчитаем за 2 рабочих дня, недостающие данные уточню сама. Если вопрос не к вам, подскажите, кому переслать.	студия описана как петербургская с проектами в Москве и СПб - уточнить, кто закупает для московских объектов
81	RUBLEVA DESIGN & ARCHITECTURE	К10 Архитектор / дизайн-бюро	Мария Рублева, основатель и руководитель бюро	ГИПОТЕЗА	info@rubleva-design.ru	Стекло и зеркала для домов класса А: вопрос по позициям	Мария, добрый день! Бюро RUBLEVA снова ищет комплектатора для дизайна интерьера. Вы работаете с домами класса А. Пока место открыто, позиции со стеклом и зеркалами часто зависают: их надо найти, посчитать и согласовать по размеру, а срок изготовления становится известен только после утверждения. Мы делаем зеркала сложного контура (овал, арка, капсула) и с подсветкой LED 7-12 рабочих дней с оплаты, стеклянные перегородки на стальном или алюминиевом профиле 15-30, столы на металле 10-15, консоли 20-30. Замер и монтаж своими бригадами по Москве и МО. Пришлите одну позицию со стеклом из текущего проекта - посчитаем за 2 рабочих дня, недостающие данные уточню сама. Если не актуально, ответьте одним словом.	проверить ЛПР до отправки; дата источника ЛПР не подтверждена; вакансия комплектатора открывается повторно (апрель и сентябрь 2026)
82	Fedorova Architects	К10 Архитектор / дизайн-бюро	Александра Фёдорова, основатель и руководитель бюро	ГИПОТЕЗА	info@fedorova.ru	Стекло и зеркала для вилл: вопрос по спецификации	Александра, добрый день! В Fedorova Architects открыта вакансия комплектатора. Бюро ведёт виллы и жилые интерьеры. В таких проектах стекло и зеркала часто нестандартных размеров и форм, а срок изготовления становится известен, когда проект уже утверждён. Мы делаем зеркала сложного контура (овал, арка, капсула) и с подсветкой LED 7-12 рабочих дней с оплаты, стеклянные перегородки для санузлов, гардеробных и входных групп 15-30, столы на металле 10-15, консоли 20-30. Металл режем и красим сами. Пришлите одну позицию со стеклом из текущего проекта - посчитаем за 2 рабочих дня, недостающие данные уточню сама. Если вопрос не к вам, подскажите, кому переслать.	проверить ЛПР до отправки; профиль для К10 средний: бюро в основном ведёт виллы и жилые интерьеры, коммерческих перегородок мало; источник ЛПР - интервью без проверенной даты
83	KRASNOV DESIGN	К10 Архитектор / дизайн-бюро	Игорь Краснов; Анастасия Краснова, основатели студии	ДАННЫЕ	info@krasnov.design	Зеркала и стекло для московских проектов KRASNOV DESIGN	Игорь и Анастасия, добрый день! Студия ищет в Москве руководителя проектов и менеджера по продажам, а за плечами у вас больше 220 проектов полного цикла. Когда команда растёт, растёт и число позиций под каждый проект: зеркала нестандартной формы, стеклянные перегородки, столы. Часто их меняют на то, что есть, из-за срока. Мы делаем под размер: зеркала LED 7-12, перегородки 15-30, столы на металле 10-15, консоли 20-30 рабочих дней с оплаты. Замер и монтаж своими бригадами по Москве и МО. Могу прислать материалы для спецификаций и привезти образцы стекла и профиля в бюро. Удобно на этой или следующей неделе? Если не актуально, ответьте одним словом.	роли внутри пары (кто закупает) не уточнены - выяснить до отправки
84	ONEHOUSE	К10 Архитектор / дизайн-бюро	Андрей Юдин, генеральный директор	ДАННЫЕ	info@onehouse.ru	Стекло и зеркала для домов ONEHOUSE: вопрос по комплектации	Андрей, добрый день! На сайте ONEHOUSE есть страница для партнёров, а в вакансиях - комплектатор интерьеров. Комплектация дома упирается в позиции, которые делают под размер: зеркала, стеклянные перегородки, столы. Их часто заказывают поздно и потом ждут дольше всего. Мы делаем зеркала LED 7-12, перегородки 15-30, столы на металле 10-15 рабочих дней с оплаты. Замер и монтаж своими бригадами по Москве и МО, гарантия по договору. Пришлите одну позицию со стеклом из текущего дома - посчитаем за 2 рабочих дня, недостающие данные уточню сама. Если вопрос не к вам, подскажите, кому переслать.	коммерческий директор Дмитрий Соловьёв - возможно, ближе к закупке; не путать с ONE HOUSE (Минск); партнёрская страница onehouse.ru/partners
85	4ROOM STUDIO	К10 Архитектор / дизайн-бюро	Елена Лобурец, основатель студии	ДАННЫЕ	hello@4room.studio	Стекло и зеркала для проектов 4ROOM STUDIO	Елена, добрый день! В портфолио 4ROOM STUDIO есть проекты для MR Group, а на hh.ru открыта вакансия ведущего дизайнера интерьера. В коммерческих и жилых проектах стеклянные перегородки и зеркала нестандартных размеров часто становятся позицией, которую меняют на то, что есть, из-за срока. Мы делаем перегородки на стальном или алюминиевом профиле 15-30 рабочих дней с оплаты, зеркала сложного контура (овал, арка, капсула) и с подсветкой LED 7-12, столы на металле 10-15, под размер проекта. Могу прислать материалы для спецификаций и привезти образцы стекла и профиля в бюро. Удобно на этой или следующей неделе? Если не актуально, ответьте одним словом.	данные об опыте студии на сайте противоречивы (основана 2018, но '10 лет опыта') - ФИО проверить на странице
86	АБ Проектное Бюро	К10 Архитектор / дизайн-бюро	Златан Бркич, генеральный директор и управляющий партнёр	ДАННЫЕ	office@ab-architects.ru	Стекло и зеркала для резиденций: вопрос по спецификации	Златан, добрый день! Вакансия главного архитектора проекта в АБ Проектное Бюро открыта на hh.ru, а бюро ведёт крупные резиденции. Когда бюро закладывает стекло в спецификацию, дальше на объекте часто упираются в срок или нестандартный размер, и позицию меняют на то, что есть. Мы делаем перегородки (фиксированные, распашные, раздвижные, сталь или алюминий) 15-30 рабочих дней с оплаты, зеркала сложного контура и с подсветкой LED 7-12, столы на металле 10-15, под размер проекта. Могу прислать материалы для спецификаций и привезти образцы стекла и профиля в бюро. Удобно на этой или следующей неделе? Если вопрос не к вам, подскажите, кому переслать.	не путать с ABD architects (abd-architects.ru); в управляющей команде также Игорь Метёлкин (лидер проектов) - уточнить, кто закупает
87	SIO (архитектурное бюро Игоря Ситкилова)	К10 Архитектор / дизайн-бюро	Игорь Ситкилов, основатель и руководитель бюро	ДАННЫЕ	office@sio.team	Стекло и зеркала для загородных домов SIO	Игорь, добрый день! SIO ищет руководителя строительных проектов, а бюро ведёт загородные дома полного цикла. В таком доме стекло и зеркала идут отдельными заказами под размер: перегородки санузлов и гардеробных, зеркала с подсветкой. Их обычно заказывают, когда стройка уже идёт, и срок становится узким местом. Мы делаем перегородки 15-30, зеркала LED 7-12, столы на металле 10-15, консоли 20-30 рабочих дней с оплаты. Замер и монтаж своими бригадами по Москве и МО. Пришлите одну позицию со стеклом из текущего проекта - посчитаем за 2 рабочих дня, недостающие данные уточню сама. Если не актуально, ответьте одним словом.	второй хук: 31.07.2026 бюро было партнёром семейного гольф-турнира в клубе Pestovo (t.me/s/sioteam)
88	Dseesion Interiors	К10 Архитектор / дизайн-бюро	Валерия Сенькина, основатель, генеральный директор, главный архитектор	ДАННЫЕ	info@dseesion.ru	Зеркала и стекло для интерьеров Dseesion: образцы в бюро	Валерия, добрый день! У Dseesion Interiors офисы в Москве и Лондоне, а в августе открыта вакансия дизайнера интерьеров. В дорогих интерьерах зеркала и столы делают под размер, и срок изготовления обычно становится известен слишком поздно. Мы делаем зеркала сложного контура (овал, арка, капсула) и с подсветкой LED 7-12 рабочих дней с оплаты, столы на металле 10-15, консоли 20-30, стеклянные перегородки 15-30. Металл режем и красим сами. Могу прислать материалы для спецификаций и привезти образцы стекла и профиля в бюро. Удобно на этой или следующей неделе? Если вопрос не к вам, подскажите, кому переслать.	бюро работает в основном с жильём, коммерческий сегмент ограничен (есть проект офиса интерьерной студии)
89	OSOME studio	К10 Архитектор / дизайн-бюро	Алина Долгова, основатель студии	ГИПОТЕЗА	info@osome.studio	Стекло и зеркала для проектов OSOME studio	Алина, добрый день! Видела, что OSOME studio ищет комплектатора интерьеров. Пока комплектатора нет, позиции со стеклом и зеркалами обычно ложатся на дизайнеров: их нужно найти, посчитать и согласовать по размеру. Срок изготовления становится известен только после утверждения. Мы делаем под размер проекта: зеркала сложного контура и LED 7-12, стеклянные перегородки 15-30, столы на металле 10-15 рабочих дней с оплаты. Металл режем и красим сами. Пришлите одну позицию со стеклом из текущего проекта - посчитаем за 2 рабочих дня, недостающие данные уточню сама. Если не актуально, ответьте одним словом.	проверить ЛПР до отправки; источник ФИО - профиль Instagram, официального подтверждения нет
90	АС Бюро	К10 Архитектор / дизайн-бюро	Артём Болдырев, основатель и главный дизайнер	ДАННЫЕ	offer@a-s-buro.com	Зеркала, стекло и перегородки для проектов АС Бюро	Артём, добрый день! У основателя АС Бюро больше 300 проектов, а в сентябре студия открыла вакансию менеджера по продажам. При таком потоке зеркала на заказ, стеклянные перегородки и столы удобно закрепить за поставщиком, который делает их под размер и называет срок до утверждения. Зеркала LED 7-12, перегородки 15-30, столы на металле 10-15 рабочих дней с оплаты. Замер и монтаж своими бригадами по Москве и МО, гарантия по договору. Могу прислать материалы для спецификаций и привезти образцы стекла и профиля в бюро. Удобно на этой или следующей неделе? Если вопрос не к вам, подскажите, кому переслать.	в выдаче есть тёзки (А+С Новосибирск, la-buro) - не смешивать; ФИО с сайта a-s-buro.ru; email из входного файла
91	Дизайн-бюро №11 (Buro 11)	К10 Архитектор / дизайн-бюро	Кирилл Дунаев, руководитель бюро, архитектор	ГИПОТЕЗА	info@buro11.ru	Стекло и зеркала для проектов Дизайн-бюро №11	Кирилл, добрый день! На hh.ru есть вакансия менеджера проектов в Дизайн-бюро №11. Когда бюро закладывает стекло в спецификацию, дальше на объекте часто упираются в срок или нестандартный размер, и позицию меняют на то, что есть. Мы делаем перегородки (фиксированные, раздвижные, сталь или алюминий) 15-30 рабочих дней с оплаты, зеркала сложного контура и с подсветкой LED 7-12, столы на металле 10-15, под размер проекта. Доставка по России, монтаж в регионе - условия уточню. Могу прислать материалы для спецификаций и привезти образцы стекла и профиля в бюро. Удобно на этой или следующей неделе? Если не актуально, ответьте одним словом.	проверить ЛПР до отправки; факт не подтверждён: по 2ГИС и interior.ru бюро находится в Новосибирске (ул. Кирова, 48), московский офис и вакансию проверить руками; соучредитель - Анна Дунаева
92	Arch Detali (АРХДЕТАЛИ)	К10 Архитектор / дизайн-бюро	Екатерина Евгеньевна Варгова, генеральный директор	ГИПОТЕЗА	info@archdetali.ru	Стекло и зеркала для интерьеров АрхДетали	Екатерина, добрый день! АрхДетали работает с 2003 года, а сейчас ищет дизайнера интерьера. У студии с таким опытом набор позиций под размер обычно повторяется: зеркала на заказ, стеклянные перегородки, столы. Проблема в том, что срок изготовления называют поздно. Мы делаем зеркала LED 7-12, стеклянные перегородки 15-30, столы на металле 10-15, консоли 20-30 рабочих дней с оплаты, под размер проекта. Металл режем и красим сами. Пришлите одну позицию со стеклом из текущего проекта - посчитаем за 2 рабочих дня, недостающие данные уточню сама. Если вопрос не к вам, подскажите, кому переслать.	проверить ЛПР до отправки; в выдаче ГД также Колганников Михаил Юрьевич (период неизвестен); адреса ЕГРЮЛ разные (Нахимовский пр. и Авиамоторная) - проверить актуальность
93	Red Robot Design	К10 Архитектор / дизайн-бюро	Василий Сосов, сооснователь бюро	ГИПОТЕЗА	info@redrd.ru	Стекло и перегородки для бизнес-проектов Red Robot Design	Василий, добрый день! Бюро Red Robot Design десять лет на рынке и ищет дизайнера интерьеров для бизнес-проектов. В офисах и жилых интерьерах для деловых клиентов стеклянные перегородки и зеркала часто нестандартного размера, и позицию меняют на то, что есть, из-за срока. Мы делаем перегородки (фиксированные, раздвижные, сталь или алюминий) 15-30 рабочих дней с оплаты, зеркала LED 7-12, столы на металле 10-15, под размер проекта. Могу прислать материалы для спецификаций и привезти образцы стекла и профиля в бюро. Удобно на этой или следующей неделе? Если не актуально, ответьте одним словом.	проверить ЛПР до отправки; не путать с Redmadrobot; второй сооснователь в выдаче не найден
94	STAROV	К10 Архитектор / дизайн-бюро	Михаил Старов, основатель и генеральный директор	ГИПОТЕЗА	info@starov.co	Стекло и зеркала для проектов STAROV: авторский контроль	Михаил, добрый день! У STAROV больше 150 проектов, комплектация есть в списке услуг, а на hh.ru открыта вакансия специалиста авторского контроля. Авторский контроль нужен, чтобы на объекте стояло то, что в проекте. Со стеклом это ломается чаще всего: не успели по сроку или не тот размер, и позицию заменили. Мы делаем под размер проекта: перегородки 15-30, зеркала LED 7-12, столы на металле 10-15, консоли 20-30 рабочих дней с оплаты. Замер и монтаж своими бригадами по Москве и МО. Пришлите одну позицию со стеклом из текущего проекта - посчитаем за 2 рабочих дня, недостающие данные уточню сама. Если вопрос не к вам, подскажите, кому переслать.	проверить ЛПР до отправки; дата источника ЛПР не подтверждена
95	Desart Decor	К10 Архитектор / дизайн-бюро	Диана Тараканова, основатель, арт-директор	ГИПОТЕЗА	info@desartdecor.ru	Стекло и зеркала для коттеджей и таунхаусов Desart Decor	Диана, добрый день! Вакансия ведущего дизайнера или руководителя проектов в Desart Decor открыта в сентябре. В коттеджах и таунхаусах стеклянные перегородки, зеркала и столы часто нестандартных размеров, и позицию меняют на то, что есть на складе. Мы делаем зеркала сложного контура (овал, арка, капсула) и с подсветкой LED 7-12 рабочих дней с оплаты, стеклянные перегородки 15-30, столы на металле 10-15, консоли 20-30, под размер проекта. Могу прислать материалы для спецификаций и привезти образцы стекла и профиля в бюро. Удобно на этой или следующей неделе? Если не актуально, ответьте одним словом.	проверить ЛПР до отправки; интервью с ФИО без проверенной даты; ГД юрлица ООО ДЕСАРТДЕКОР не удалось прочитать - проверить, совпадает ли
96	Norke (сеть смарт-апарт-отелей)	К11 Отели и гостиничные компании	Богдан Ковеза, коммерческий директор и партнёр	ГИПОТЕЗА		Norke Prime Бауманская: зеркала LED под размер номера	Богдан, добрый день! 20 мая открылся 4-звёздочный апарт-отель Norke Prime Бауманская на 52 номера, с умным домом. В типовых номерах-студиях повторяется один набор: зеркало с подсветкой, стекло в санузле, обеденный стол. Одна ошибка в размере умножается на весь фонд, поэтому до партии нужен образец. Делаем такой набор под размер номера: зеркала LED 7-12, перегородки санузлов 15-30, столы на металле 10-15 рабочих дней с оплаты. По партии срок подтвердим в расчёте. Можем сделать образец одного изделия на утверждение до запуска партии, условия образца уточню. Пришлите спецификацию типового номера - посчитаем пакет за 2 рабочих дня, недостающие данные уточню сама. Если не актуально, ответьте одним словом.	проверить ЛПР до отправки; нет email, только звонок; телефон +7 925 545-74-73 из входного файла, источник не подтверждён - проверить, публичен ли; должность подтверждена поиском, дату источника не проверяли; по К11 нужен ещё технический директор или директор по развитию - не найден
97	АвтоГЕРМЕС	К12 Автодилер	не найден	не найдено		Новый ДЦ VOLGA на Рябиновой: перегородки и стекло	Добрый день! Вы открыли новый дилерский центр VOLGA на Рябиновой, 43Б: день открытых дверей был 20 июня. В салоне обычно нужны стеклянные перегородки кабинетов и переговорных, столы переговоров, зеркала в зоне ожидания и санузлах, и всё к дате открытия. Делаем это под размер и брендбук: перегородки 15-30, столы на металле 10-15 рабочих дней с оплаты. Монтаж своими бригадами по Москве и МО. Если брендбук интерьера не закрепляет поставщика за маркой, пришлите планировку следующего салона - посчитаем за 2 рабочих дня, недостающие данные уточню сама. Если вопрос не к вам, перешлите, пожалуйста, коллеге, который отвечает за строительство и отделку салонов.	нет email, только звонок; сначала звонок: узнать имя, письмо после; ЛПР по строительству и развитию не найден; в выдаче только Сушко Владимир - директор техцентра (не наш профиль), искать по hh.ru и LinkedIn
98	Family Garden	К13 Ресторанные группы и сети	не найден	не найдено	fr@novikov.family	Ресторан «Южанин» на 450 мест: зеркала, стекло и столы	Добрый день! Вместе с Novikov Group вы запустили ресторан «Южанин» на 450 мест. В большом зале стекло и металл видны гостю вблизи: зеркала в зале и санузлах, стеклянные перегородки, подстолья. Если такие рестораны тиражируются, типовой комплект удобно зафиксировать один раз. Делаем зеркала (с подсветкой LED 7-12), перегородки 15-30, столы на металле с порошковой покраской 10-15 рабочих дней с оплаты, под размер и концепцию. По партии срок подтвердим в расчёте. Пришлите планировку или список позиций следующего открытия - посчитаем за 2 рабочих дня, недостающие данные уточню сама. Если вопрос не к вам, перешлите, пожалуйста, коллеге, который отвечает за открытия ресторанов.	сначала звонок: узнать имя, письмо после; дата в файле нечёткая (2026); email fr@novikov.family похож на франчайзинговый, проверить, что это подходящий адрес; в оффере названы PRO.Хинкали и Lali - связь с Family Garden проверить; факт не перепроверен; дубль со строкой 14: тот же ящик fr@novikov.family, порядок согласовать
99	Mobilicasa	К14 Салон дизайнерской мебели	не найден	не найдено	info@mobilicasa.ru	Новый шоурум Mobilicasa: зеркала со склада	Добрый день! Смотрела публикацию на interior.ru о новом шоуруме Mobilicasa: 150 м², проект Светланы Дикушиной, в экспозиции новые бренды. Новую экспозицию хочется закрыть зеркалами сразу, а не ждать под заказ. GENGLASS делает зеркала в палитрах NERO, ORO и BIANCO. Часть моделей на складе, отгрузка 1-3 рабочих дня. Производство и сборка в Домодедово, металл режем и красим сами. Могу привезти образцы зеркал к вам в шоурум. Удобно на этой или следующей неделе? Если вопрос не к вам, перешлите, пожалуйста, коллеге, который отвечает за наполнение экспозиции.	сначала звонок: узнать имя, письмо после; ЛПР не найден, владельца искать руками; факт не перепроверен
100	Flexity	К1 Сервисные офисы / коворкинги	не найден	не найдено	hello@flexity.ru	Павелецкая Плаза, 827 м2: перегородки и доски на площадку	Добрый день! В первом квартале Flexity открыла площадку на 827 м² в бизнес-центре «Павелецкая Плаза». На каждой новой площадке повторяется один набор: перегородки переговорных и кабинетов, маркерные доски, зеркала в санузлах. Обычно его заново согласуют и ждут под каждый объект. Делаем перегородки 15-30 и доски 10-15 рабочих дней с оплаты. Производство и сборка в Домодедово, металл режем и красим сами. Замер и монтаж своими бригадами по Москве и МО. Типовую спецификацию можно зафиксировать один раз и повторять на каждой локации. По партии срок подтвердим в расчёте. Пришлите планировку ближайшей площадки - посчитаем с техотделом за 2 рабочих дня, недостающие данные уточню сама. Если вопрос не к вам, перешлите, пожалуйста, коллеге, который отвечает за отделку площадок.	сначала звонок: узнать имя, письмо после; факт не подтверждён: в файле формулировка 'единственное качественное открытие квартала' - в письме не использована, проверить
