201	Пелетон (Peleton)	К12 Автодилер		не найдено	info@tenetplus-peleton.ru	Салон Tenet Plus в Коммунарке: перегородки и стекло	Добрый день! Дилерский центр нового бренда Tenet Plus в Коммунарке открыт. К открытию салона нужны стеклянные перегородки переговорных и кабинетов, столы переговоров, зеркала в зону ожидания. Мы производим это под размер и брендбук: перегородки 15-30 рабочих дней с оплаты, столы на металле 10-15, монтаж своими бригадами по Москве и МО. Подскажите, брендбук интерьера Tenet Plus закрепляет поставщика мебели или вы выбираете сами? Если сами, пришлите планировку - посчитаем за 2 рабочих дня, недостающие данные уточню сама. Если этим занимается не вы, перешлите, пожалуйста, коллеге, который отвечает за открытие салонов.	факт из файла не перепроверен; уточнить адрес ДЦ: на Яндекс.Картах Tenet Пелетон (МКАД 33 км) и Peleton автомолл (МКАД 44 км); юрлицо дилера не определено; Дмитрий Максимов (директор бренда Tenet Plus) не ЛПР дилера; сначала звонок: узнать имя, письмо после
202	Сонг Моторс (Song Motors)	К12 Автодилер		не найдено	info@songmotors.ru	Салон Tenet Plus на МКАД 26 км: перегородки и стекло	Добрый день! Дилерский центр нового бренда Tenet Plus на МКАД 26 км открыт. К открытию салона нужны стеклянные перегородки переговорных и кабинетов, столы переговоров, зеркала в зону ожидания. Мы производим это под размер и брендбук: перегородки 15-30 рабочих дней с оплаты, столы на металле 10-15, монтаж своими бригадами по Москве и МО. Подскажите, брендбук интерьера Tenet Plus закрепляет поставщика мебели или вы выбираете сами? Если сами, пришлите планировку - посчитаем за 2 рабочих дня, недостающие данные уточню сама. Если вопрос не к вам, перешлите, пожалуйста, коллеге, который отвечает за открытие салона.	факт из файла не перепроверен; сначала звонок: узнать имя, письмо после
203	Privé7 (сеть салонов красоты премиум)	К13 Ресторанные группы и сети	Ирина Митрошкина; Сусанна Карпова, сооснователи сети Privé7	ГИПОТЕЗА	info@prive7.com	Зеркала с LED для новых салонов Privé7	Ирина, Сусанна, добрый день! Среди городов на сайте Privé7 - Сочи и Тула. В салонах каждое новое открытие - серия одинаковых рабочих мест: зеркала мастеров, перегородки кабинетов, консоли. Мы производим зеркала с LED-подсветкой под размер места, 7-12 рабочих дней с оплаты, стеклянные перегородки на стальном или алюминиевом профиле, 15-30, и столы на металле, 10-15. Доставка по России. Пришлите спецификацию одного рабочего места или планировку следующего салона - посчитаем за 2 рабочих дня, недостающие данные уточню сама. По партии срок подтвердим в расчёте. Если сейчас не до этого, ответьте одним словом.	проверить ЛПР до отправки; сегмент в базе неверный: салоны красоты, не ресторан; факт не подтверждён: источник около 2020 года, Privé7 Sochi уже есть в выдаче (ул. Несебрская), что именно анонсировано на 2026 - проверить; в письме смягчено; факт из файла не перепроверен
204	Casa Ricca EXPO	К14 Салон дизайнерской мебели		не найдено		IDEAL DESIGN SPACE: зеркала со склада в экспозицию	Добрый день! Новому выставочному проекту IDEAL DESIGN SPACE на третьем этаже Casa Ricca EXPO нужны изделия, которые можно поставить в экспозицию без долгого ожидания. Площадь проекта планируют расширить до 7000+ кв. м в 2026-2027. Производство и сборка в Домодедово, металл режем и красим сами. Зеркала с LED-подсветкой под размер - 7-12 рабочих дней с оплаты, часть зеркал на складе, отгрузка 1-3 рабочих дня. Приглашаю в шоурум посмотреть зеркала вблизи. Удобно на этой или следующей неделе? Если вопрос не к вам, перешлите, пожалуйста, коллеге, который отвечает за экспозицию и закупки.	нет email, только звонок; ЛПР не найден: Руслан Чернобаев (президент ADDAWARDS) - инициатор IDEAL DESIGN SPACE, но не собственник Casa Ricca EXPO; год события (9 сентября 2026) взят из файла, в письме дата не названа; сначала звонок: узнать имя, письмо после
205	Мой Кабинет	К1 Сервисные офисы / коворкинги		не найдено	info@mycabi.net	Перегородки для «Моего Кабинета»: набор на локацию	Добрый день! Гибкий офис в «Говорово» у вас открыт. На каждой новой локации повторяется один набор: перегородки для нарезки кабинетов, зеркала в санузлах. Обычно его заново согласуют и ждут под каждый объект. Производство и сборка в Домодедово, металл режем и красим сами. Перегородки 15-30 рабочих дней с оплаты, монтаж своими бригадами по Москве и МО. Типовую спецификацию можно зафиксировать один раз и повторять на каждой локации. Пришлите планировку ближайшей локации - посчитаю с техотделом за 2 рабочих дня, недостающие данные уточню сама. По партии срок подтвердим в расчёте. Если этим занимается не вы, перешлите, пожалуйста, коллеге, который отвечает за открытие локаций.	факт из файла не перепроверен; email общий (info@mycabi.net); ЛПР не найден на mycabi.net (компания управляет БЦ Сириус Парк, Виктори Парк, Лейпциг, Говорово); Space 1 в письме не упомянут: это конкурент; сначала звонок: узнать имя, письмо после
206	Тёплое место	К1 Сервисные офисы / коворкинги		не найдено	vsem@teplo.moscow	«Тёплое место»: перегородки и доски для рабочих зон	Добрый день! Пишу по информации об открытии «Тёплого места» летом в центре Москвы. На каждой новой локации повторяется один набор: перегородки для кабинетов, стеклянные доски, зеркала. Обычно его заново согласуют и ждут под каждый объект. Производство и сборка в Домодедово, металл режем и красим сами. Перегородки 15-30 рабочих дней с оплаты, стеклянные маркерные доски 10-15, монтаж своими бригадами по Москве и МО. Пришлите планировку ближайшей локации - посчитаю с техотделом за 2 рабочих дня, недостающие данные уточню сама. По партии срок подтвердим в расчёте. Если вопрос не к вам, перешлите, пожалуйста, коллеге, который отвечает за открытие локаций.	факт не подтверждён: проект и сайт teplo.moscow в выдаче не подтвердились, проверить руками; в письме смягчено; факт из файла не перепроверен; сначала звонок: узнать имя, письмо после
207	Inspira (ex. GDB)	К2 Офисный дилер-комплектатор		не найдено	info@inspiraspace.ru	Virtus.pro на Best Office Awards: стекло в спецификацию	Добрый день! Проект для Virtus.pro вошёл в номинанты Best Office Awards 2026. В таких офисах мебель приходит в срок, а стеклянные перегородки и доски часто добирают отдельно и ждут дольше всего. GENGLASS производит перегородки, стеклянные маркерные доски и столы на металле под размер проекта. Их можно ставить в спецификацию как свою позицию, условия работы под вашим брендом обсудим. Перегородки 15-30 рабочих дней с оплаты, доски 10-15. Пришлите одну текущую спецификацию со стеклом - посчитаем за 2 рабочих дня, недостающие данные уточню сама. Сравните со своим поставщиком. Если этим занимается не вы, перешлите, пожалуйста, коллеге, который отвечает за закупку стекла и комплектацию.	факт из файла не перепроверен; ребрендинг GDB на Inspira не подтверждён поиском, в письме не использован; ЛПР не найден; сначала звонок: узнать имя, письмо после
208	Pridex	К3 Офисная фабрика-интегратор	Кирилл Бренев, генеральный директор Pridex (по странице руководства)	ГИПОТЕЗА	info@pridex.ru	Next Products 2026 и стекло для ваших проектов	Кирилл, добрый день! Платформа Pridex для управления доступом в бизнес-центрах вошла в номинанты Next Products 2026. В офисных проектах под ключ стеклянные перегородки, доски и зеркала обычно закупают отдельно, и на них проект ждёт стороннего подрядчика. Мы работаем как субподрядчик по стеклу: перегородки на стальном или алюминиевом профиле (15-30 рабочих дней с оплаты), стеклянные маркерные доски (10-15), зеркала с LED-подсветкой (7-12). Счёт идёт вам, с вашими заказчиками напрямую не работаем. Пришлите одну позицию со стеклом из текущего проекта - посчитаем за 2 рабочих дня, недостающие данные уточню сама. Если тема не ваша, подскажите, кто у вас отвечает за закупку комплектующих.	проверить ЛПР до отправки; дата страницы руководства неизвестна; есть пресс-релиз «В PRIDEX новый генеральный директор» (pridex.ru/press/releases/4717), не открывали; возможный ЛПР по fit-out: Сергей Волков, директор по строительству (pridex.ru/team/top_management/construction_directo); Андрей Серяков - ГД Pridex Technology (ИТ-интегратор), другая структура; проверить, что у Pridex есть направление fit-out (в выдаче платформа управления доступом); факт из файла не перепроверен
209	Гартлекс (мебельная фабрика)	К3 Офисная фабрика-интегратор	Сергей Добашин, генеральный директор (по данным агрегатора)	ГИПОТЕЗА	gartlex@gartlex.ru	Гартлекс: стеклянные столы и перегородки для HoReCa	Сергей Михайлович, добрый день! У Гартлекса шесть открытых вакансий, среди них менеджеры по оптовым продажам офисной и HoReCa-мебели. К мягкой мебели для офисов и HoReCa обычно нужны зоны ожидания и лаунжи, а стеклянные столы, консоли и перегородки в мебельном цеху обычно не делают, и на них проект ждёт подрядчика. Мы работаем как поставщик стекла и металла для мебельных фабрик: столы на металле (10-15 рабочих дней с оплаты), перегородки (15-30), зеркала с LED-подсветкой (7-12). Условия работы под вашим брендом обсудим. Пришлите одну позицию из текущего проекта - посчитаем за 2 рабочих дня, недостающие данные уточню сама. Если тема не ваша, подскажите, кому переслать.	проверить ЛПР до отправки; ФИО повторной проверкой не подтверждено, вероятно данные ЕГРЮЛ-агрегатора: проверить на rusprofile/checko; факт из файла не перепроверен
210	МЕТТА (Metta)	К3 Офисная фабрика-интегратор	Амир Фаткуллин, генеральный директор ООО «Компания «Метта» (ГД по ЕГРЮЛ с 2018-12-13)	ГИПОТЕЗА	internet-shop@metta.ru	Метта: стекло для совместных офисных комплектаций	Амир Анварович, добрый день! У Метты 19 открытых вакансий в Москве и области, среди них менеджер по работе с ключевыми клиентами. В крупных офисных заказах рядом с мебелью обычно просят перегородки, стеклянные доски и столы, и на них проект ждёт стороннего подрядчика. Мы работаем как субподрядчик по стеклу: перегородки на стальном или алюминиевом профиле (15-30 рабочих дней с оплаты), стеклянные маркерные доски (10-15), столы на металле (10-15). Счёт идёт вам, с вашими заказчиками напрямую не работаем. Пришлите одну позицию со стеклом из текущего проекта - посчитаем за 2 рабочих дня, недостающие данные уточню сама. Если тема не ваша, подскажите, кто в B2B-отделе отвечает за закупку комплектующих.	проверить ЛПР до отправки; email internet-shop@ - адрес интернет-магазина, не B2B; юрлицо в Уфе (ИНН 0275039651), актуальность не проверена; коммерческий директор не найден; факт из файла не перепроверен
211	3К Мебель (Три К Мебель)	К4 HoReCa-комплектатор		не найдено	info@3kmebel.ru	Зеркала и стекло к вашим HoReCa-объектам	Добрый день! Вы ищете менеджера по оптовым продажам мебели для ресторанов, отелей и ТЦ, и новые объекты у вас идут каждый месяц. К столам и стульям на таких объектах часто добавляются зеркала и стеклянные перегородки, и комплектация ждёт отдельного подрядчика. Мы производим столы на металле (10-15 рабочих дней с оплаты), зеркала с LED-подсветкой (7-12) и стеклянные перегородки (15-30) под размер объекта. Перед партией сделаем образец одного изделия на утверждение, условия образца уточню. Пришлите спецификацию одного объекта - посчитаем за 2 рабочих дня, недостающие данные уточню сама. По партии срок подтвердим в расчёте. Если этим занимается не вы, перешлите, пожалуйста, коллеге, который отвечает за закупку мебели для объектов HoReCa.	факт из файла не перепроверен; ЛПР не найден: на 3kmebel.ru имён нет (ООО «Три К Мебель», ул. Суворовская 8); сначала звонок: узнать имя, письмо после
212	Hutton Development	К8 Девелопер		не найдено	info@hutton.ru	NOMAN: перегородки и зеркала для помещений резидентов	Добрый день! В промпарке NOMAN Hutton начала передавать помещения резидентам после ввода в эксплуатацию. В офисных блоках стеклянные перегородки обычно самая долгая позиция по сроку, а в общих зонах нужны зеркала. Производим по размеру объекта: перегородки за 15-30 рабочих дней с оплаты, зеркала с LED-подсветкой за 7-12. Замер и монтаж - своими бригадами по Москве и МО, гарантия по договору. Пришлите планировку одного офисного блока - посчитаем за 2 рабочих дня, недостающие данные уточню сама. Если вопрос не к вам, перешлите, пожалуйста, коллеге, который отвечает за закупку перегородок.	факт из файла не перепроверен; ЛПР не искали: лимит поиска исчерпан; сначала звонок: узнать имя, письмо после
213	ОМ Девелопмент (OM Group)	К8 Девелопер		не найдено	pr@om.group	«ОМ Ботанический»: зеркала и стекло для МОП	Добрый день! 17 июня вы получили РНС на новый проект «ОМ Ботанический», начались продажи. Стекло в МОП и лобби обычно добирают в самом конце отделки, когда сроки уже поджимают. Можем взять на себя всю стеклянную часть: перегородки (15-30 рабочих дней с оплаты), зеркала с LED-подсветкой (7-12), замер и монтаж по Москве и МО, гарантия по договору. Если есть ТЗ или планировки МОП, пришлите - посчитаем за 2 рабочих дня, недостающие данные уточню сама. Если этим занимается не вы, перешлите, пожалуйста, коллеге, который отвечает за тендеры и закупки.	факт из файла не перепроверен; ЛПР не искали: лимит поиска исчерпан; email pr@ - PR-адрес, не закупки; из колонки «что предложить» про «Станиславского» к сдаче 2027 в письме не использовано; сначала звонок: узнать имя, письмо после
214	Талан (Москва)	К8 Девелопер		не найдено	info_77@talan.group	Талан в Москве: зеркала и стекло для МОП к вводу	Добрый день! 31 августа Талан отметил год в Москве, а 5 августа выбрана управляющая компания INJOY: объект готовится к вводу. К вводу в лобби и МОП нужны зеркала и стеклянные перегородки, а закупка этих позиций обычно остаётся на самый конец отделки. Производим по размеру объекта: перегородки за 15-30 рабочих дней с оплаты, зеркала с LED-подсветкой за 7-12. Замер и монтаж - своими бригадами по Москве и МО, гарантия по договору. Пришлите ТЗ или дату тендера на отделку МОП INJOY - подготовимся заранее. Если вопрос не к вам, перешлите, пожалуйста, коллеге, который отвечает за отделку и закупки.	факт из файла не перепроверен; ЛПР не искали: лимит поиска исчерпан; регистрацию на тендерной площадке из колонки «что предложить» в письме не использовали; сначала звонок: узнать имя, письмо после
215	ГК Новард	К8 Девелопер		не найдено	inf@novard.ru	ЖК «Васильева, 64»: зеркала и стекло для МОП	Добрый день! 21 сентября получено разрешение на строительство ЖК «Васильева, 64». Зеркала в лобби, стеклянные перегородки, стойки ресепшен - позиции, которые закупают в конце и в сжатый срок. Мы производим это под размер объекта: перегородки 15-30 рабочих дней с оплаты, зеркала с LED-подсветкой 7-12. Замер и монтаж своими бригадами по Москве и МО, гарантия по договору. Когда планируете тендер на отделку МОП? Пришлите ТЗ или дату - подготовимся заранее. Если этим занимается не вы, перешлите, пожалуйста, коллеге, который отвечает за отделку МОП и лобби.	факт из файла не перепроверен; ЛПР не искали: лимит поиска исчерпан; сначала звонок: узнать имя, письмо после
216	ГК Север	К8 Девелопер		не найдено	office@sever-group.ru	Тюмень, КРТ: зеркала и стекло для МОП	Добрый день! 1 сентября администрация Тюмени выдала ГК «Север» разрешение на КРТ. На МОП и в лобби повторяются одни и те же позиции: зеркала, стеклянные перегородки, стойки. Их обычно закупают последними и в сжатый срок. Мы производим это под размер объекта: перегородки 15-30 рабочих дней с оплаты, зеркала с LED-подсветкой 7-12. Доставка по России, монтаж в регионе - условия уточню, гарантия по договору. Если есть ТЗ или планировки МОП, пришлите - посчитаем за 2 рабочих дня, недостающие данные уточню сама. Если вопрос не к вам, перешлите, пожалуйста, коллеге, который отвечает за тендеры на отделку.	факт из файла не перепроверен; ЛПР не искали: лимит поиска исчерпан; регион в базе Москва, объект в Тюмени: монтаж своими бригадами только по Москве и МО; «МФК Диус» из колонки «что предложить» в письме не использован, связь с фактом не подтверждена; сначала звонок: узнать имя, письмо после
217	UNIVERSUM PROJECT	К9 Fit-out подрядчик		не найдено		Перегородки для проектов UNIVERSUM PROJECT	Добрый день! В профиле UNIVERSUM PROJECT на Officenext есть проект, номинированный на Best Office Awards 2026. В офисном fit-out стеклянные перегородки часто самая долгая позиция по сроку и первая, из-за которой сдвигается сдача. Производство и сборка в Домодедово, металл режем и красим сами. Перегородки: фиксированные, распашные, раздвижные, каскадные, профиль сталь или алюминий. Изготовление 15-30 рабочих дней с оплаты, монтаж своими бригадами по Москве и МО или поставка без монтажа. Пришлите планировку или спецификацию по стеклу текущего объекта - посчитаем оба варианта за 2 рабочих дня, недостающие данные уточню сама. Если этим занимается не вы, перешлите, пожалуйста, коллеге, который отвечает за закупку перегородок.	нет email, только звонок; факт из файла не перепроверен; ЛПР не искали: лимит поиска исчерпан; сначала звонок: узнать имя, письмо после
218	Фреш (маркетплейс «Фреш»)	К12 Автодилер		не найдено		Хаб в Тамбове на 7200 кв. м: перегородки и столы	Добрый день! В Тамбове у Фреша открыт хаб на 7200 кв. м. Рядом со складом в таком хабе есть офисная часть: кабинеты и переговорные, где нужны стеклянные перегородки и столы. Мы производим это под размер: перегородки 15-30 рабочих дней с оплаты, столы на металле 10-15. Типовой комплект можно зафиксировать один раз и повторять на каждом хабе. Производство и сборка в Домодедово, доставка по России, монтаж в регионе - условия уточню. Пришлите планировку офисной части хаба - посчитаем за 2 рабочих дня, недостающие данные уточню сама. Если вопрос не к вам, перешлите, пожалуйста, коллеге, который отвечает за открытие новых хабов.	нет email, только звонок; сегмент в базе неверный: маркетплейс/логистика, не автодилер; факт из файла не перепроверен; ЛПР не искали: лимит поиска исчерпан; сначала звонок: узнать имя, письмо после
219	Смело (группа Сергея Слабунова)	К13 Ресторанные группы и сети	Сергей Слабунов, владелец (из входного файла)	ГИПОТЕЗА		Paca Mama: набор зеркал и стекла на каждую площадку	Сергей, добрый день! В сентябре создана объединённая группа «Смело», а сеть Paca Mama открыла 14-ю площадку в конце августа, 15-я запланирована на этот год. Когда открытия идут одно за другим, набор стекла и зеркал лучше зафиксировать один раз и повторять. Мы производим это: зеркала с LED-подсветкой 7-12 рабочих дней с оплаты, перегородки для банкетных залов и зон 15-30, столы на металле 10-15. Производство и сборка в Домодедово, доставка по России, монтаж в регионе - условия уточню. Пришлите список позиций следующего открытия - посчитаем за 2 рабочих дня, недостающие данные уточню сама. Если сейчас не до этого, ответьте одним словом.	нет email, только звонок; проверить ЛПР до отправки; факт из файла не перепроверен; ЛПР не искали: лимит поиска исчерпан
220	Seneshal (бутик-отель & SPA на озере Сенеж)	К11 Отели и гостиничные компании		не найдено		Термальный SPA Seneshal: перегородки и зеркала	Добрый день! На озере Сенеж в Seneshal открыт новый термальный SPA-комплекс: открытый бассейн, джакузи, баня. В SPA стекло работает в сложных условиях: перегородки зон, душевые, зеркала, и размеры часто нестандартные. Мы производим под размер: перегородки 15-30 рабочих дней с оплаты, зеркала с LED-подсветкой 7-12, стекло 8-10 мм там, где требования выше. Гарантия по договору, монтаж своими бригадами по Москве и МО. По партии срок подтвердим в расчёте. Пришлите планировку следующей зоны или номеров - посчитаем за 2 рабочих дня, недостающие данные уточню сама. Если вопрос не к вам, перешлите, пожалуйста, дизайнеру FF&E или управляющей компании отеля.	нет email, только звонок; факт из файла не перепроверен; ЛПР не искали: лимит поиска исчерпан; сначала звонок: узнать имя, письмо после
221	Городские термы (термальный курорт «Бора-Бора», П…	К11 Отели и гостиничные компании		не найдено		«Бора-Бора» в Подольске: перегородки и зеркала для терм	Добрый день! В Подольске стартовало строительство курорта «Бора-Бора», открытие в четвёртом квартале 2027 года. В термальном курорте перегородки раздевалок и зон отдыха и зеркала обычно заказывают заранее, после утверждения образца одного изделия. Мы производим под размер: перегородки 15-30 рабочих дней с оплаты, зеркала с LED-подсветкой 7-12, стекло 8-10 мм там, где требования выше. Гарантия по договору, монтаж своими бригадами по Москве и МО. По партии срок подтвердим в расчёте. Пришлите планировку раздевалок или зон отдыха - посчитаем за 2 рабочих дня, недостающие данные уточню сама. Если вопрос не к вам, перешлите, пожалуйста, дизайнеру FF&E или управляющей компании отеля.	нет email, только звонок; факт из файла не перепроверен; ЛПР не искали: лимит поиска исчерпан; сначала звонок: узнать имя, письмо после
222	Феликс	К3 Офисная фабрика-интегратор	Андрей Михайлов, генеральный директор (из входного файла)	ГИПОТЕЗА	felix@felix.ru	Новый корпус «Феликса»: стекло для ваших комплектов	Андрей, добрый день! Вы объявили, что выпуск в 2026 году вырастет на 20-25%, а новый производственный корпус на 13 000 кв. м будет запущен. При таком росте в офисных и школьных комплектах стекло обычно закупают отдельно. Мы работаем как субподрядчик по стеклу: стеклянные маркерные доски (10-15 рабочих дней с оплаты), перегородки на стальном или алюминиевом профиле (15-30), зеркала. Условия работы под вашим брендом обсудим. Счёт идёт вам. Пришлите одну позицию со стеклом из текущего комплекта - посчитаем за 2 рабочих дня, недостающие данные уточню сама. Если тема не ваша, подскажите, кто у вас отвечает за закупку комплектующих.	проверить ЛПР до отправки; анонс от декабря 2025, проверить актуальность; факт из файла не перепроверен; ЛПР не искали: лимит поиска исчерпан
223	Профи-Инвест	К8 Девелопер		не найдено		КРТ в Пушкинском округе: зеркала для МОП и лобби	Добрый день! По проекту КРТ в Пушкинском округе речь идёт о 30 многоэтажных домах (сообщение Минжилполитики МО). К вводу в лобби и МОП нужны зеркала и стеклянные перегородки, а закупка этих позиций обычно остаётся на самый конец отделки. Можем взять на себя всю стеклянную часть: перегородки (15-30 рабочих дней с оплаты), зеркала с LED-подсветкой (7-12), замер и монтаж по Москве и МО, гарантия по договору. Пришлите ТЗ или дату тендера на отделку МОП - подготовимся заранее. Если этим занимается не вы, перешлите, пожалуйста, коллеге, который отвечает за закупку отделки.	нет email, только звонок; факт из файла не перепроверен; ЛПР не искали: лимит поиска исчерпан; «Новая Ивантеевка» из колонки «что предложить» в письме не использована; сначала звонок: узнать имя, письмо после
224	Концепт Иммо Девелопмент (ЖК «Зелёный Город»)	К8 Девелопер		не найдено		ЖК «Зелёный Город»: зеркала для дома №3	Добрый день! В ЖК «Зелёный Город» сданы дома №1 и №2, на дом №3 стартовали продажи, сдача в 2028 году. Для нового дома в МОП и лобби нужны зеркала и стеклянные перегородки, а зеркала в санузлах удобно заказывать серией на весь дом. Такие позиции закупают последними. Можем взять на себя всю стеклянную часть: перегородки (15-30 рабочих дней с оплаты), зеркала с LED-подсветкой (7-12), замер и монтаж по Москве и МО, гарантия по договору. Если есть ТЗ или планировки МОП, пришлите - посчитаем за 2 рабочих дня, недостающие данные уточню сама. По партии срок подтвердим в расчёте. Если вопрос не к вам, перешлите, пожалуйста, коллеге, который отвечает за закупки на отделку МОП.	нет email, только звонок; факт из файла не перепроверен; ЛПР не искали: лимит поиска исчерпан; сначала звонок: узнать имя, письмо после
225	ГК Некрасовка Девелопмент	К8 Девелопер		не найдено	info@nekrasovka.com	«Дубрава Красково»: зеркала и стекло для МОП	Добрый день! У ГК «Некрасовка Девелопмент» новый проект: ЖК «Дубрава Красково». Стекло в МОП и лобби обычно добирают в самом конце отделки, когда сроки уже поджимают. Мы производим это под размер объекта: перегородки 15-30 рабочих дней с оплаты, зеркала с LED-подсветкой 7-12. Замер и монтаж своими бригадами по Москве и МО, гарантия по договору. Если есть ТЗ или планировки МОП, пришлите - посчитаем за 2 рабочих дня, недостающие данные уточню сама. Если этим занимается не вы, перешлите, пожалуйста, коллеге, который отвечает за закупку стекла и зеркал.	факт из файла не перепроверен; ЛПР не искали: лимит поиска исчерпан; сначала звонок: узнать имя, письмо после
226	Загородный отель «Циолковский»	К11 Отели и гостиничные компании	Ольга Соколовская, ИП, инвестор (из входного файла)	ГИПОТЕЗА		Отель «Циолковский»: зеркала и душевые перегородки	Ольга, добрый день! В июне на ПМЭФ подписано соглашение о строительстве загородного отеля «Циолковский» на 1,2 млрд рублей. На этапе проектирования удобно заранее согласовать зеркала и душевые перегородки номеров: размер под номер, без переделок на месте. Мы делаем зеркала с LED-подсветкой (7-12 рабочих дней с оплаты) и перегородки (15-30) под размер номера. Гарантия по договору, доставка по России, монтаж в регионе - условия уточню. Образец одного изделия сделаем на утверждение до партии, по партии срок подтвердим в расчёте. Пришлите спецификацию номера или концепт - посчитаем за 2 рабочих дня, недостающие данные уточню сама. Если этим занимается другой человек, подскажите, кому переслать.	нет email, только звонок; проверить ЛПР до отправки; факт из файла не перепроверен; ЛПР не искали: лимит поиска исчерпан; в базе указано 24 номера + 60 модулей, в письме не использовано
227	Elite World Resort Завидово (ООО «Завидовские зор…	К11 Отели и гостиничные компании		не найдено		Elite World в Завидово: зеркала и стекло для номеров	Добрый день! В сентябре объявлено о заходе Elite World в Завидово, а по нацпроекту «Туризм» одобрен льготный кредит на 4,7 млрд рублей. На большой фонд номеров зеркала и душевые перегородки удобнее согласовать до старта отделки, через генподрядчика или дизайнера. Мы делаем под размер номера: зеркала с LED-подсветкой 7-12 рабочих дней с оплаты, перегородки 15-30. Гарантия по договору, доставка по России, монтаж в регионе - условия уточню. Образец одного изделия сделаем на утверждение до партии. Пришлите спецификацию номера - посчитаем за 2 рабочих дня, недостающие данные уточню сама. По партии срок подтвердим в расчёте. Если вопрос не к вам, перешлите, пожалуйста, дизайнеру FF&E или управляющей компании отеля.	нет email, только звонок; факт из файла не перепроверен; ЛПР не искали: лимит поиска исчерпан; предложение через генподрядчика/дизайнера; число номеров 300+ из базы в письме не использовано; сначала звонок: узнать имя, письмо после
228	Zont Hotel Group	К11 Отели и гостиничные компании	Николай Филатов, генеральный директор (из входного файла)	ГИПОТЕЗА		Модернизация сети Zont Hotel: зеркала LED и стекло	Николай, добрый день! 5 июня на ПМЭФ Zont Hotel Group подписала с губернатором Липецкой области соглашение: 500 млн рублей на новые отели и модернизацию сети до 2030 года. При обновлении номеров зеркала с подсветкой и стекло душевых удобнее делать партией под размер номера, после утверждения образца одного изделия. Мы делаем: зеркала с LED-подсветкой 7-12 рабочих дней с оплаты, перегородки 15-30. Гарантия по договору, доставка по России, монтаж в регионе - условия уточню. По партии срок подтвердим в расчёте. Подскажите, закупку ведёт управляющая компания или подрядчик? Если вы, пришлите спецификацию номера - посчитаем за 2 рабочих дня, недостающие данные уточню сама.	нет email, только звонок; проверить ЛПР до отправки; факт из файла не перепроверен; ЛПР не искали: лимит поиска исчерпан; дубль со строкой 8: тот же ЛПР (Николай Филатов, Zont), порядок согласовать; рекомендуется не отправлять отдельно, объединить с письмом №8
229	WeFamilyGroup (отель у усадьбы Асеевых)	К11 Отели и гостиничные компании	Марина Старчикова, основатель, совладелица WeFamilyGroup	ДАННЫЕ		Отель у усадьбы Асеевых: зеркала LED и душевые	Марина, добрый день! Открытие вашего 4* отеля у усадьбы Асеевых на 40 номеров перенесено на IV квартал 2026, сейчас идёт отделка. На финише отделки упираются в позиции, которые закупают последними: зеркала с подсветкой и стекло в санузлах. Ошибка в размере умножается на все 40 номеров. Мы производим это: зеркала LED - 7-12 рабочих дней с оплаты, душевые перегородки 15-30, консоли на металле. Гарантия по договору, доставка по России, монтаж в регионе - условия уточню. По партии срок подтвердим в расчёте. Пришлите спецификацию номера - посчитаем пакет за 2 рабочих дня, недостающие данные уточню сама. Образец одного изделия на утверждение можем сделать до партии. Если не актуально, ответьте одним словом.	нет email, только звонок
230	BASINN Hotel Development & Design	К11 Отели и гостиничные компании	Антон Басин, генеральный директор BASINN Hotel Development & Design	ДАННЫЕ		Курорт в Кондуках: зеркала и стекло в спецификации	Антон, добрый день! 24 сентября губернатор Тульской области Дмитрий Миляев встретился с вами по курорту на 1000 га в Кондуках. Когда бюро закладывает зеркала и стекло санузлов в типовые решения, на объекте часто упираются в срок или нестандартный размер, и позицию меняют на то, что есть. Мы производим зеркала LED (7-12 рабочих дней с оплаты), перегородки санузлов (15-30), консоли и столы на металле. Гарантия по договору. По партии срок подтвердим в расчёте. Пришлите одну типовую спецификацию номера - посчитаем за 2 рабочих дня, недостающие данные уточню сама, сравните со своим поставщиком. Если тема сейчас не в работе, ответьте одним словом.	нет email, только звонок
231	Парк-отель «Замок Понизовкина»	К11 Отели и гостиничные компании	Тигран Казарян, владелец ООО «Парк-Отель Замок Понизовкина», инициатор проекта	ДАННЫЕ		Замок Понизовкина: зеркала LED и душевые перегородки	Тигран, добрый день! Стройка парк-отеля «Замок Понизовкина» стартовала в марте 2026, банк согласовал старт финансирования. До номерного фонда 5* отеля ещё далеко, но размеры зеркал и душевых фиксируют на стадии проекта, а образец одного изделия утверждают до партии. Мы производим зеркала LED (7-12 рабочих дней с оплаты), душевые перегородки (15-30), столы для ресторана и спа-зоны на металле. Гарантия по договору, доставка по России, монтаж в регионе - условия уточню. По партии срок подтвердим в расчёте. Пришлите спецификацию номера из проекта - посчитаем пакет за 2 рабочих дня, недостающие данные уточню сама. Если рано, ответьте одним словом.	нет email, только звонок; число номеров не указано в письме: в поиске 168, в файле 145, уточнить до звонка
232	Волга Эстейт (гостиничный комплекс «Угличский пас…	К11 Отели и гостиничные компании	Андрей Юрьевич Никифоров, генеральный директор ООО «Волга Эстейт»	ДАННЫЕ		Угличский пассаж: зеркала и стекло для 152 номеров	Андрей, добрый день! «Угличский пассаж» строится: две гостиницы на 152 номера и конгресс-центр, готовность в 2027 году, стройплощадку посещал губернатор. На двух гостиницах повторяется один набор: зеркало с подсветкой и стекло в санузле. Ошибка в размере умножается на весь фонд, поэтому до партии нужен образец одного изделия на утверждение, условия образца уточню. Мы производим зеркала LED (7-12 рабочих дней с оплаты), душевые перегородки (15-30), стеклянные перегородки для конгресс-центра. Гарантия по договору, доставка по России, монтаж в регионе - условия уточню. По партии срок подтвердим в расчёте. Пришлите спецификацию номера - посчитаем за 2 рабочих дня, недостающие данные уточню сама. Если закупкой занимается подрядчик, подскажите, кому переслать.	нет email, только звонок; проверить юрлицо: ООО «Волга Эстейт» Углич (ИНН 7610136460) или ООО СЗ «Волга-Эстейт» Ярославль (ИНН 7604289765); ЛПР - гендиректор по ЕГРЮЛ, не проектный, искать закупщика; дата события: в URL 2026-01, в файле 2026-04
233	Липецккурорт (курорт «Липецкие минеральные воды»)	К11 Отели и гостиничные компании	Вадим Феликсович Митновецкий, генеральный директор «Липецккурорт»	ДАННЫЕ		Санаторий на 260 номеров: зеркала и перегородки	Вадим, добрый день! Реконструкция санатория «Липецкие минеральные воды» на 260 номеров идёт в активной фазе, запуск поэтапный, завершение в 2029 году. На таком сроке стекло и зеркала лучше заложить на стадии проекта: размеры номеров и лечебных корпусов фиксируют заранее. Мы производим зеркала LED (7-12 рабочих дней с оплаты), перегородки для санузлов и лечебных корпусов (15-30), консоли на металле. Гарантия по договору, доставка по России, монтаж в регионе - условия уточню. По партии срок подтвердим в расчёте. Пришлите спецификацию одного номера или корпуса - посчитаем за 2 рабочих дня, недостающие данные уточню сама. Если для вас рано, подскажите, кому переслать.	нет email, только звонок; форма организации в выдаче то АО, то ПАО
234	ГК «Мегаполис» (Мегаполис-Смоленск; отели «Мегапо…	К11 Отели и гостиничные компании	Вячеслав Тофоров, директор и соучредитель ООО «Мегаполис-Смоленск»	ДАННЫЕ		Новый отель «Мегаполис» в Смоленске: зеркала и стекло	Вячеслав, добрый день! 1 июля губернатор Анохин на встрече с вами анонсировал новый гостиничный проект в Смоленске. У Гранд-отеля «Мегаполис» на 208 номеров уже есть отработанный номер. При втором отеле номер обычно переносят с первого, вместе с зеркалами и стеклом санузла. Важно, чтобы размеры совпали. Мы производим зеркала LED (7-12 рабочих дней с оплаты), душевые перегородки (15-30), консоли на металле. Гарантия по договору, доставка по России, монтаж в регионе - условия уточню. По партии срок подтвердим в расчёте. Пришлите спецификацию номера Гранд-отеля - посчитаем пакет для нового за 2 рабочих дня, недостающие данные уточню сама. Если это не ваш вопрос, ответьте одним словом, больше не напишу.	нет email, только звонок; параметры нового проекта (номера, сроки) не найдены; проверить, есть ли отдельный директор по развитию или строительству
235	Отель «Бебель» (Тамбов)	К11 Отели и гостиничные компании	Арман Саградян, предприниматель, инициатор проекта отеля «Бебель»	ДАННЫЕ		Отель «Бебель» на 36 номеров: зеркала и душевые	Арман, добрый день! Проект шестиэтажного отеля «Бебель» на улице Августа Бебеля, 12 получил положительное заключение экспертизы: 36 номеров, ресторан, конференц-зал на 60 мест и спа. На объекте такого размера удобнее взять зеркала и стекло у одного производителя, а не собирать несколько поставщиков. Мы производим зеркала LED для номеров (7-12 рабочих дней с оплаты), стеклянные перегородки для спа и конференц-зала (15-30), консоли и столы на металле. Гарантия по договору, доставка по России, монтаж в регионе - условия уточню. По партии срок подтвердим в расчёте. Когда дойдёте до закупки, пришлите спецификацию - посчитаем за 2 рабочих дня, недостающие данные уточню сама. Если рано, ответьте одним словом.	нет email, только звонок; малый инвестор (ИП), стадия до строительства, бюджет небольшой
236	СИМ (ГК СИМ)	К12 Автодилер	Лев Васильевич Комиссаров, генеральный директор ООО «СИМ-Ярославль»	ГИПОТЕЗА		Шоурум Rox в Ярославле: перегородки и столы	Лев, добрый день! СИМ стал официальным дилером Rox в Ярославле, и у вас новый шоурум на 150 кв. м. В шоуруме по стандарту бренда нужны стеклянные перегородки переговорных и кабинетов, стойки, столы переговоров, и всё к дате открытия. Мы производим это под размер и брендбук: перегородки - 15-30 рабочих дней с оплаты, столы на металле 10-15, доставка по России, монтаж в регионе - условия уточню. Если брендбук Rox не закрепляет поставщика за маркой, пришлите планировку - посчитаем за 2 рабочих дня, недостающие данные уточню сама. Если тема не ваша, подскажите, кому переслать.	проверить ЛПР до отправки; нет email, только звонок; ЛПР - гендиректор СИМ-Ярославль, не ГК СИМ в целом, искать руководителя строительства группы; дата данных о ГД не видна
237	Школьный мир (Рязань)	К6 Комплектатор образования	Юлия Михайловна Лукьянцева, генеральный директор ООО «Школьный мир»	ГИПОТЕЗА		Морозово-Борковская школа: маркерные доски и зеркала	Юлия, добрый день! 10 августа у вас заключены контракты на поставку мебели для Морозово-Борковской школы. В школьных закупках стекло проверяют строже остального: нужны закалённое стекло и понятные документы на материалы. Мы производим стеклянные маркерные доски из закалённого осветлённого стекла (10-15 рабочих дней с оплаты) и зеркала для спортивных залов. Пришлите позицию из ТЗ ближайшего тендера или школьного заказа - посчитаем за 2 рабочих дня, недостающие данные уточню сама. Если в цену не попадём, скажу сразу. Если тема не ваша, подскажите, кто ведёт тендеры.	проверить ЛПР до отправки; нет email, только звонок; конфликт ЛПР: в выдаче то Лукьянцева Ю.М., то Хорошев Алексей Анатольевич, сверить по ЕГРЮЛ; факт не перепроверен
238	ELISEEV - бюро интегральной архитектуры Ильи Елис…	К10 Архитектор / дизайн-бюро	Илья Елисеев, основатель, главный архитектор бюро ELISEEV	ДАННЫЕ		Бюро ELISEEV: стекло и зеркала для частных интерьеров	Илья, добрый день! Смотрела портфолио бюро ELISEEV, в том числе Grove House, и видела, что вы расширяете команду. В частных домах и резиденциях стекло и зеркала нередко нестандартные по форме, и на объекте позицию часто меняют на то, что есть. Мы производим перегородки, зеркала сложного контура (овал, арка, капсула), стеклянные доски и столы на металле, под размер проекта. Могу прислать материалы для спецификаций и привезти образцы стекла и профиля в бюро. Удобно на этой или следующей неделе? Если не актуально, ответьте одним словом.	нет email, только звонок; факт не подтверждён: Grove House датирован 2024, сильного проектного факта 2025-2026 нет; в письме дан как портфолио; нет публичного email, звонить: +7 (495) 744-77-64
239	Level Group (гостиничный проект Level work Нижего…	К11 Отели и гостиничные компании	Александра Захарова, директор по коммерческой недвижимости Level Group	ДАННЫЕ		Level work Нижегородская: отель AZIMUT на 246 номеров	Александра, добрый день! Level Group заключила договор с AZIMUT Hotels на 4* отель на 246 номеров в Level work Нижегородская, открытие планируется в 2028 году. Когда отель и офисная часть в одном комплексе, стекло и зеркала обычно закупают двумя потоками и размеры согласуют дважды. Мы производим зеркала LED (7-12 рабочих дней с оплаты), перегородки для санузлов, офисов и лобби (15-30), консоли на металле. Гарантия по договору, монтаж своими бригадами по Москве и МО. По партии срок подтвердим в расчёте. Пришлите спецификацию номера или офисной части - посчитаем за 2 рабочих дня, недостающие данные уточню сама. Если отделку ведёт управляющая компания или другой отдел, подскажите, кому переслать.	нет email, только звонок; ЛПР - коммерческая недвижимость, не закупки; искать директора по строительству Level Group или управляющую AZIMUT Hotels; год открытия 2028 из выдачи
240	ФК «Спартак-Москва» (отель у стадиона)	К11 Отели и гостиничные компании	Николай Олегович Савин, генеральный директор ООО «СЗ «Стадион «Спартак»	ГИПОТЕЗА		Отель у стадиона на 304 номера: зеркала и душевые	Николай, добрый день! Отель на 304 номера рядом со стадионом готов более чем на 70 процентов, завершение в 2027 году. На 304 номерах ошибка в размере зеркала или душевой умножается на весь фонд, поэтому образец одного изделия утверждают до партии. Мы производим зеркала LED (7-12 рабочих дней с оплаты), душевые перегородки (15-30), стеклянные перегородки для спорт-центра, консоли на металле. Гарантия по договору, монтаж по Москве и МО. По партии срок подтвердим в расчёте. Пришлите спецификацию номера - посчитаем пакет за 2 рабочих дня, недостающие данные уточню сама. Если закупкой занимается подрядчик, подскажите, кому переслать.	проверить ЛПР до отправки; нет email, только звонок; конфликт ЛПР: в выдаче также Федун Андрей Арнольдович (ГД с 2009), сверить по ЕГРЮЛ; застройщик - СЗ «Стадион Спартак» (АО «Тушино 2018»), не сам ФК
241	Safmar Hotels (Континенталь, Националь, Аврора Лю…	К11 Отели и гостиничные компании	Алихан Хусейнович Амирханов, генеральный директор ООО «Сафмар Плаза» (Safmar Hotels)	ДАННЫЕ		Обновление номеров «Континенталя»: зеркала с подсветкой	Алихан, добрый день! Во всех 200+ номерах отеля «Континенталь» установлена платформа «Умный отель Сбер». Планируете ли обновление номерного фонда в 2026-2027? Зеркала с подсветкой и стекло в санузлах удобнее обновлять поэтапно, небольшими партиями под размер номера. Мы производим это: зеркала LED - 7-12 рабочих дней с оплаты, стеклянные перегородки санузлов 15-30. Гарантия по договору, монтаж по Москве и МО. По партии срок подтвердим в расчёте. Пришлите размеры одного номера или этажа - сделаем образец одного изделия на утверждение и посчитаем партию за 2 рабочих дня, недостающие данные уточню сама, условия образца уточню. Если ремонтом номеров занимается другая команда, подскажите, кому переслать.	нет email, только звонок; ЛПР - гендиректор по ЕГРЮЛ; ремонтные закупки вероятно у технического директора (не найден); в файле также Станислав Ивашкевич (представитель «Сафмар») и Роман Батин (ген. менеджер Аврора Люкс, ГИПОТЕЗА); повод слабый (Умный отель Сбер не про зеркала), письмо открыто вопросом
242	Группа Мантера	К11 Отели и гостиничные компании	Вадим Анатольевич Трукшин, генеральный директор Группы Мантера	ДАННЫЕ		Группа Мантера: зеркала и стекло для курортных проектов	Вадим, добрый день! Группа Мантера получила премию Global Destination Awards 2026 как туристический холдинг России, у вас 7000 номеров. На таком фонде зеркала и стекло санузлов удобнее закупать типовым набором под размер номера, а не заново под каждый курорт. Мы производим зеркала LED (7-12 рабочих дней с оплаты), душевые перегородки (15-30), консоли на металле. Гарантия по договору, доставка по России. По партии срок подтвердим в расчёте. Пришлите спецификацию номера курорта, который оснащаете сейчас - посчитаем за 2 рабочих дня, недостающие данные уточню сама. Если закупкой занимается другая команда, подскажите, кому переслать.	нет email, только звонок; вес награды невысокий (организатор - телеканал World Fashion Channel), в письме без акцента; для закупок нужен директор по развитию или строительству, не найден
243	Sanatorium (спа-отели)	К11 Отели и гостиничные компании	Дмитрий Естенков, генеральный директор и основатель «Санаториум»	ГИПОТЕЗА		Спа-отели: зеркала с подсветкой и стекло для номеров	Дмитрий, добрый день! Видела ваши вакансии на hh.ru: генеральный директор спа-отеля и операционный менеджер мини-отеля. В спа-отеле стекло нужно и в спа-зонах, и в номерах: зеркала с подсветкой, душевые перегородки, консоли. Такой набор удобнее делать партией под размер, после утверждения образца одного изделия. Мы производим это: зеркала LED - 7-12 рабочих дней с оплаты, перегородки 15-30, консоли на металле. Гарантия по договору, монтаж своими бригадами по Москве и МО. По партии срок подтвердим в расчёте. Пришлите спецификацию номера или спа-зоны - посчитаем за 2 рабочих дня, недостающие данные уточню сама. Если тема сейчас не в работе, ответьте одним словом.	проверить ЛПР до отправки; нет email, только звонок; факт не подтверждён: sanatorium-is.ru и «МИС Санаториум» - вероятно ПО для санаториев, а не сеть спа-отелей, проверить компанию; дата источника не видна
244	ПСБ - Бизнес и инфраструктура (гостиничные активы)	К11 Отели и гостиничные компании		не найдено		Гостиничные проекты ПСБ: зеркала и стекло для номеров	Добрый день! Видела вашу вакансию на hh.ru: управляющий отелем, генеральный менеджер и руководитель проекта. Когда отель запускают с нуля, зеркала с подсветкой и стекло санузлов закупают партией под размер номера, и ошибка умножается на весь фонд. Мы производим зеркала LED (7-12 рабочих дней с оплаты), стеклянные перегородки санузлов (15-30), столы на металле для лобби (10-15). Гарантия по договору, доставка по России. По партии срок подтвердим в расчёте. Пришлите спецификацию номера - посчитаем за 2 рабочих дня, недостающие данные уточню сама. Если вопрос не к вам, перешлите, пожалуйста, дизайнеру FF&E или управляющей компании отеля.	нет email, только звонок; сначала звонок: узнать имя, письмо после; ЛПР не найден, искать руководителя гостиничного направления вручную; возможна связка с проектом «Замок Понизовкина» (банк ПСБ)
245	УК Русинвестклуб	К11 Отели и гостиничные компании	Иван Васильевич Селиверстов, генеральный директор ООО «УК «Русинвестклуб»	ДАННЫЕ		Гостиничный проект: стандарты по зеркалам и стеклу	Иван, добрый день! Видела вашу вакансию на hh.ru: эксперт по созданию гостиничного проекта. Похоже, вы формируете гостиничное направление. На стадии концепции полезно заранее задать стандарт по стеклу: размеры зеркал и душевых для типового номера, чтобы потом не менять позиции на то, что есть на рынке. Мы производим зеркала LED (7-12 рабочих дней с оплаты), стеклянные перегородки санузлов (15-30), консоли и столы на металле. Гарантия по договору, доставка по России. По партии срок подтвердим в расчёте. Пришлите концепцию или спецификацию номера, если она есть - посчитаем за 2 рабочих дня, недостающие данные уточню сама. Если это не ваш вопрос, ответьте одним словом, больше не напишу.	нет email, только звонок; сегмент в базе неверный: управляющая компания паевых фондов, не оператор отелей, гостиничное направление только формируется; конкретный гостиничный проект не найден, уточнить по вакансии
246	Даблби	К13 Ресторанные группы и сети	Сергей Борисович Борисов, генеральный директор АО «Кофейни Даблби»	ДАННЫЕ		Даблби: типовой набор зеркал и столов для точки	Сергей, добрый день! В апреле 2026 сеть «Даблби» купил фонд «Бумеранг Капитал», который консолидирует кофейные сети. При росте сети стекло и металл в точке - зеркала в зале и санузлах, консоли, небольшие столы - удобно зафиксировать типовой спецификацией и повторять, а не согласовывать заново. Мы производим это: зеркала в раме 5-10 рабочих дней с оплаты, с подсветкой 7-12, столы на металле (10-15), металл режем и красим сами. По партии срок подтвердим в расчёте. Пришлите список позиций типовой точки - посчитаем за 2 рабочих дня, недостающие данные уточню сама. Если этим занимается другой человек, подскажите, кому переслать.	нет email, только звонок; проверить ЛПР до отправки: после смены владельца в апреле 2026 гендиректор мог смениться; проверить, что заголовок про «One Double» относится к той же сети
247	Italy Group (Экосистема Итали)	К13 Ресторанные группы и сети	Михаил Соколов; Тимур Дмитриев, сооснователи (Joli Grand Bistro, italy&co)	ГИПОТЕЗА		Joli Grand Bistro в ЖК Lucky: зеркала и перегородки	Михаил, Тимур, добрый день! 30 июня в ЖК Lucky открылся московский филиал Joli Grand Bistro. В бистро стекло и металл видны гостю вблизи: зеркала в зале и санузлах, перегородки, подстолья. К следующему открытию их нужно заказывать заранее, а не после. Мы производим зеркала (в раме 5-10 рабочих дней с оплаты, с подсветкой 7-12), перегородки и столы на металле (металл режем и красим сами), под размер и концепцию. По партии срок подтвердим в расчёте. Пришлите планировку или список позиций следующего открытия - посчитаем за 2 рабочих дня, недостающие данные уточню сама. Если вопрос не по вашей части, подскажите, кому переслать.	проверить ЛПР до отправки; нет email, только звонок; Italy Group как холдинг больше не существует, проверить, чьё юрлицо у московского Joli; даты источников по ЛПР не видны
248	Lamia (сеть тайских спа-салонов)	К13 Ресторанные группы и сети		не найдено		Lamia SPA на Волгоградском проспекте: зеркала LED	Добрый день! 17 августа Lamia SPA открыла новый филиал на Волгоградском проспекте, 32к3. В спа-салоне гость видит стекло вблизи: зеркала в зонах после процедур, стеклянные перегородки кабинетов, консоль на ресепшн. Набор повторяется на каждом филиале. Мы производим зеркала LED (7-12 рабочих дней с оплаты), перегородки (15-30), консоли и столы на металле. Гарантия по договору, монтаж своими бригадами по Москве и МО. По партии срок подтвердим в расчёте. Пришлите планировку следующего филиала - посчитаем за 2 рабочих дня, недостающие данные уточню сама. Если вопрос не к вам, перешлите, пожалуйста, коллеге, который отвечает за открытие и оснащение филиалов.	нет email, только звонок; сначала звонок: узнать имя, письмо после; сегмент в базе неверный: сеть тайских спа-салонов, не ресторан; основатель/ГД не найден, юрлицо ООО «Ламия» проверить по ЕГРЮЛ
249	Ферма М2 (М2 Органик Клуб)	К13 Ресторанные группы и сети	Леонид Воловодовский, автор концепции ресторана «ИНО М2» (Ферма М2)	ГИПОТЕЗА		Ресторан ИНО и пекарня на Гоголевском: столы и зеркала	Леонид, добрый день! В мае на Гоголевском бульваре открылись пекарня и ресторан ИНО в здании бывшего клуба-столовой 1929-1930 годов. В таком здании стекло и металл видны гостю вблизи: зеркала в зале и санузлах, консоли, столы. Для проектов с историей размеры и материалы обычно нестандартные. Мы производим зеркала (в раме 5-10 рабочих дней с оплаты, с подсветкой 7-12), столы и консоли на металле, металл режем и красим сами, в том числе с отделкой камнем. По партии срок подтвердим в расчёте. Пришлите планировку или список позиций следующего открытия - посчитаем за 2 рабочих дня, недостающие данные уточню сама. Если тема не ваша, подскажите, кто ведёт открытия.	проверить ЛПР до отправки; нет email, только звонок; Воловодовский - автор концепции, не подтверждено, что решает по закупкам; здание и сеть «М2 Органик Клуб» принадлежат Major Auto: искать директора по развитию или стройке Major Auto
250	Теремок	К13 Ресторанные группы и сети	Виталий Свидовский, соучредитель и генеральный директор ГК «Теремок»	ДАННЫЕ		105-й «Теремок» в Петербурге: типовой набор зеркал	Виталий, добрый день! В мае в Петербурге на Пулковских высотах открылся 105-й ресторан «Теремка», а на 2026 год у вас запланированы ещё шесть. В сети стекло и металл лучше зафиксировать типовой спецификацией и повторять на каждом открытии, а не подбирать заново под каждую точку. Мы производим зеркала (в раме 5-10 рабочих дней с оплаты, с подсветкой 7-12) и столы на металле (10-15), металл режем и красим сами. По партии срок подтвердим в расчёте. Пришлите список позиций следующего открытия - посчитаем за 2 рабочих дня, недостающие данные уточню сама. Если тема не ваша, подскажите, кто ведёт открытия.	нет email, только звонок; страница Ъ с ФИО не проверялась, директор по строительству или открытиям не найден
251	Здрасте (сеть кофеен)	К13 Ресторанные группы и сети	Гнел Амирян, генеральный директор сети «Здрасте»	ГИПОТЕЗА		Здрасте в «Месте встречи Патриот»: зеркала и столы	Гнел, добрый день! В апреле у «Здрасте» открылась кофейня на 90 кв. м в РЦ «Место встречи Патриот». В сети с франшизой зеркала, столы и стойки удобно зафиксировать в стандарте формата, чтобы франчайзи заказывали одно и то же. Мы производим зеркала (в раме 5-10 рабочих дней с оплаты, с подсветкой 7-12), столы на металле (10-15), металл режем и красим сами, стойки со стеклом и камнем. По партии срок подтвердим в расчёте. Пришлите список позиций типовой кофейни - посчитаем за 2 рабочих дня, недостающие данные уточню сама. Если тема не ваша, подскажите, кто ведёт открытия и франшизу.	проверить ЛПР до отправки; нет email, только звонок; страница-источник ФИО не зафиксирована, дата неизвестна; закупки стройки могут идти через франчайзи
252	Pride Club (сеть фитнес-клубов)	К13 Ресторанные группы и сети	Максим Каганский, владелец сети Pride Club, президент ГК Pride United	ДАННЫЕ		Pride «Красная стрела»: зеркала для залов и раздевалок	Максим, добрый день! Смотрела сайт Pride Club: клуб «Красная стрела» у метро Бабушкинская обозначен как «скоро открытие», а Pride Видное на реконструкции. В фитнес-клубе зеркала - рабочий инструмент: нужны большие форматы под размер зала, подсветка в раздевалках, стеклянные перегородки студий. Мы производим зеркала в раме (5-10 рабочих дней с оплаты) и с подсветкой LED (7-12), перегородки студий (15-30). Гарантия по договору, монтаж своими бригадами по Москве и МО. По партии срок подтвердим в расчёте. Пришлите планировку клуба или список позиций - посчитаем за 2 рабочих дня, недостающие данные уточню сама. Если тема не ваша, подскажите, кому переслать.	нет email, только звонок; сегмент в базе неверный: сеть фитнес-клубов, не ресторан; факт не подтверждён: дата на сайте не указана, статус «скоро открытие» проверить; публичный контакт не искали
253	Грузинские каникулы (сеть спешелти-кофеен)	К13 Ресторанные группы и сети		не найдено		Пятая точка в Skorik Center: столы, зеркала, перегородки	Добрый день! Видела сообщение, что 5 июня сеть «Грузинские каникулы» открыла пятый и самый масштабный проект в Skorik Center в Крылатском. В кофейне стекло и металл видны гостю вблизи: столы и барные стойки, зеркала в зале и санузлах, перегородки. Для следующей точки их лучше заказать заранее. Мы производим зеркала (в раме 5-10 рабочих дней с оплаты, с подсветкой 7-12), столы на металле (10-15), металл режем и красим сами, стеклянные перегородки. По партии срок подтвердим в расчёте. Пришлите список позиций следующей точки - посчитаем за 2 рабочих дня, недостающие данные уточню сама. Если это не ваша зона, перешлите, пожалуйста, коллеге, который ведёт открытия.	нет email, только звонок; сначала звонок: узнать имя, письмо после; факт не подтверждён: связь сети со Skorik Center поиском отдельно не подтверждена, не путать со Skuratov Coffee; основатель не найден
254	DNA (панк-пекарня)	К13 Ресторанные группы и сети		не найдено		Пекарни DNA на Спиридоновке и Самокатной: зеркала, столы	Добрый день! Летом DNA открыла новые пекарни на Спиридоновке и на Самокатной. В пекарне стекло и металл видны гостю вблизи: столы, зеркала, стеклянные витрины-перегородки. Каждое новое открытие обычно начинают с согласования этого набора заново. Мы производим зеркала (в раме 5-10 рабочих дней с оплаты, с подсветкой 7-12), столы на металле (10-15), металл режем и красим сами, стеклянные перегородки. Гарантия по договору. По партии срок подтвердим в расчёте. Пришлите планировку или список позиций следующей пекарни - посчитаем за 2 рабочих дня, недостающие данные уточню сама. Если удобнее передать дальше, перешлите, пожалуйста, коллеге, который ведёт открытия.	нет email, только звонок; сначала звонок: узнать имя, письмо после; основатель не найден; публичный контакт: Telegram-канал t.me/dnafood; адреса из карт: Спиридоновка 24/1, Самокатная 4с13
255	Masa Madre (пекарни)	К13 Ресторанные группы и сети	Денис Бобков, ресторатор, автор проекта Masa Madre	ДАННЫЕ		Masa Madre в Лужниках: столы, стойки и зеркала	Денис, добрый день! В начале лета в Лужниках открылась третья Masa Madre, пекарня с открытой производственной мастерской. В такой пекарне стекло и металл видны гостю вблизи: столы и стойки с каменными столешницами, зеркала, стеклянные перегородки. Для следующей точки нужен тот же набор. Мы производим зеркала (в раме 5-10 рабочих дней с оплаты, с подсветкой 7-12), столы на металле (10-15), металл режем и красим сами, стеклянные перегородки. По партии срок подтвердим в расчёте. Пришлите планировку или список позиций следующей точки - посчитаем за 2 рабочих дня, недостающие данные уточню сама. Если этим занимается другой человек, подскажите, кому переслать.	нет email, только звонок; в файле дата 2026-07 (thefair), по факту открытие в начале лета; Бобков также владелец баров на Солянке (Black Swan Pub, Secret Room, Botafogo, Bambule, Tabi)
256	Моряк и Чайка Пляж (сеть баров)	К13 Ресторанные группы и сети	Сергей Гаспаров, основатель сети «Моряк и чайка», управляющий GASP BRO group	ГИПОТЕЗА		Седьмой бар на Китай-городе: зеркала и барные столы	Сергей, добрый день! 18 сентября на Китай-городе открылся седьмой бар сети «Моряк и Чайка Пляж». В баре стекло и металл видны вблизи: зеркала в зале и санузлах, барные столы, перегородки. При семи точках удобнее держать типовой набор и повторять его на каждом открытии. Мы производим зеркала (в раме 5-10 рабочих дней с оплаты, с подсветкой 7-12), барные столы на металле (10-15), металл режем и красим сами, стеклянные перегородки. Гарантия по договору. По партии срок подтвердим в расчёте. Пришлите список позиций следующего бара - посчитаем за 2 рабочих дня, недостающие данные уточню сама. Если тема не ваша, подскажите, кто ведёт открытия.	проверить ЛПР до отправки; нет email, только звонок; источник ФИО не датирован; проверить, что «Пляж» - тот же оператор; партнёры группы: Александр Казьмин, Сергей Евграфов
257	Correas (сеть кафе)	К13 Ресторанные группы и сети		не найдено		Новое кафе Correas в Москве: столы, зеркала, перегородки	Добрый день! 16 сентября в Москве открылось новое кафе сети Correas. В кафе стекло и металл видны гостю вблизи: столы, зеркала в зале и санузлах, перегородки. Для следующих точек их лучше зафиксировать типовым набором. Мы производим зеркала (в раме 5-10 рабочих дней с оплаты, с подсветкой 7-12), столы на металле (10-15), металл режем и красим сами, стеклянные перегородки. По партии срок подтвердим в расчёте. Пришлите планировку или список позиций следующей точки - посчитаем за 2 рабочих дня, недостающие данные уточню сама. Если вопрос не к вам, перешлите, пожалуйста, коллеге, который ведёт открытия.	нет email, только звонок; сначала звонок: узнать имя, письмо после; факт не перепроверен: поиск не выполнялся, факт из исходного файла
258	Тайпит - мебельный дивизион	К3 Офисная фабрика-интегратор		не найдено		Тайпит: стекло для проектов офисной мебели	Добрый день! Видела вакансии мебельного дивизиона Тайпит, в том числе менеджера по развитию продаж офисной мебели. Стекло, перегородки и зеркала в мебельном цеху обычно не делают, и на них проект ждёт стороннего подрядчика. Мы работаем как субподрядчик по стеклу: перегородки на стальном или алюминиевом профиле (15-30 рабочих дней с оплаты), стеклянные маркерные доски (10-15), зеркала, стеклянные элементы для ваших серий. Счёт идёт вам, с вашими заказчиками напрямую не работаем. Пришлите одну позицию со стеклом из текущего проекта - посчитаем за 2 рабочих дня, недостающие данные уточню сама. Если это не ваша зона, перешлите, пожалуйста, коллеге, который отвечает за закупку комплектующих.	нет email, только звонок; сначала звонок: узнать имя, письмо после; факт не перепроверен: поиск не выполнялся, факт из исходного файла
259	Мангазея	К8 Девелопер		не найдено		Мангазея: зеркала и стекло для МОП и лобби	Добрый день! «Мангазея» вошла в топ-10 девелоперов Москвы по объёму продаж и кратно улучшила результаты. На МОП и в лобби повторяются одни и те же позиции: зеркала, стеклянные перегородки, стойки. Их обычно закупают последними и в сжатый срок. Мы производим это под размер объекта, с замером и монтажом своими бригадами по Москве и МО. Гарантия по договору. Подскажите, отделку МОП закупаете сами или через генподрядчика? Если сами, пришлите ТЗ или дату тендера. Если удобнее передать дальше, перешлите, пожалуйста, коллеге, который отвечает за закупку отделки.	нет email, только звонок; сначала звонок: узнать имя, письмо после; факт не перепроверен: поиск не выполнялся, факт из исходного файла; в базе предложение: пройти аккредитацию на etp.mdevelopment.ru, в письме не упомянуто
260	ГК Абсолют	К8 Девелопер		не найдено		Два новых дома ГК Абсолют: стекло и зеркала для МОП	Добрый день! ГК Абсолют начала строительство двух домов в городе-парке. На МОП и в лобби повторяются одни и те же позиции: зеркала, стеклянные перегородки, стойки. Их обычно закупают последними и в сжатый срок. Мы производим это под размер объекта, с замером и монтажом своими бригадами по Москве и МО. Гарантия по договору. Подскажите, отделку МОП закупаете сами или через генподрядчика? Если сами, пришлите ТЗ или дату тендера. Если вопрос не к вам, перешлите, пожалуйста, коллеге, который отвечает за закупку отделки.	нет email, только звонок; сначала звонок: узнать имя, письмо после; факт не перепроверен: поиск не выполнялся, факт из исходного файла; в базе предложение по деловому центру «Ликова» на стадии отделки, не проверено, в письме не упомянуто
261	Кортрос	К8 Девелопер		не найдено		ЖК на Профсоюзной: зеркала и стекло для МОП	Добрый день! Кортрос начал возводить жилой комплекс на Профсоюзной улице в Москве. На МОП и в лобби повторяются одни и те же позиции: зеркала, стеклянные перегородки, стойки. Их обычно закупают последними и в сжатый срок. Мы производим это под размер объекта, с замером и монтажом своими бригадами по Москве и МО. Гарантия по договору. Подскажите, отделку МОП закупаете сами или через генподрядчика? Если сами, пришлите ТЗ или дату тендера. Если это не ваша зона, перешлите, пожалуйста, коллеге, который отвечает за закупку отделки.	нет email, только звонок; сначала звонок: узнать имя, письмо после; факт не перепроверен: поиск не выполнялся, факт из исходного файла
262	Крокус (5* отель в Красногорске)	К11 Отели и гостиничные компании		не найдено		Отель на 1202 номера в Красногорске: зеркала и стекло	Добрый день! Главгосэкспертиза одобрила проект 5* отеля Крокуса на 1202 номера в Красногорске. На таком фонде ошибка в размере зеркала или душевой умножается на все номера, поэтому образец одного изделия утверждают до партии. Мы производим зеркала LED (7-12 рабочих дней с оплаты), душевые перегородки (15-30), консоли на металле. Гарантия по договору, монтаж по Москве и МО. По партии срок подтвердим в расчёте. До закупки ещё далеко, но если появится спецификация номера или лобби - посчитаем за 2 рабочих дня, недостающие данные уточню сама. Если вопрос не к вам, перешлите, пожалуйста, дизайнеру FF&E или управляющей компании отеля.	нет email, только звонок; сначала звонок: узнать имя, письмо после; долгосрочный проект, начало закупок позже; факт не перепроверен: поиск не выполнялся, факт из исходного файла
263	ФСК (гостиничный комплекс в Химках)	К11 Отели и гостиничные компании		не найдено		Гостиница на 120 номеров в Химках: зеркала и душевые	Добрый день! ФСК готовит проект гостиничного комплекса на 120 номеров в Химках. Зеркала с подсветкой и стекло в санузлах при таком фонде удобнее делать партией под размер номера, после утверждения образца одного изделия. Мы производим зеркала LED (7-12 рабочих дней с оплаты), душевые перегородки (15-30), стеклянные перегородки для лобби и офисов продаж. Гарантия по договору, монтаж по Москве и МО. По партии срок подтвердим в расчёте. Пришлите спецификацию номера - посчитаем за 2 рабочих дня, недостающие данные уточню сама. Если вопрос не к вам, перешлите, пожалуйста, дизайнеру FF&E или управляющей компании отеля.	нет email, только звонок; сначала звонок: узнать имя, письмо после; факт не перепроверен: поиск не выполнялся, факт из исходного файла
264	Президенция Монави / LeePrime Group	К11 Отели и гостиничные компании	Сергей Ли, управляющий партнёр LeePrime Group (по файлу)	ГИПОТЕЗА		5* отель с LeePrime Group: зеркала LED и стекло	Сергей, добрый день! В мае подписано трёхстороннее соглашение о создании 5* отеля с вашим участием. На стадии проекта удобно заранее зафиксировать размеры зеркал с подсветкой и стекла санузлов, чтобы образец одного изделия утвердить до партии. Мы производим зеркала LED (7-12 рабочих дней с оплаты), стеклянные перегородки (15-30), консоли на металле. Гарантия по договору, монтаж по Москве и МО. По партии срок подтвердим в расчёте. Пришлите спецификацию номера, если она уже есть, или планировку номерного фонда - посчитаем пакет за 2 рабочих дня, недостающие данные уточню сама. Если не актуально, ответьте одним словом.	проверить ЛПР до отправки; нет email, только звонок; ЛПР взят из файла, второе имя усечено и не использовано; факт не перепроверен: поиск не выполнялся, факт из исходного файла; в базе также медцентр при отеле, в письме не упомянут
265	Гостиница спорткомплекса April Club (Апрелевка)	К11 Отели и гостиничные компании		не найдено		Гостиница April Club в Апрелевке: зеркала и стекло	Добрый день! Строительство гостиницы спорткомплекса April Club в Апрелевке завершено, документы на ввод оформлены, идёт подготовка к открытию. Перед открытием на 76 номеров последними закупают зеркала с подсветкой и стекло санузлов, и ошибка в размере умножается на весь фонд. Мы производим зеркала LED (7-12 рабочих дней с оплаты), душевые перегородки (15-30), столы на металле для ресторана (10-15). Гарантия по договору, монтаж по Москве и МО. По партии срок подтвердим в расчёте. Пришлите спецификацию номера - посчитаем за 2 рабочих дня, недостающие данные уточню сама. Если вопрос не к вам, перешлите, пожалуйста, дизайнеру FF&E или управляющей компании отеля.	нет email, только звонок; сначала звонок: узнать имя, письмо после; факт не подтверждён: данные на март 2026, статус открытия уточнить перед письмом; число номеров (76) из поля предложения, проверить
266	СЗ «Восточный 2» (база «Озеро Круглое»)	К11 Отели и гостиничные компании		не найдено		База «Озеро Круглое»: зеркала и стекло для номеров и спа	Добрый день! СЗ «Восточный 2» купила базу отдыха «Озеро Круглое» и планирует модернизацию в рекреационный центр. На стадии модернизации размеры зеркал и стекла в номерах и спа проще заложить сразу, чем менять позиции на то, что есть. Мы производим зеркала LED (7-12 рабочих дней с оплаты), стеклянные перегородки (15-30), консоли и столы на металле. Гарантия по договору, монтаж по Москве и МО. По партии срок подтвердим в расчёте. Пришлите планы номеров и спа, когда они появятся - посчитаем за 2 рабочих дня, недостающие данные уточню сама. Если вопрос не к вам, перешлите, пожалуйста, дизайнеру FF&E или управляющей компании отеля.	нет email, только звонок; сначала звонок: узнать имя, письмо после; факт не подтверждён: данные на март 2026, поиск не выполнялся, факт из исходного файла
267	ООО «Аквила» (МФЦ «Екатеринград», Подольск)	К11 Отели и гостиничные компании	Юлия Борисовна Борисоглебская, генеральный директор ООО «Аквила»	ДАННЫЕ		МФЦ «Екатеринград» в Подольске: зеркала и стекло	Юлия, добрый день! «Аквила» строит в Подольске МФЦ «Екатеринград»: четыре этажа, 11 тысяч кв. м, термальный комплекс с бассейнами и банями, разрешение на строительство получено в июле. В термальных комплексах стекло и зеркала нужны в раздевалках, спа и кафе, и закупают их обычно на этапе отделки через подрядчика. Мы производим зеркала LED (7-12 рабочих дней с оплаты), стеклянные перегородки (15-30), консоли и столы на металле. Гарантия по договору, монтаж по Москве и МО. По партии срок подтвердим в расчёте. Пришлите планировки раздевалок и спа - посчитаем за 2 рабочих дня, недостающие данные уточню сама. Если отделкой занимается подрядчик, подскажите, кому переслать.	нет email, только звонок; проверить юрлицо: совпадение (ИНН 5036154620) с застройщиком определено по названию и городу; дата старта стройки из файла (sabid.ru), не перепроверена
268	Русская Река (спа-отель, Кострома)	К11 Отели и гостиничные компании	Алексей Александрович Метельков, собственник отеля «Русская река»	ДАННЫЕ	info@rrhotel.ru	Русская река: допоставка зеркал и стекла для спа	Алексей, добрый день! Поздравляю с открытием «Русской реки»: 15 сентября в Костроме открылся первый пятизвёздочный отель-спа. После открытия обычно нужна допоставка: зеркала для люксов и спа, стеклянные перегородки спа-зоны, консоли и столы. Собирать их у нескольких подрядчиков долго. Мы производим зеркала LED (7-12 рабочих дней с оплаты), перегородки (15-30), столы на металле (10-15), консоли 20-30. Гарантия по договору, доставка по России, монтаж в регионе - условия уточню. По партии срок подтвердим в расчёте. Пришлите список позиций, которые нужно докупить, - посчитаем за 2 рабочих дня, недостающие данные уточню сама. Если вопрос ведёт не вы, подскажите, кому переслать.	ГД самого отеля не найден, должность в юрлицах (в т.ч. ООО «Русский отель») уточнить
269	Парк-отель «Лаврово-Песочня»	К11 Отели и гостиничные компании	Ольга Викторовна Погосова, генеральный директор ООО «Лаврово-Песочня»	ДАННЫЕ	pesochnia@bk.ru	Аквапарк и термы «Лаврово-Песочни»: зеркала и стекло	Ольга, добрый день! 8 апреля в парк-отеле «Лаврово-Песочня» открылись крытый аквапарк на пять бассейнов и термальный комплекс из 11 бань и саун. В таких зонах перегородки и зеркала раздевалок повторяются десятками, и ошибка в размере видна сразу. Мы производим зеркала LED (7-12 рабочих дней с оплаты), стеклянные перегородки (15-30, стекло 8-10 мм при повышенных требованиях), столы для кафе на металле (10-15). Гарантия по договору, доставка по России, монтаж в регионе - условия уточню. По партии срок подтвердим в расчёте. Пришлите планировку раздевалок или список позиций - посчитаем за 2 рабочих дня, недостающие данные уточню сама. Если решения по комплектации принимает не вы, подскажите, кому переслать.	ГД в реестре с 2014 г.; управляющего или технического директора отеля не нашли, при звонке уточнить, кто решает по комплектации
270	Авто-Белогорье	К12 Автодилер	Павел Вячеславович Иванов, генеральный директор ООО «Авто-Белогорье»	ДАННЫЕ	client@belogorie-tenetplus.ru	ДЦ Tenet Plus в Старом Осколе: перегородки и стойки	Павел, добрый день! Поздравляю с открытием дилерского центра Tenet Plus в Старом Осколе: официальное открытие прошло 11 сентября на проспекте Алексея Угарова. В таком центре по стандарту бренда нужны стеклянные перегородки кабинетов, стойки ресепшн и столы менеджеров, а в следующих салонах набор повторяется. Мы производим это под размер и брендбук: перегородки - 15-30 рабочих дней с оплаты, столы на металле 10-15, доставка по России, монтаж в регионе - условия уточню. Если брендбук Tenet Plus не закрепляет поставщика и нужно доукомплектовать зону или готовится следующий салон, пришлите планировку - посчитаем за 2 рабочих дня, недостающие данные уточню сама. Если вопрос не по вашей части, подскажите, кому переслать.	проверить, что юрлицо rusprofile (Белгород) ведёт ДЦ в Старом Осколе; руководителя строительства или АХО группы не искали; из одной группы с №271 (AB Motors): отправлять не в один день
271	AB Motors (АБ Моторс)	К12 Автодилер	Александр Валентинович Крутчинин, генеральный директор ООО «АБ-Моторс»	ГИПОТЕЗА	client@abmotors-tenetplus.ru	Салон Tenet Plus 3 октября: если к открытию не хватает	Александр, добрый день! 3 октября открывается дилерский центр Tenet Plus на улице Остужева в Воронеже. Если к открытию не хватает зеркала или стола, напишите: проверю, что есть на складе с отгрузкой за 1-3 рабочих дня. Перегородки под заказ к этой дате уже не успеть, их честнее планировать на доукомплектацию. После открытия обычно всплывает, чего не хватило: перегородка переговорной, стол менеджера, зеркала в зоне ожидания. Это мы производим под размер и брендбук, доставка по России, монтаж в регионе - условия уточню. Подскажите, брендбук интерьера Tenet Plus закрепляет поставщика мебели или вы выбираете сами?	проверить ЛПР до отправки; дата открытия 03.10.2026 независимо не подтверждена, проверить фамилию и дату по РБК; возможный ЛПР выше: гендиректор группы «Авто-Белогорье» Иванов П.В. (№270); к 3 октября перегородки по срокам не успеть, письмо ставит на допоставку; из одной группы с №270 (Авто-Белогорье): отправлять не в один день
272	Тринити Моторс	К12 Автодилер	Алексей Валерьевич Васильев, генеральный директор ООО «Тринити Моторс»	ДАННЫЕ	reception@trinity-tenetplus.ru	Tenet Plus в Белгороде: перегородки и зеркала для салона	Алексей, добрый день! «Тринити Моторс» как действующий дилер Tenet добавляет дилерский центр нового бренда Tenet Plus, который презентовали 22 сентября. В таком центре по стандарту бренда нужны стеклянные перегородки кабинетов, столы менеджеров, зеркала в клиентскую зону, и всё к дате открытия. Мы производим это под размер и брендбук: перегородки - 15-30 рабочих дней с оплаты, столы на металле 10-15, доставка по России, монтаж в регионе - условия уточню. Если брендбук Tenet Plus не закрепляет поставщика, пришлите планировку - посчитаем за 2 рабочих дня, недостающие данные уточню сама. Если этим занимается другой человек, подскажите, кому переслать.	факт не подтверждён: конкретное событие «Тринити Моторс» в сентябре 2026 не подтверждено; есть второе юрлицо ООО «Тринити Моторс М», проверить, какое ведёт Tenet Plus
273	Вип Авто (Тверь)	К12 Автодилер	Игорь Владимирович Юклянюк, директор ООО «Вип-Авто Т» (Тверь)	ГИПОТЕЗА	info@vipauto-tenetplus.ru	Tenet Plus в Твери: перегородки и столы для двух салонов	Игорь, добрый день! У «Вип Авто» в Твери две точки Tenet, на Московском шоссе, 21 и на улице Антонова-Овсеенко, 46, и вы подключаетесь к новому бренду Tenet Plus. В салоне по стандарту бренда нужны стеклянные перегородки кабинетов, столы менеджеров, зеркала в зону ожидания. На двух точках набор одинаковый. Мы производим это под размер и брендбук: перегородки - 15-30 рабочих дней с оплаты, столы на металле 10-15, доставка по России, монтаж в регионе - условия уточню. По партии срок подтвердим в расчёте. Если брендбук Tenet Plus не закрепляет поставщика, пришлите планировку - посчитаем оба салона за 2 рабочих дня, недостающие данные уточню сама. Если вопрос не по вашей части, подскажите, кому переслать.	проверить ЛПР до отправки; на одном адресе несколько юрлиц (Вип-Авто Т, Спорт, К, Л), какое ведёт Tenet Plus - неясно; должность с 2019 г., актуальность проверить; дата факта из файла
274	Автоград (Калуга)	К12 Автодилер		не найдено	sales_tenet.plus@autograd.group	Tenet Plus в Калуге: перегородки и мебель для салона	Добрый день! «Автоград» в Калуге работает с Tenet на Тульском шоссе, 14Б, и в дилерской сети стартует новый бренд Tenet Plus. В салоне по стандарту бренда нужны стеклянные перегородки кабинетов, столы менеджеров, зеркала в клиентскую зону, и всё к дате открытия. Мы производим это под размер и брендбук: перегородки - 15-30 рабочих дней с оплаты, столы на металле 10-15, доставка по России, монтаж в регионе - условия уточню. Если брендбук Tenet Plus не закрепляет поставщика, пришлите планировку - посчитаем за 2 рабочих дня, недостающие данные уточню сама. Если удобнее передать дальше, перешлите, пожалуйста, коллеге, который отвечает за открытие и оснащение салонов.	сначала звонок: узнать имя, письмо после; факт не подтверждён: открытие ДЦ Tenet Plus не подтверждено; ЛПР не найден: проверить ГД юрлица Автоград или Автоград Юг по ЕГРЮЛ; email отдела Tenet Plus, не персональный
275	Автоэкспресс (Иваново)	К12 Автодилер	Джаваншир Мамед оглы Везиров, директор ООО «Автоэкспресс-Плюс» (Иваново)	ГИПОТЕЗА	info@avtoexpress-tenetplus.ru	Tenet Plus в Иваново: перегородки кабинетов и мебель	Джаваншир, добрый день! «Автоэкспресс» в Иваново, официальный дилер Chery и Tenet, подключается к новому бренду Tenet Plus. В салоне по стандарту бренда нужны стеклянные перегородки кабинетов, столы менеджеров, зеркала в клиентскую зону, и всё к дате открытия. Мы производим это под размер и брендбук: перегородки - 15-30 рабочих дней с оплаты, столы на металле 10-15, доставка по России, монтаж в регионе - условия уточню. Если брендбук Tenet Plus не закрепляет поставщика, пришлите планировку - посчитаем за 2 рабочих дня, недостающие данные уточню сама. Если тема не ваша, подскажите, кому переслать.	проверить ЛПР до отправки; факт не подтверждён: открытие ДЦ Tenet Plus не подтверждено; юрлицо совпадает только по названию и городу, ДЦ Tenet может вести другое юрлицо
276	Лидер Авто (Кострома)	К12 Автодилер		не найдено	info@tenet-leaderavto.ru	Tenet Plus в Костроме: перегородки и мебель для салона	Добрый день! «Лидер Авто» в Костроме, официальный дилер Tenet на улице Локомотивной, 2в, включён в дилерскую сеть нового бренда Tenet Plus. В салоне по стандарту бренда нужны стеклянные перегородки кабинетов, столы менеджеров, зеркала в клиентскую зону, и всё к дате открытия. Мы производим это под размер и брендбук: перегородки - 15-30 рабочих дней с оплаты, столы на металле 10-15, доставка по России, монтаж в регионе - условия уточню. Если брендбук Tenet Plus не закрепляет поставщика, пришлите планировку - посчитаем за 2 рабочих дня, недостающие данные уточню сама. Если вопрос не к вам, перешлите, пожалуйста, коллеге, который отвечает за открытие и оснащение салонов.	сначала звонок: узнать имя, письмо после; ЛПР не найден: юрлицо дилера не установлено (в выдаче «Лидер Премиум», «Лидер-Сервис» - связь не подтверждена); факт не подтверждён: включение в сеть Tenet Plus по сигналу файла
277	Автосалон Глобус (Тамбов)	К12 Автодилер		не найдено	office@tenet-globus.ru	Tenet Plus в Тамбове: перегородки и мебель для салона	Добрый день! Автосалон «Глобус» в Тамбове включён в дилерскую сеть нового бренда Tenet Plus, у салона уже есть сайт globus-tenetplus.ru. В салоне по стандарту бренда нужны стеклянные перегородки кабинетов, столы менеджеров, зеркала в клиентскую зону, и всё к дате открытия. Мы производим это под размер и брендбук: перегородки - 15-30 рабочих дней с оплаты, столы на металле 10-15, доставка по России, монтаж в регионе - условия уточню. Если брендбук Tenet Plus не закрепляет поставщика, пришлите планировку - посчитаем за 2 рабочих дня, недостающие данные уточню сама. Если это не ваша зона, перешлите, пожалуйста, коллеге, который отвечает за открытие и оснащение салонов.	сначала звонок: узнать имя, письмо после; ЛПР не найден, проверить ГД по ЕГРЮЛ; факт не перепроверен: поиск не выполнялся, факт из сигнала файла
278	UTFC (ООО «Фест»)	К7 Серийная мебельная фабрика		не найдено	sales@utfc.ru	Стеклянные столы к модульным диванам и креслам UTFC	Добрый день! UTFC запустила новую категорию, модульные диваны, и новые модели кресел СН-111 и СН-105. К диванам и лаунж-зонам нужны журнальные столики, и стекло с металлическими опорами в мебельном цеху обычно не делают. Мы можем делать такие столы партиями как комплектующие: стеклянные столешницы на металлических опорах, 10-15 рабочих дней с оплаты. Производство и сборка у нас, металл режем и красим сами, возможна работа под вашей маркой, условия обсудим. По партии срок подтвердим в расчёте. Пришлите чертёж одной позиции и объём в месяц - посчитаем партию за 2 рабочих дня, недостающие данные уточню сама. Если удобнее передать дальше, перешлите, пожалуйста, коллеге, который отвечает за закупку комплектующих.	сначала звонок: узнать имя, письмо после; ЛПР не найден, проверить ГД по ЕГРЮЛ (ООО «Фест»); факт не перепроверен: поиск не выполнялся, факт из сигнала файла
279	Марион	К6 Комплектатор образования		не найдено	marion-pavel@mail.ru	Контракт для Судебного департамента: стекло и доски	Добрый день! Ваш контракт от 21 сентября: офисные тумбы для Управления Судебного департамента в Липецкой области. В таких закупках рядом с тумбами обычно нужны перегородки для кабинетов, маркерные доски и столы, и стекло чаще всего берут у отдельного поставщика. GENGLASS производит стеклянные перегородки (15-30 рабочих дней с оплаты), маркерные доски из закалённого осветлённого стекла (10-15) и столы на металлокаркасе (10-15). Можно закладывать их в вашу спецификацию как отдельную позицию. Пришлите позицию из ТЗ ближайшего лота - посчитаем за 2 рабочих дня, недостающие данные уточню сама. Если в цену не попадём, скажу сразу. Если вопрос не к вам, перешлите, пожалуйста, коллеге, который ведёт тендеры.	сначала звонок: узнать имя, письмо после; ЛПР не найден, проверить ГД по ЕГРЮЛ; факт не перепроверен: поиск не выполнялся, факт из сигнала файла
280	Товары для офиса (Курск)	К6 Комплектатор образования		не найдено	tdo46@mail.ru	Курская облдума: перегородки, доски и зеркала	Добрый день! Ваш контракт от 14 сентября: мебель для сидения для Курской областной думы. В таких закупках рядом с мебелью для сидения обычно нужны перегородки для кабинетов, маркерные доски и зеркала, и стекло чаще всего берут у отдельного поставщика. GENGLASS производит стеклянные перегородки (15-30 рабочих дней с оплаты), маркерные доски из закалённого осветлённого стекла (10-15) и столы на металлокаркасе (10-15). Можно закладывать их в вашу спецификацию как отдельную позицию. Пришлите позицию из ТЗ ближайшего лота - посчитаем за 2 рабочих дня, недостающие данные уточню сама. Если в цену не попадём, скажу сразу. Если это не ваша зона, перешлите, пожалуйста, коллеге, который ведёт тендеры.	сначала звонок: узнать имя, письмо после; ЛПР не найден, проверить ГД по ЕГРЮЛ; факт не перепроверен: поиск не выполнялся, факт из сигнала файла
281	ОМИС-Трейд	К6 Комплектатор образования		не найдено	omis-tver@mail.ru	Администрация района: стекло для кабинетов и доски	Добрый день! Ваш контракт от 7 сентября: металлические офисные шкафы для администрации Пролетарского района. В таких закупках рядом с шкафами обычно нужны перегородки для кабинетов и маркерные доски, и стекло чаще всего берут у отдельного поставщика. GENGLASS производит стеклянные перегородки (15-30 рабочих дней с оплаты), маркерные доски из закалённого осветлённого стекла (10-15) и столы на металлокаркасе (10-15). Можно закладывать их в вашу спецификацию как отдельную позицию. Пришлите позицию из ТЗ ближайшего лота - посчитаем за 2 рабочих дня, недостающие данные уточню сама. Если в цену не попадём, скажу сразу. Если удобнее передать дальше, перешлите, пожалуйста, коллеге, который ведёт тендеры.	сначала звонок: узнать имя, письмо после; ЛПР не найден, проверить ГД по ЕГРЮЛ; факт не перепроверен: поиск не выполнялся, факт из сигнала файла
282	Профофис (МК Тверь)	К6 Комплектатор образования		не найдено	info@mktver.ru	Судебный департамент в Твери: перегородки и доски	Добрый день! Ваш контракт от 21 сентября: мебель для сидения для Управления Судебного департамента в Тверской области. В таких закупках рядом с мебелью для сидения обычно нужны перегородки для кабинетов и маркерные доски, и стекло чаще всего берут у отдельного поставщика. GENGLASS производит стеклянные перегородки (15-30 рабочих дней с оплаты), маркерные доски из закалённого осветлённого стекла (10-15) и столы на металлокаркасе (10-15). Можно закладывать их в вашу спецификацию как отдельную позицию. Пришлите позицию из ТЗ ближайшего лота - посчитаем за 2 рабочих дня, недостающие данные уточню сама. Если в цену не попадём, скажу сразу. Если вопрос не к вам, перешлите, пожалуйста, коллеге, который ведёт тендеры.	сначала звонок: узнать имя, письмо после; ЛПР не найден, проверить ГД по ЕГРЮЛ; факт не перепроверен: поиск не выполнялся, факт из сигнала файла
283	Класс (Смоленск)	К6 Комплектатор образования		не найдено	info@klass-company.ru	Медучреждения: стеклянные перегородки и зеркала	Добрый день! У связанного с вами ООО «Офис Плюс» контракт от 21 сентября на металлические кровати для областного медучреждения. В таких закупках рядом с кроватями обычно нужны перегородки и зеркала для отделений, и стекло чаще всего берут у отдельного поставщика. GENGLASS производит стеклянные перегородки (15-30 рабочих дней с оплаты), зеркала (в раме 5-10 рабочих дней, с подсветкой 7-12) и столы на металлокаркасе (10-15). Можно закладывать их в вашу спецификацию как отдельную позицию. Пришлите позицию из ТЗ ближайшего лота - посчитаем за 2 рабочих дня, недостающие данные уточню сама. Если в цену не попадём, скажу сразу. Если это не ваша зона, перешлите, пожалуйста, коллеге, который ведёт тендеры.	сначала звонок: узнать имя, письмо после; ЛПР не найден, проверить ГД по ЕГРЮЛ; факт не перепроверен: поиск не выполнялся, факт из сигнала файла; факт не подтверждён: контракт у связанного юрлица ООО «Офис Плюс» (домен klass-company.ru)
284	Климат-Т	К6 Комплектатор образования		не найдено	klimat-t.sm@yandex.ru	Смоленский педколледж: маркерные доски и мебель	Добрый день! Ваш контракт от 22 июля: конструкторские и игровые наборы для Смоленского педагогического колледжа. В таких закупках рядом с наборами для колледжа обычно нужны стеклянные маркерные доски и мебель для мастерских и лабораторий, и стекло чаще всего берут у отдельного поставщика. GENGLASS производит стеклянные перегородки (15-30 рабочих дней с оплаты), маркерные доски из закалённого осветлённого стекла (10-15) и столы на металлокаркасе (10-15). Можно закладывать их в вашу спецификацию как отдельную позицию. Пришлите позицию из ТЗ ближайшего лота - посчитаем за 2 рабочих дня, недостающие данные уточню сама. Если в цену не попадём, скажу сразу. Если удобнее передать дальше, перешлите, пожалуйста, коллеге, который ведёт тендеры.	сначала звонок: узнать имя, письмо после; ЛПР не найден, проверить ГД по ЕГРЮЛ; факт не перепроверен: поиск не выполнялся, факт из сигнала файла
285	Саула-Запад	К6 Комплектатор образования		не найдено	saula-zapad@yandex.ru	Детская больница: стеклянные перегородки и зеркала	Добрый день! Ваш контракт от 22 сентября: металлические шкафы для одежды для Детской клинической больницы. В таких закупках рядом с шкафами обычно нужны перегородки и зеркала для отделений, и стекло чаще всего берут у отдельного поставщика. GENGLASS производит стеклянные перегородки (15-30 рабочих дней с оплаты), зеркала (в раме 5-10 рабочих дней, с подсветкой 7-12) и столы на металлокаркасе (10-15). Можно закладывать их в вашу спецификацию как отдельную позицию. Пришлите позицию из ТЗ ближайшего лота - посчитаем за 2 рабочих дня, недостающие данные уточню сама. Если в цену не попадём, скажу сразу. Если вопрос не к вам, перешлите, пожалуйста, коллеге, который ведёт тендеры.	сначала звонок: узнать имя, письмо после; ЛПР не найден, проверить ГД по ЕГРЮЛ; факт не перепроверен: поиск не выполнялся, факт из сигнала файла
286	Кратт	К6 Комплектатор образования		не найдено	kratt.sml@yandex.ru	Детская больница: перегородки и зеркала для кабинетов	Добрый день! Ваш контракт от 16 сентября: медицинская мебель для Детской клинической больницы. В таких закупках рядом с медицинской мебелью обычно нужны перегородки и зеркала для медкабинетов, и стекло чаще всего берут у отдельного поставщика. GENGLASS производит стеклянные перегородки (15-30 рабочих дней с оплаты), зеркала (в раме 5-10 рабочих дней, с подсветкой 7-12) и столы на металлокаркасе (10-15). Можно закладывать их в вашу спецификацию как отдельную позицию. Пришлите позицию из ТЗ ближайшего лота - посчитаем за 2 рабочих дня, недостающие данные уточню сама. Если в цену не попадём, скажу сразу. Если это не ваша зона, перешлите, пожалуйста, коллеге, который ведёт тендеры.	сначала звонок: узнать имя, письмо после; ЛПР не найден, проверить ГД по ЕГРЮЛ; факт не перепроверен: поиск не выполнялся, факт из сигнала файла
287	Торговая реклама (Орёл)	К6 Комплектатор образования		не найдено	pena@torgavto.com	Колледж «Запад»: маркерные доски и перегородки	Добрый день! Ваш контракт от 2 сентября: металлические архивные шкафы для колледжа МОК «Запад». В таких закупках рядом с архивными шкафами обычно нужны стеклянные маркерные доски и перегородки, и стекло чаще всего берут у отдельного поставщика. GENGLASS производит стеклянные перегородки (15-30 рабочих дней с оплаты), маркерные доски из закалённого осветлённого стекла (10-15) и столы на металлокаркасе (10-15). Можно закладывать их в вашу спецификацию как отдельную позицию. Пришлите позицию из ТЗ ближайшего лота - посчитаем за 2 рабочих дня, недостающие данные уточню сама. Если в цену не попадём, скажу сразу. Если удобнее передать дальше, перешлите, пожалуйста, коллеге, который ведёт тендеры.	сначала звонок: узнать имя, письмо после; ЛПР не найден, проверить ГД по ЕГРЮЛ; факт не перепроверен: поиск не выполнялся, факт из сигнала файла
288	ГК Стройкомплект (Тула)	К8 Девелопер		не найдено	ooostroikomplekt@mail.ru	Квартал «Счастье моё»: зеркала и стекло для МОП	Добрый день! 25 сентября вы открыли продажи в новом семейном квартале «Счастье моё». На МОП и во входных группах повторяются одни и те же позиции: зеркала, стеклянные перегородки, стойки. Их обычно закупают последними и в сжатый срок. Мы производим это под размер объекта. Гарантия по договору, доставка по России, монтаж в регионе - условия уточню. Подскажите, отделку МОП закупаете сами или через генподрядчика? Если сами, пришлите ТЗ или дату тендера - подготовимся заранее. Если вопрос не к вам, перешлите, пожалуйста, коллеге, который отвечает за закупку отделки.	сначала звонок: узнать имя, письмо после; ЛПР не найден, проверить ГД по ЕГРЮЛ; факт не перепроверен: поиск не выполнялся, факт из сигнала файла
289	Инвест76 (3D-глэмпинг на оз. Неро)	К11 Отели и гостиничные компании		не найдено		Отель из 3D-печати в Ростове Великом: зеркала и душевые	Добрый день! В июле анонсировано строительство первой гостиницы из 3D-печати в Ростове Великом, в формате глэмпинга на озере Неро. В модульных номерах зеркала и душевые перегородки повторяются на каждом модуле, поэтому размер фиксируют один раз, по образцу одного изделия. Мы производим зеркала LED (7-12 рабочих дней с оплаты), душевые перегородки (15-30), столы для ресторана на металле (10-15). Гарантия по договору, доставка по России, монтаж в регионе - условия уточню. По партии срок подтвердим в расчёте. Пришлите размеры типового модуля - сделаем образец одного изделия на утверждение и посчитаем за 2 рабочих дня, недостающие данные уточню сама, условия образца уточню. Если вопрос не к вам, перешлите, пожалуйста, дизайнеру FF&E или управляющей компании отеля.	нет email, только звонок; сначала звонок: узнать имя, письмо после; ЛПР не найден, проверить ГД по ЕГРЮЛ; факт не перепроверен: поиск не выполнялся, факт из сигнала файла
290	Никольское-Резорт	К11 Отели и гостиничные компании		не найдено		Никольское-Резорт: зеркала и душевые для 20 домов	Добрый день! В июне на ПМЭФ-2026 «Никольское-Резорт» подписало соглашение со Смоленской областью. В курорте с отдельными домами зеркала и душевые перегородки повторяются в каждом доме, и утверждённый образец одного изделия экономит время на всю партию. Мы производим зеркала LED (7-12 рабочих дней с оплаты), душевые перегородки (15-30), столы для ресторана на металле (10-15). Гарантия по договору, доставка по России, монтаж в регионе - условия уточню. По партии срок подтвердим в расчёте. Пришлите размеры типового дома - сделаем образец одного изделия на утверждение и посчитаем за 2 рабочих дня, недостающие данные уточню сама, условия образца уточню. Если вопрос не к вам, перешлите, пожалуйста, дизайнеру FF&E или управляющей компании отеля.	нет email, только звонок; сначала звонок: узнать имя, письмо после; ЛПР не найден, проверить ГД по ЕГРЮЛ; факт не перепроверен: поиск не выполнялся, факт из сигнала файла; число домов (20) из поля предложения, в письме не названо
291	Интер-отель (гостиница на Волжской набережной)	К11 Отели и гостиничные компании		не найдено		Гостиница на Волжской набережной: зеркала и стекло	Добрый день! 27 апреля «Интер-отель» получил положительное заключение госэкспертизы на гостиницу на Волжской набережной. На стадии проекта проще заложить размеры зеркал и стекла санузлов, чем потом менять позиции на то, что есть на рынке. Мы производим зеркала LED (7-12 рабочих дней с оплаты), стеклянные перегородки санузлов (15-30), столы для лобби на металле (10-15). Гарантия по договору, доставка по России, монтаж в регионе - условия уточню. По партии срок подтвердим в расчёте. Пришлите проект санузла или номера - посчитаем за 2 рабочих дня, недостающие данные уточню сама, чтобы вы заложили позиции заранее. Если вопрос не к вам, перешлите, пожалуйста, дизайнеру FF&E или управляющей компании отеля.	нет email, только звонок; сначала звонок: узнать имя, письмо после; ЛПР не найден, проверить ГД по ЕГРЮЛ; факт не перепроверен: поиск не выполнялся, факт из сигнала файла
292	Бутик-отель «Дом Демидова»	К11 Отели и гостиничные компании		не найдено		Бутик-отель «Дом Демидова»: зеркала, душевые и консоли	Добрый день! У бутик-отеля «Дом Демидова» на сайте написано «скоро откроет двери», а в июне на ПМЭФ подписано соглашение по проекту. В бутик-отеле зеркала, душевые перегородки и консоли обычно нестандартные по размеру, и их заказывают через архитектора с образцом. Мы производим зеркала сложного контура (овал, арка, капсула) и LED (7-12 рабочих дней с оплаты), душевые перегородки (15-30), консоли и столы на металле. Гарантия по договору, доставка по России, монтаж в регионе - условия уточню. По партии срок подтвердим в расчёте. Пришлите чертёж или эскиз позиции - посчитаем за 2 рабочих дня, недостающие данные уточню сама. Если вопрос не к вам, перешлите, пожалуйста, дизайнеру FF&E или управляющей компании отеля.	нет email, только звонок; сначала звонок: узнать имя, письмо после; ЛПР не найден, проверить ГД по ЕГРЮЛ; факт не перепроверен: поиск не выполнялся, факт из сигнала файла
293	УК Ростов Великий	К11 Отели и гостиничные компании		не найдено		Бутик-отель в Ростове Великом: зеркала и душевые	Добрый день! 3 июня на ПМЭФ подписано соглашение о бутик-отеле в Ростове Великом с участием УК «Ростов Великий». На этапе проекта проще заложить размеры зеркал и стекла санузлов, чем потом менять позиции на то, что есть. Мы производим зеркала LED (7-12 рабочих дней с оплаты), стеклянные перегородки санузлов (15-30), столы для лобби на металле (10-15). Гарантия по договору, доставка по России, монтаж в регионе - условия уточню. По партии срок подтвердим в расчёте. Пришлите проект номера, когда он будет - посчитаем за 2 рабочих дня, недостающие данные уточню сама. Если вопрос не к вам, перешлите, пожалуйста, дизайнеру FF&E или управляющей компании отеля.	нет email, только звонок; сначала звонок: узнать имя, письмо после; ЛПР не найден, проверить ГД по ЕГРЮЛ; факт не перепроверен: поиск не выполнялся, факт из сигнала файла; проверить, что бутик-отель - проект именно УК «Ростов Великий»
294	Волга Вилидж отель	К11 Отели и гостиничные компании		не найдено		Волга Вилидж: зеркала и душевые для 34 номеров	Добрый день! «Волга Вилидж отель» вошёл в список строящихся загородных комплексов области, вторая очередь на 34 номера запланирована до декабря 2027. В модульных номерах зеркала и душевые перегородки повторяются на каждом модуле, поэтому размер фиксируют один раз, по образцу одного изделия. Мы производим зеркала LED (7-12 рабочих дней с оплаты), душевые перегородки (15-30), столы для ресторана на металле (10-15). Гарантия по договору, доставка по России, монтаж в регионе - условия уточню. По партии срок подтвердим в расчёте. Пришлите размеры типового номера - посчитаем за 2 рабочих дня, недостающие данные уточню сама. Если вопрос не к вам, перешлите, пожалуйста, дизайнеру FF&E или управляющей компании отеля.	нет email, только звонок; сначала звонок: узнать имя, письмо после; ЛПР не найден, проверить ГД по ЕГРЮЛ; факт не перепроверен: поиск не выполнялся, факт из сигнала файла
295	Глэмпинг «Вежи Волжские»	К11 Отели и гостиничные компании	Сергей Чернышев, инвестор	ГИПОТЕЗА		Глэмпинг «Вежи Волжские»: зеркала и душевые перегородки	Сергей, добрый день! «Вежи Волжские» расширяются: модульная гостиница на 16 номеров и 10 коттеджей. В модулях и коттеджах зеркала и душевые перегородки повторяются десятками, поэтому размер фиксируют один раз, по образцу одного изделия, и дальше заказывают партией без сюрпризов. Мы производим зеркала LED (7-12 рабочих дней с оплаты), душевые перегородки (15-30), столы для кафе на металле (10-15). Гарантия по договору, доставка по России, монтаж в регионе - условия уточню. По партии срок подтвердим в расчёте. Пришлите размеры типового номера или коттеджа - сделаем образец одного изделия на утверждение и посчитаем всю партию за 2 рабочих дня, недостающие данные уточню сама, условия образца уточню. Если вопрос не к вам, подскажите, кому переслать.	проверить ЛПР до отправки; нет email, только звонок; ЛПР взят из входного файла, не перепроверен; в базе в предложении 29 номеров, в факте 16 номеров и 10 коттеджей, число в письме взято из факта; факт не перепроверен: поиск не выполнялся, факт из сигнала файла
296	Глэмпинг «Туно»	К11 Отели и гостиничные компании	Светлана Прокофьева, сооснователь	ГИПОТЕЗА		Глэмпинг «Туно»: зеркала и душевые для 2-й очереди	Светлана, добрый день! В глэмпинге «Туно» строится вторая очередь на 18 номеров, завершение к концу 2026 года. К концу года времени немного, поэтому зеркала и душевые перегородки для 18 номеров лучше заказать партией по образцу одного изделия, утверждённому заранее, а не по одному номеру. Мы производим зеркала LED (7-12 рабочих дней с оплаты), душевые перегородки (15-30). Гарантия по договору, доставка по России, монтаж в регионе - условия уточню. По партии срок подтвердим в расчёте. Пришлите размеры типового номера - сделаем образец одного изделия на утверждение и посчитаем партию на 18 номеров за 2 рабочих дня, недостающие данные уточню сама, условия образца уточню. Если тема сейчас не в работе, ответьте одним словом.	проверить ЛПР до отправки; нет email, только звонок; ЛПР взят из входного файла, не перепроверен; факт не перепроверен: поиск не выполнялся, факт из сигнала файла
297	ЖАК ГРУПП (отель в историческом центре Тулы)	К11 Отели и гостиничные компании	Манук Аветисян, глава ГК «ЖАК ГРУПП»	ГИПОТЕЗА		Отель в центре Тулы: зеркала и стекло для номеров	Манук, добрый день! В мае вы анонсировали строительство отеля в историческом центре Тулы. В проекте на стадии замысла проще заложить размеры зеркал и стекла санузлов, чем потом менять позиции на то, что есть. Мы производим зеркала LED (7-12 рабочих дней с оплаты), стеклянные перегородки санузлов (15-30), столы для ресторана и лобби на металле (10-15). Гарантия по договору, доставка по России, монтаж в регионе - условия уточню. По партии срок подтвердим в расчёте. Когда появится проект номера или ресторана, пришлите его - посчитаем позиции за 2 рабочих дня, недостающие данные уточню сама, чтобы вы заложили их в спецификацию заранее. Если рано, ответьте одним словом.	проверить ЛПР до отправки; нет email, только звонок; ЛПР взят из входного файла, не перепроверен; факт не перепроверен: поиск не выполнялся, факт из сигнала файла
298	Контактная механика (бутик-отель в Калязине)	К11 Отели и гостиничные компании		не найдено		Бутик-отель в Калязине: зеркала, душевые и столы	Добрый день! На ПМЭФ-2026 подписано соглашение о создании бутик-отеля в Калязине с участием «Контактной механики». В бутик-отеле зеркала, душевые перегородки и столы обычно нестандартные по размеру, и их согласуют по образцу до партии. Мы производим зеркала сложного контура (овал, арка, капсула) и LED (7-12 рабочих дней с оплаты), душевые перегородки (15-30), столы на металле для номеров и ресторана (10-15). Гарантия по договору, доставка по России, монтаж в регионе - условия уточню. По партии срок подтвердим в расчёте. Пришлите проект номера или ресторана, когда он появится - посчитаем за 2 рабочих дня, недостающие данные уточню сама. Если вопрос не к вам, перешлите, пожалуйста, дизайнеру FF&E или управляющей компании отеля.	нет email, только звонок; сначала звонок: узнать имя, письмо после; ЛПР не найден, проверить ГД по ЕГРЮЛ; факт не перепроверен: поиск не выполнялся, факт из сигнала файла
299	Загородный клуб «Есенинская Русь»	К11 Отели и гостиничные компании		не найдено		Загородный клуб «Есенинская Русь»: зеркала и душевые	Добрый день! Открыт загородный клуб «Есенинская Русь» с 31 домом и конференц-залом. В гостевых домах зеркала и душевые перегородки повторяются в каждом доме, а конференц-залу обычно нужны стеклянные перегородки. Мы производим зеркала LED (7-12 рабочих дней с оплаты), душевые и стеклянные перегородки (15-30), столы на металле (10-15). Гарантия по договору, доставка по России, монтаж в регионе - условия уточню. По партии срок подтвердим в расчёте. Пришлите размеры типового дома и размеры конференц-зала - посчитаем допоставку за 2 рабочих дня, недостающие данные уточню сама. Если вопрос не к вам, перешлите, пожалуйста, дизайнеру FF&E или управляющей компании отеля.	нет email, только звонок; сначала звонок: узнать имя, письмо после; ЛПР не найден, проверить ГД по ЕГРЮЛ; факт не перепроверен: поиск не выполнялся, факт из сигнала файла
300	Корфу Групп (придорожные комплексы NAVIGATOR)	К11 Отели и гостиничные компании	Ирина Ковалева, генеральный директор	ГИПОТЕЗА		Придорожные комплексы NAVIGATOR: типовой набор для мотелей	Ирина, добрый день! На ПМЭФ-2026 «Корфу Групп» подписала соглашение о строительстве придорожных комплексов NAVIGATOR с мотелями. В серии однотипных мотелей размер зеркал и душевых удобно зафиксировать один раз и повторять на каждом комплексе. Мы производим зеркала LED (7-12 рабочих дней с оплаты), душевые перегородки (15-30), столы для кафе на металле (10-15). Гарантия по договору, доставка по России, монтаж в регионе - условия уточню. По партии срок подтвердим в расчёте. Пришлите размеры типового номера мотеля и кафе - сделаем образец одного изделия на утверждение и посчитаем типовой комплект за 2 рабочих дня, недостающие данные уточню сама, условия образца уточню. Если вопрос не к вам, подскажите, кому переслать.	проверить ЛПР до отправки; нет email, только звонок; ЛПР взят из входного файла, не перепроверен; факт не перепроверен: поиск не выполнялся, факт из сигнала файла
301	Авто Ленд	К12 Автодилер		не найдено		ДЦ Foton в Воронеже: перегородки офиса продаж	Добрый день! «Авто Ленд» открыл в Воронеже дилерский центр Foton на 1406 кв. м с шоурумом на 423 кв. м. В таком центре по стандарту бренда нужны стеклянные перегородки офиса продаж и клиентской зоны, столы переговоров, зеркала. Мы производим это под размер и брендбук: перегородки - 15-30 рабочих дней с оплаты, столы на металле 10-15, доставка по России, монтаж в регионе - условия уточню. Если брендбук Foton не закрепляет поставщика, пришлите планировку следующего центра - посчитаем за 2 рабочих дня, недостающие данные уточню сама. Если это не ваша зона, перешлите, пожалуйста, коллеге, который отвечает за открытие и оснащение центров.	нет email, только звонок; сначала звонок: узнать имя, письмо после; ЛПР не найден, проверить ГД по ЕГРЮЛ; факт не перепроверен: поиск не выполнялся, факт из сигнала файла
302	Авто Премиум (Тверь)	К12 Автодилер		не найдено		Салон Avatr в Твери: перегородки и зеркала для шоурума	Добрый день! «Авто Премиум» открыл в Твери салон Avatr. В шоуруме по стандарту бренда нужны стеклянные перегородки переговорных и кабинетов, зеркала в зону ожидания, столы переговоров. Мы производим это под размер и брендбук: перегородки - 15-30 рабочих дней с оплаты, зеркала LED 7-12, столы на металле 10-15, доставка по России, монтаж в регионе - условия уточню. Если брендбук Avatr не закрепляет поставщика, пришлите планировку следующего салона - посчитаем за 2 рабочих дня, недостающие данные уточню сама. Если удобнее передать дальше, перешлите, пожалуйста, коллеге, который отвечает за открытие и оснащение салонов.	нет email, только звонок; сначала звонок: узнать имя, письмо после; ЛПР не найден, проверить ГД по ЕГРЮЛ; факт не перепроверен: поиск не выполнялся, факт из сигнала файла
303	Дебрянск Авто	К12 Автодилер		не найдено		ДЦ Haval City в Брянске: перегородки и столы переговоров	Добрый день! «Дебрянск Авто» открывал в Брянске дилерский центр Haval City. В таком центре по стандарту бренда нужны стеклянные перегородки переговорных и кабинетов, столы переговоров, зеркала в зону ожидания. Мы производим это под размер и брендбук: перегородки - 15-30 рабочих дней с оплаты, столы на металле 10-15, доставка по России, монтаж в регионе - условия уточню. Если брендбук Haval City не закрепляет поставщика, пришлите планировку следующего центра - посчитаем за 2 рабочих дня, недостающие данные уточню сама. Если вопрос не к вам, перешлите, пожалуйста, коллеге, который отвечает за открытие и оснащение центров.	нет email, только звонок; сначала звонок: узнать имя, письмо после; ЛПР не найден, проверить ГД по ЕГРЮЛ; факт не перепроверен: поиск не выполнялся, факт из сигнала файла; факт устарел: данные на август 2025, открытие давнее, в письме без даты
304	Натура (сеть кофеен-бистро)	К13 Ресторанные группы и сети	Амбарцум Григорян, сооснователь	ГИПОТЕЗА		Натура: типовой набор зеркал и столов для франшизы	Амбарцум, добрый день! Читала интервью сооснователя «Натуры» от 31 июля: до конца 2026 года вы планируете открыть ещё пять точек и выйти в Москву и ЦФО по франшизе. При франшизе то, что видит гость, лучше зафиксировать в стандарте бренда: зеркала, столы, перегородки. Иначе каждый франчайзи подбирает своё. Мы производим зеркала (в раме 5-10 рабочих дней с оплаты, с подсветкой 7-12), столы на металле (10-15), металл режем и красим сами, стеклянные перегородки. По партии срок подтвердим в расчёте. Пришлите список позиций типовой точки - посчитаем за 2 рабочих дня, недостающие данные уточню сама. Если этим занимается другой человек, подскажите, кому переслать.	проверить ЛПР до отправки; нет email, только звонок; ЛПР взят из входного файла, не перепроверен (в базе также Александр Данилов, сооснователь); факт не перепроверен: поиск не выполнялся, факт из сигнала файла
