№	Компания	Сайт	Сегмент	Регион	Сигнал	Дата	Ссылка	Что предложить	Телефон	Email	ЛПР ФИО	Должность	Уверенность	Источник ЛПР (URL)	Рабочий контакт ЛПР (если публичен)	Факт для письма	Дата факта (ГГГГ-ММ)	Источник факта (URL)	Комментарий
1	VOX Architects	vox-architects.com	К10 Архитектор / дизайн-бюро	Москва	Гран-при Best Office Awards 2026 (AZOT GROUP F-375) + победа «Киберэтаж»	2026-06	https://www.officenext.ru/orientir/article_129616_ofisy-novogo-pokoleniya-itogi/	Стеклянные перегородки (лофт/раздвижные), маркерные доски и столы в спецификации офисных …	+7 499 579-88-24	info@vox-architects.com	Борис Воскобойников	Основатель VOX Architects	ГИПОТЕЗА	https://www.officenext.ru/company/company-8301-vox-architects/about/	общий контакт компании: +7 499 579-88-24 info@vox-architects.com	Гран-при Best Office Awards 2026 за офис AZOT GROUP F-375 на 95 этаже башни «Федерация» (2642 м2, три уровня, стеклянный купол)	2026-05	https://www.architime.ru/activity/2026/competition_premiaboa.htm	Дата страницы о бюро не видна; для К10 лучше найти руководителя комплектации/партнёра по офисам. Церемония BOA 29.05.2026.
2	OFFCON	offcon.ru	К10 Архитектор / дизайн-бюро	Москва	Победа BOA 2026 «Организация пространства» (AVITO) и номинация на Гран-при	2026-06	https://www.officenext.ru/orientir/article_129616_ofisy-novogo-pokoleniya-itogi/	Стеклянные перегородки (лофт/раздвижные), маркерные доски и столы в спецификации офисных …	+7 499 394-45-10	info@offcon.ru	Алексей Литин	Генеральный директор OFFCON (Фёдор Ращевский - партнёр бюро)	ДАННЫЕ	https://offcon.ru/about/	общий контакт компании: +7 499 394-45-10 info@offcon.ru	Победа Best Office Awards 2026 в номинации «Организация пространства» за интерьер AVITO	2026-05	https://www.officenext.ru/orientir/article_129616_ofisy-novogo-pokoleniya-itogi/	Данные со страницы «О бюро» на сайте, дату страницы проверить. Номинация на Гран-при - из исходного файла.
3	ABD architects	abd-architects.ru	К10 Архитектор / дизайн-бюро	Москва	Победы BOA 2026: «Автобан» (комфорт и эргономика) и «Сколково Парк» (с Scott Brownrigg)	2026-06	https://www.officenext.ru/orientir/article_129616_ofisy-novogo-pokoleniya-itogi/	Стеклянные перегородки (лофт/раздвижные), маркерные доски и столы в спецификации офисных …	+7 495 937-76-86	info@abdcom.ru	Илья Левянт	Партнёр ABD architects (основатели: Борис Левянт, Юлия Шишарина; Катерина Левянт - зам. ГД)	ГИПОТЕЗА	https://abd-architects.ru/history	общий контакт компании: +7 495 937-76-86 info@abdcom.ru	Победы Best Office Awards 2026: «Автобан» и «Сколково Парк» (ABD - генпроектировщик, концепция Scott Brownrigg)	2026-05	https://www.officenext.ru/orientir/article_129616_ofisy-novogo-pokoleniya-itogi/	Роль и актуальность Ильи Левянта проверить; ГД юрлица не искали.
4	UNK corporate interiors	unkci.ru	К10 Архитектор / дизайн-бюро	Москва	Победа BOA 2026 (Городские сервисы Яндекса); UNK design — победа BOA 2026 (Летово Джуниор)	2026-06	https://www.officenext.ru/orientir/article_129616_ofisy-novogo-pokoleniya-itogi/	Стеклянные перегородки (лофт/раздвижные), маркерные доски и столы в спецификации офисных …	+7 495 134-19-29	info@unkci.ru	Николай Миловидов; Евгения Чернышева	Руководители UNK corporate interiors	ГИПОТЕЗА	https://www.officenext.ru/company/company-6408-unk-corporate-interiors/about/	общий контакт компании: +7 495 134-19-29 info@unkci.ru	Победа Best Office Awards 2026 за офис «Городские сервисы Яндекса» (проект 2025 года); UNK design - победа за «Летово Джуниор»	2026-05	https://www.officenext.ru/orientir/article_129616_ofisy-novogo-pokoleniya-itogi/	Написание фамилий по транслитерации из выдачи, сверить; должности точнее (кто из двоих ГД) проверить.
5	MORS ARCHITECTS	morsarchitects.com	К10 Архитектор / дизайн-бюро	Москва	Победа BOA 2026 (Laminam Rus)	2026-06	https://www.officenext.ru/orientir/article_129616_ofisy-novogo-pokoleniya-itogi/	Стеклянные перегородки (лофт/раздвижные), маркерные доски и столы в спецификации офисных …	+7 925 916-47-53	info@morsarchitects.com	Виталий Землянский	Член команды MORS ARCHITECTS, контактное лицо по профилю officenext (роль не подтверждена)	ГИПОТЕЗА	https://www.officenext.ru/projects/project-56705-mors-architects/	общий контакт компании: +7 925 916-47-53 info@morsarchitects.com	Победа Best Office Awards 2026 за проект Laminam Rus (по данным исходного файла; подтверждено: MORS - победитель BOA 2023 с шоурумом Laminam и BOA 2025 «Цена и качество» с Positive Technologies)	2026-05	https://www.officenext.ru/orientir/article_129616_ofisy-novogo-pokoleniya-itogi/	Основателя/партнёра не нашли. Победу 2026 подтверждает только исходный файл.
6	ОФИСПРОЕКТ (OFFICEPROJECT)	officeproject.ru	К10 Архитектор / дизайн-бюро	Москва	Победа Best Office Awards 2026 «Общественный интерьер» (БЦ Sadovaya Plaza, МОПы)	2026-06	https://www.officenext.ru/orientir/article_129616_ofisy-novogo-pokoleniya-itogi/	Стеклянные перегородки (лофт/раздвижные), маркерные доски и столы в спецификации офисных …	+7 (495) 916-28-90	mail@officeproject.ru	Ke Chang (написание латиницей по выдаче)	Founding Partner ОФИСПРОЕКТ (по агрегатору, роль не подтверждена)	ГИПОТЕЗА	https://www.officenext.ru/company/company-6403-ofisproekt/about/	общий контакт компании: +7 (495) 916-28-90 mail@officeproject.ru	Победа Best Office Awards 2026 «Общественный интерьер» за МОПы БЦ Sadovaya Plaza	2026-05	https://www.officenext.ru/orientir/article_129616_ofisy-novogo-pokoleniya-itogi/	Также в выдаче: Дмитрий Заводов - директор по коммерции, Денис Лобанов - главный архитектор; выбрать ЛПР руками. В части выдачи проект указан как номинант «Офисы нового поколения», а не победитель - сверить.
7	БАЛКОН Studio (Balcon Studio)	balcon.studio	К10 Архитектор / дизайн-бюро	Москва	Публикация в BURO. о влиянии кино на интерьеры + серия новых проектов в Telegram	2026-09	https://t.me/BalconStudio/2372	Партнёрская программа для дизайнеров; стеклянные перегородки (лофт/раздвижные) и зеркала …	+7 (495) 120-04-36	info@balcon.studio	Анастасия Бондаренко	Основатель студии BALCON	ГИПОТЕЗА	https://balcon.studio/	общий контакт компании: +7 (495) 120-04-36 info@balcon.studio	Публикация в BURO. о влиянии кино на интерьеры и серия новых проектов в Telegram студии	2026-09	https://t.me/BalconStudio/2372	Факт слабый (из исходного файла, не перепроверен). URL источника основателя уточнить. Студия жилая и коммерческая, фит-аут-закупок может не быть.
8	ZONT Hotel Group (ENZO Hotel Moscow)	enzohotel.ru	К11 Отели и гостиничные компании	Москва	Открыт ENZO Hotel Moscow 5*, 130 номеров	2026-05	https://www.mirkvartir.ru/journal/news/2026/05/29/gruppa-otelej-zont/	Зеркала с LED-подсветкой и стеклянные душевые/перегородки санузлов для следующих проектов…	+7 (495) 120-80-17 (отдел про…	sales@enzohotel.ru	Николай Филатов	Генеральный директор и совладелец ZONT Hotel Group	ГИПОТЕЗА	https://welcometimes.ru/opinions/portret-otelera-nikolay-filatov-generalnyy-direktor-i-sovladelec-kompanii-zont-hotel-group	общий контакт компании: +7 (495) 120-80-17 (отдел про… sales@enzohotel.ru	ENZO Hotel Moscow (130 номеров, из них 68 апартаментов с кухнями) в ЖК «Поклонная 9»: техническое открытие 01.03.2026, открытие анонсировано 29.05.2026	2026-05	https://www.mirkvartir.ru/journal/news/2026/05/29/gruppa-otelej-zont/	Дата интервью с Филатовым не видна. По брифу К11 нужен ещё технический директор/директор по развитию - не найден.
9	IFK Hotel Management («Смородина»)	smorodina-hotels.com	К11 Отели и гостиничные компании	Москва	Открыт отель «Чёрная Смородина Сколково» 4*, 165 номеров	2026-07	https://www.frontdesk.ru/article/v-moskve-otkrylsya-otel-chyornaya-smorodina-skolkovo	Зеркала и стеклянные перегородки санузлов для следующих отелей сети; консоли и столы для …	+7 495 787 78 80	sales.chssk@smorodina-hotels.com	Максим Крымский	Генеральный директор и партнёр IFK Hotel Management	ДАННЫЕ	https://ifk-hm.com/about/#comanda	общий контакт компании: +7 495 787 78 80 sales.chssk@smorodina-hotels.com	Отель «Чёрная Смородина Сколково» 4* (165 номеров, конференц-центр 850 м2) в Международном медицинском кластере, флагман бренда «Смородина», под управлением IFK с июня 2026	2026-06	https://www.frontdesk.ru/article/v-moskve-otkrylsya-otel-chyornaya-smorodina-skolkovo	Из исходного файла: Светлана Соколова - генменеджер отеля (не перепроверено). Марсель Измайлов - управляющий партнёр IFK. Данные с командной страницы сайта, дату страницы проверить.
10	Zenith - федеральный отельный оператор	zenithotel.ru	К11 Отели и гостиничные компании	Москва	Вводится ГК «Аметист» (405 номеров, разрешение на ввод 23.04.2026, передача номеров под комплектацию) под управлением Zenith	2026-04	https://ametist-hotel.ru/	стандарт комплектации номеров 4* для новых объектов (зеркала с LED, столы-консоли, стекля…	8 800 777-86-35	owner@dsc-hotel.ru	Андрей Уманский	Исполнительный директор Zenith (операционное управление сети)	ДАННЫЕ	http://zenithotel.ru/	общий контакт компании: 8 800 777-86-35 owner@dsc-hotel.ru	ГК «Аметист» (405 номеров, 16 этажей) вводится под управлением Zenith: разрешение на ввод 23.04.2026, номера передаются под комплектацию	2026-04	https://ametist-hotel.ru/	Катерина Соболева - директор по инвестиционному управлению (из файла и выдачи) может быть ближе к закупкам под комплектацию; выбрать руками. Данные с сайта оператора, дату страницы проверить.
11	Автодом (ГК «Автодом»)	avtodom.ru	К12 Автодилер	Москва	Открыл ДЦ «Волга» «Автодом Измайлово» (Балашиха, шоурум 700 м²) и в СПб	2026-06	https://abreview.ru/ab/news/avtodom_popolnil_portfel_volgoy/	Премиальные стеклянные перегородки и зеркала с LED для клиентских лаунжей, столы перегово…	+7 495 500 50 00		Андрей Ольховский	Генеральный директор ГК «Автодом» (с июля 2019)	ГИПОТЕЗА	https://companies.rbc.ru/news/BD9ulie6Bv/blits-intervyu-andreya-olhovskogo-generalnogo-direktora-gk-avtodom/	общий контакт компании: +7 495 500 50 00	Открыт ДЦ «Волга» «Автодом Измайлово» в Балашихе (шоурум 700 м2), а также точка в Санкт-Петербурге	2026-06	https://abreview.ru/ab/news/avtodom_popolnil_portfel_volgoy/	Для К12 нужен директор по развитию или руководитель строительства/АХО - не найден. Актуальность Ольховского на 2026 не подтверждена.
12	АвтоСпецЦентр (ГК «АвтоСпецЦентр», АСЦ)	ascgroup.ru	К12 Автодилер	Москва	Стал дилером Omoda и Jaecoo, открыл автоцентр в Марьино (шоурум 400 м²)	2026-05	https://abreview.ru/ab/news/asc_stal_dilerom_omoda_i_jaecoo/	Стеклянные перегородки кабинетов и переговорных для новых шоурумов, стойки ресепшн, зерка…	+7 495 089 06 10		Андрей Терлюкевич	Генеральный директор ГК «АвтоСпецЦентр»	ГИПОТЕЗА		общий контакт компании: +7 495 089 06 10	Стал дилером Omoda и Jaecoo, автоцентр в Марьино на Марьинском парке, 1 (шоурум 400 м2)	2026-05	https://abreview.ru/ab/news/asc_stal_dilerom_omoda_i_jaecoo/	ФИО из исходного файла, поиском не подтверждено. Наличие дилерской точки Omoda/Jaecoo в Марьино подтверждено выдачей.
13	Мэйджор (Major Auto)	major-auto.ru	К12 Автодилер	Москва	Открыл 4 шоурума бренда «Умо» в Москве (18 и 47 км МКАД, Сокольники, Новая Рига) + 1 в СПб	2026-06	https://abreview.ru/ab/news/major_otkryvaet_pyat_shou_rumov_umo/	Серийные комплекты для шоурумов-«вставок» новых брендов: перегородки, столы менеджеров, с…	+7 (495) 025-10-10		Михаил Бахтиаров	Основатель и президент «Мэйджор Авто»	ГИПОТЕЗА	https://abreview.ru/ab/persons/13279/	общий контакт компании: +7 (495) 025-10-10	Мэйджор стал дилером бренда «Умо»: продажи «Умо 5» стартуют в четырёх автоцентрах Москвы (18 и 47 км МКАД, Сокольники, Новая Рига) и одном в СПб	2026-06	https://abreview.ru/ab/news/major_otkryvaet_pyat_shou_rumov_umo/	Для К12 нужен директор по развитию/строительству - не найден. Юрлиц «Мэйджор» много, ГД по ЕГРЮЛ не смотрели.
14	Novikov Group	novikovgroup.ru	К13 Ресторанные группы и сети	Москва	Открыт ресторан Magritte в гостинице «Россия» (28 мая 2026)	2026-05	https://posta-magazine.ru/article/magritte-opening-2026/	LED-зеркала для санузлов и гардеробов, стеклянные перегородки для VIP-залов, консоли хост…	+7 (800) 300-74-23	fr@novikov.family	Аркадий Новиков	Основатель Novikov Group	ДАННЫЕ	https://www.novikovgroup.ru/restaurants/detail/magritte/	общий контакт компании: +7 (800) 300-74-23 fr@novikov.family	Ресторан Magritte в гостинице «Россия» открыт 28.05.2026: 155 мест, вид на Зарядье, дизайн Евгении Ужеговой	2026-05	https://posta-magazine.ru/article/magritte-opening-2026/	Основатель не обязательно принимает закупку стекла; руководителя стройки/открытий не нашли.
15	ДЕКОРАЦИЯ (DECORACIA)	decoracia.ru	К14 Салон дизайнерской мебели	Москва	Открыт новый салон на Кутузовском проспекте	2026-08	https://decoracia.ru/news/novyy-salon-na-kutuzovskom-prospekte/	Дилерская программа: стеклянные столы, консоли и LED-зеркала для экспозиции нового салона…	+7 499 472-34-27	info@decoracia.ru			не найдено		общий контакт компании: +7 499 472-34-27 info@decoracia.ru	Открыт второй салон на Кутузовском проспекте, 35 (анонс 11.08.2026), главный салон на Ленинском, 45	2026-08	https://decoracia.ru/news/novyy-salon-na-kutuzovskom-prospekte/	Владельца/руководителя салона в выдаче нет, смотреть ЕГРЮЛ.
16	ASPACE	a.space	К1 Сервисные офисы / коворкинги	Москва	Расширение в STONE Towers до 3 этажей (855 р.м.), запуск IV кв. 2026; сделка 434 р.м. (~3300 кв. м) в «Никольской» с адаптацией п…	2026-09	https://office-news.ru/aspace-sdala-okolo-3-300-kv-m-vo-flagmanskom-proekte-nikolskaya/sdelki/	Стеклянные перегородки для переговорных и кабинетов на новых этажах STONE Towers, LED-зер…	+7 499 677 59 74	sales@a.space	Иван Гуськов	Генеральный директор и основатель ASPACE	ДАННЫЕ	https://100.cre.ru/tproduct/192988192322-ivan-guskov	общий контакт компании: +7 499 677 59 74 sales@a.space	Сделка на 434 р.м. (около 3300 м2) в флагманском проекте «Никольская»; расширение в STONE Towers (запуск IV кв. 2026)	2026-09	https://office-news.ru/aspace-sdala-okolo-3-300-kv-m-vo-flagmanskom-proekte-nikolskaya/sdelki/	Коммерсантъ: ASPACE расширил аренду в STONE Towers (https://www.kommersant.ru/doc/8972206), цифры площади сверить. В файле упомянута ещё Эвелина К. - ФИО обрезано, уточнить. Для fit-out нужен директор по строительству, не найден.
17	Workki	workki.co	К1 Сервисные офисы / коворкинги	Москва	Открыли новую локацию на Тульской (пост «Мы открылись на Тульской» 24.08.2026)	2026-08	https://vk.com/wall-210966184_926	Стеклянные перегородки для кабинетов и переговорных новых блоков, маркерные стеклянные до…	+7 (495) 252-50-05	info@workki.co	Наталья Мормина	Коммерческий директор Workki	ГИПОТЕЗА	https://cre.ru/news/96456	общий контакт компании: +7 (495) 252-50-05 info@workki.co	Workki на Тульской (11 000 м2, 1451 рабочее место) заполнена на 100%		https://cre.ru/news/96456	ВНИМАНИЕ: сигнал из файла («открылись на Тульской 24.08.2026») выглядит неверным - локация Тульская открыта 01.06.2022. Дату новости cre.ru проверить. Новую локацию искать на workki.co/locations/opening_soon/.
18	Практик	praktik.work	К1 Сервисные офисы / коворкинги	Москва	Крупнейшая сделка в сегменте сервисных офисов СПб: штаб-квартира «Газнефтесервиса» (600+ сотрудников) в Практик Охта	2026-09	https://office-news.ru/krupnejshaya-sdelka-v-segmente-servisnyh-ofisov-v-spb-gaznefteservis-organizoval-shtab-kvartiru-v-praktik-ohta/sdelk…	Перегородки и мебель для переговорных под новые площадки и корпоративные штаб-квартиры; в…	+7 (800) 3333-845	info@praktik.work	Евгений Лысый	Управляющий партнёр (по исходному файлу)	ГИПОТЕЗА		общий контакт компании: +7 (800) 3333-845 info@praktik.work	Крупнейшая сделка в сегменте сервисных офисов СПб: «Газнефтесервис» размещает штаб-квартиру (600+ рабочих мест) в Практик Охта (3300 м2, 668 мест)	2026-09	https://www.dp.ru/a/2026/09/03/v-peterburge-zakrita-krupnejshaja	ФИО из исходного файла, поиском не подтверждено. Регион СПб, а не Москва.
19	REFOLIO	refolio.ru	К1 Сервисные офисы / коворкинги	Москва	Вышел на рынок: представлен флагманский премиальный объект на Институтском пер. (лоты 109–600 р.м.)	2026-06	https://office-news.ru/na-rynke-servisnyh-ofisov-poyavilsya-novyj-igrok-novyj-operator-refolio-predstavil-flagmanskij-premialnyj-obekt/tsao/	Премиальные стеклянные перегородки, LED-зеркала, столы из камня/стекла для переговорных и…	+7 (936) 513-03-99	reg@pitchdev.ru	Андрей Новоселов	Управляющий партнёр REFOLIO (в исходном файле - ГД Pitch Development)	ДАННЫЕ	https://dvizhenie.ru/media/7156/na-rynok-ofisnoj-nedvizhimosti-moskvy-vyshel-novyj-servisnyj-operator	общий контакт компании: +7 (936) 513-03-99 reg@pitchdev.ru	Девелопер Pitch Development запустил оператора REFOLIO: первый объект REFOLIO Dostoevsky открыт в июне 2026 на Институтском пер., 2 (лоты 109-600 р.м., объект в собственности)	2026-06	https://office-news.ru/na-rynke-servisnyh-ofisov-poyavilsya-novyj-igrok-novyj-operator-refolio-predstavil-flagmanskij-premialnyj-obekt/tsao/	Уточнить должность Новоселова (управляющий партнёр или ГД Pitch).
20	AOF Group (АОФ Групп)	aofgroup.ru	К2 Офисный дилер-комплектатор	Москва	поставщик мебели в 8 проектах-номинантах Best Office Awards 2026 (Garage Eight 2026, Школа управления Сколково, Нацпроектстрой, Я…	2026-04	https://www.officenext.ru/company/company-55759-aof-group/	стеклянные перегородки и маркерные доски в комплект к мебельным поставкам; столы перегово…	+7 (495) 995-59-93	info@aof.ru	Владимир Андреев	Генеральный директор ООО «АОФ ГРУПП» (с 2016, по ЕГРЮЛ)	ГИПОТЕЗА	https://checko.ru/company/aof-grupp-1057747224336	общий контакт компании: +7 (495) 995-59-93 info@aof.ru	Поставщик мебели в 8 проектах-номинантах Best Office Awards 2026 (в т.ч. Школа управления Сколково); эксклюзивный дилер Haworth в РФ	2026-04	https://www.officenext.ru/company/company-55759-aof-group/	ГД по ЕГРЮЛ, свежесть данных проверить.
21	Стиль Комплект	style-kit.ru	К6 Комплектатор образования	Москва	Оснастили школу №1253 (Пресня) и д/с при школе №2122	2026-05	https://style-kit.ru/novosti/	Стеклянные маркерные доски и зеркала для хореографических залов в пакет комплектации новы…	+7 (495) 255-78-95	info@style-kit.ru			не найдено		общий контакт компании: +7 (495) 255-78-95 info@style-kit.ru	Оснастили школу №1253 (Пресня) и д/с при школе №2122	2026-05	https://style-kit.ru/novosti/	Лимит WebSearch исчерпан, компания не исследована: факт взят из исходного файла и не перепроверен, ЛПР искать вручную.
22	Донстрой	donstroy.moscow	К8 Девелопер	Москва	Получено разрешение на ввод 3-й очереди ЖК «Огни» (Раменки)	2026-09	https://www.kommersant.ru/doc/8984317	Стеклянные перегородки и зеркала для дизайнерских лобби, мебель МОП; выход на службу снаб…	+7 495 925-47-47				не найдено		общий контакт компании: +7 495 925-47-47	Получено разрешение на ввод 3-й очереди ЖК «Огни» (Раменки)	2026-09	https://www.kommersant.ru/doc/8984317	Лимит WebSearch исчерпан, компания не исследована: факт взят из исходного файла и не перепроверен, ЛПР искать вручную.
23	Capital Group	capitalgroup.ru	К8 Девелопер	Москва	Введена в эксплуатацию западная «лента» проекта «Бадаевский»	2026-09	https://capitalgroup.ru/ru/presscenter/news	Зеркала с LED и стеклянные перегородки для МОП/лобби премиальных домов; квалификация чере…	+7 495 771-77-77	zakupki@capitalgroup.ru; tender@capital…			не найдено		общий контакт компании: +7 495 771-77-77 zakupki@capitalgroup.ru; tender@capital…	Введена в эксплуатацию западная «лента» проекта «Бадаевский»	2026-09	https://capitalgroup.ru/ru/presscenter/news	Лимит WebSearch исчерпан, компания не исследована: факт взят из исходного файла и не перепроверен, ЛПР искать вручную.
24	Tekta Group	tekta.ru	К8 Девелопер	Москва	Открыла офис продаж делюкс-проекта «Пыжёвский» в центре Москвы	2026-08	https://tekta.ru/news	Предквалификация по tender@tekta.com: стеклянные перегородки, зеркала, мебель лобби для д…	+7 495 162-66-66	tender@tekta.com			не найдено		общий контакт компании: +7 495 162-66-66 tender@tekta.com	Открыла офис продаж делюкс-проекта «Пыжёвский» в центре Москвы	2026-08	https://tekta.ru/news	Лимит WebSearch исчерпан, компания не исследована: факт взят из исходного файла и не перепроверен, ЛПР искать вручную.
25	AEON Development (Аеон Девелопмент)	aeondevelopment.ru	К8 Девелопер	Москва	Финальные корпуса «Ривер Парк Коломенское» получили разрешения на ввод; завершён монолит 2-й очереди «Ривер Парк Кутузовский» (пе…	2026-04	https://aeondevelopment.ru/news/	Зеркала с LED, стеклянные перегородки и мебель лобби для 2-й очереди «Ривер Парк Кутузовс…	+7 495 981-46-00	press-development@aeoncorp.ru			не найдено		общий контакт компании: +7 495 981-46-00 press-development@aeoncorp.ru	Финальные корпуса «Ривер Парк Коломенское» получили разрешения на ввод; завершён монолит 2-й очереди «Ривер Парк Кутузовский» (пе…	2026-04	https://aeondevelopment.ru/news/	Лимит WebSearch исчерпан, компания не исследована: факт взят из исходного файла и не перепроверен, ЛПР искать вручную.
26	STONE (Стоунхедж)	stone.ru	К8 Девелопер	Москва	Получено разрешение на строительство жилого проекта в Донском районе, запуск в 2026	2026-07	https://slagaemye.ru/2026/07/2661782-polucheno-razreshenie-na-stroitelstvo-zhi	Стеклянные перегородки и маркерные доски для БЦ под ключ, зеркала/мебель лобби; выход на …	+7 495 432-00-00	info@stone.ru			не найдено		общий контакт компании: +7 495 432-00-00 info@stone.ru	Получено разрешение на строительство жилого проекта в Донском районе, запуск в 2026	2026-07	https://slagaemye.ru/2026/07/2661782-polucheno-razreshenie-na-stroitelstvo-zhi	Лимит WebSearch исчерпан, компания не исследована: факт взят из исходного файла и не перепроверен, ЛПР искать вручную.
27	Галс-Девелопмент	hals-development.ru	К8 Девелопер	Москва	В бизнес-центре класса Prime «Север» завершены монолитные работы — переход к фасадам и отделке	2026-09	https://hals-development.ru/presscenter/news	Стеклянные перегородки и маркерные доски для БЦ «Север», зеркала/мебель лобби ЖК; поставк…	+7 495 725-55-55	zakupki@hals-development.ru; tenders@ha…			не найдено		общий контакт компании: +7 495 725-55-55 zakupki@hals-development.ru; tenders@ha…	В бизнес-центре класса Prime «Север» завершены монолитные работы - переход к фасадам и отделке	2026-09	https://hals-development.ru/presscenter/news	Лимит WebSearch исчерпан, компания не исследована: факт взят из исходного файла и не перепроверен, ЛПР искать вручную.
28	ASTERUS	asterus-development.com	К8 Девелопер	Москва	01.07.2026 — старт ревитализации бывшего завода «Кристалл»; 07.07.2026 — начато строительство поликлиники в ÁЛИA	2026-07	https://asterus-development.com/news/	стеклянные перегородки и зеркала для МОП ÁЛИA и общественных/офисных пространств «Кристал…	+7 (495) 122-00-24	info@asterus-development.com			не найдено		общий контакт компании: +7 (495) 122-00-24 info@asterus-development.com	01.07.2026 - старт ревитализации бывшего завода «Кристалл»; 07.07.2026 - начато строительство поликлиники в ÁЛИA	2026-07	https://asterus-development.com/news/	Лимит WebSearch исчерпан, компания не исследована: факт взят из исходного файла и не перепроверен, ЛПР искать вручную.
29	ST MICHAEL	stmichael.ru	К8 Девелопер	Москва	открыт тендер №99 на мебель для МОП, лобби и офиса УК «Квартала Серебряный бор», приём заявок до 12.10.2026	2026-09	https://stmichael.ru/tenders	СРОЧНО: заявка в тендер №99 до 12.10.2026 — мебель МОП/лобби, зеркала, стеклянные перегор…	+7 (495) 150-75-37	lkononenko@stmichael.ru	Любовь Кононенко	Контакт по тендерам (по исходному файлу, роль не подтверждена)	ГИПОТЕЗА		общий контакт компании: +7 (495) 150-75-37 lkononenko@stmichael.ru	открыт тендер №99 на мебель для МОП, лобби и офиса УК «Квартала Серебряный бор», приём заявок до 12.10.2026	2026-09	https://stmichael.ru/tenders	Лимит WebSearch исчерпан, компания не исследована: факт взят из исходного файла и не перепроверен, ЛПР искать вручную. ФИО из исходного файла.
30	КОЛДИ (Coldy)	coldy.info	К8 Девелопер	Москва	Открыты тендеры по объектам (в т.ч. дизайнерская отделка) с сентября 2026 по март 2027	2026-09	https://coldy.info/tender	участие в тендере на дизайнерскую отделку: стеклянные перегородки для БЦ СОЛИД/ЛЕВЕНТ, зе…	+7 (495) 186-68-54	info@coldy.ru			не найдено		общий контакт компании: +7 (495) 186-68-54 info@coldy.ru	Открыты тендеры по объектам (в т.ч. дизайнерская отделка) с сентября 2026 по март 2027	2026-09	https://coldy.info/tender	Лимит WebSearch исчерпан, компания не исследована: факт взят из исходного файла и не перепроверен, ЛПР искать вручную.
31	SPS	sps-com.com	К9 Fit-out подрядчик	Москва	3 новых проекта опубликованы на officenext: коворкинг «Рабочая станция Black», реновация БЦ «Ново», флагманский офис «Брусники» в…	2026-09	https://www.officenext.ru/projects/project-130765-kovorking-rabochaya-stantsiya-black/	Стеклянные перегородки (лофт/раздвижные) и маркерные доски в серию офисных проектов, парт…	+7 (495) 166-39-15	info@sps-com.com			не найдено		общий контакт компании: +7 (495) 166-39-15 info@sps-com.com	3 новых проекта опубликованы на officenext: коворкинг «Рабочая станция Black», реновация БЦ «Ново», флагманский офис «Брусники» в…	2026-09	https://www.officenext.ru/projects/project-130765-kovorking-rabochaya-stantsiya-black/	Лимит WebSearch исчерпан, компания не исследована: факт взят из исходного файла и не перепроверен, ЛПР искать вручную.
32	ARC (АРС)	arc-fitout.com	К9 Fit-out подрядчик	Москва	Офис Avito в Санкт-Петербурге опубликован на officenext (генподрядчик АРС)	2026-09	https://www.officenext.ru/projects/project-130865-ofis-avito-v-sankt-peterburge/	Перегородки и стеклянные маркерные доски для крупных корпоративных офисов (Avito/HH), рам…	+7 495 646 81 13	hireus@arc-fitout.com			не найдено		общий контакт компании: +7 495 646 81 13 hireus@arc-fitout.com	Офис Avito в Санкт-Петербурге опубликован на officenext (генподрядчик АРС)	2026-09	https://www.officenext.ru/projects/project-130865-ofis-avito-v-sankt-peterburge/	Лимит WebSearch исчерпан, компания не исследована: факт взят из исходного файла и не перепроверен, ЛПР искать вручную.
33	АДЮТОН-Н	aduton-n.com	К9 Fit-out подрядчик	Москва	4 офиса-номинанта Best Office Awards 2026: Астра, Яндекс «Лотте Плаза», Городские сервисы Яндекса, Технониколь	2026-04	https://www.officenext.ru/projects/project-119131-astra-/	Стеклянные перегородки и доски для офисов IT-клиентов, спец-условия D&B-партнёра	+7 495 409-96-90	info@aduton-n.ru			не найдено		общий контакт компании: +7 495 409-96-90 info@aduton-n.ru	4 офиса-номинанта Best Office Awards 2026: Астра, Яндекс «Лотте Плаза», Городские сервисы Яндекса, Технониколь	2026-04	https://www.officenext.ru/projects/project-119131-astra-/	Лимит WebSearch исчерпан, компания не исследована: факт взят из исходного файла и не перепроверен, ЛПР искать вручную.
34	Гинт-М (ГК)	gint-m.ru	К9 Fit-out подрядчик	Москва	Офисы Школы управления Сколково и Нацпроектстроя — номинанты Best Office Awards 2026	2026-04	https://www.officenext.ru/projects/project-119040-shkola-upravleniya-skolkovo-/	Перегородки лофт/распашные двери и маркерные доски в офисные fit-out проекты	+7 (495) 755-57-80				не найдено		общий контакт компании: +7 (495) 755-57-80	Офисы Школы управления Сколково и Нацпроектстроя - номинанты Best Office Awards 2026	2026-04	https://www.officenext.ru/projects/project-119040-shkola-upravleniya-skolkovo-/	Лимит WebSearch исчерпан, компания не исследована: факт взят из исходного файла и не перепроверен, ЛПР искать вручную.
35	CONTE (КОНТЕ)	contegroup.ru	К9 Fit-out подрядчик	Москва	Офис VK в Москве — номинант Best Office Awards 2026, строительная компания CONTE	2026-04	https://www.officenext.ru/projects/project-118778-vk-moskva/	Перегородки, двери и маркерные доски для офисов и школ (Летово)	+7 (495) 150-80-48	info@contegroup.ru			не найдено		общий контакт компании: +7 (495) 150-80-48 info@contegroup.ru	Офис VK в Москве - номинант Best Office Awards 2026, строительная компания CONTE	2026-04	https://www.officenext.ru/projects/project-118778-vk-moskva/	Лимит WebSearch исчерпан, компания не исследована: факт взят из исходного файла и не перепроверен, ЛПР искать вручную.
36	CreConstruction	creconstruction.ru	К9 Fit-out подрядчик	Москва	Офис «Терем» — номинант Best Office Awards 2026; на сайте текущие объекты iCity (авг 2026)	2026-08	https://www.officenext.ru/projects/project-118975-terem/	Перегородки и доски для текущих объектов в iCity, фикс-цены под их модель	+7 (495) 151-42-07	info@creconstruction.ru			не найдено		общий контакт компании: +7 (495) 151-42-07 info@creconstruction.ru	Офис «Терем» - номинант Best Office Awards 2026; на сайте текущие объекты iCity (авг 2026)	2026-08	https://www.officenext.ru/projects/project-118975-terem/	Лимит WebSearch исчерпан, компания не исследована: факт взят из исходного файла и не перепроверен, ЛПР искать вручную.
37	Реновель (Renowell)	renowell.ru	К9 Fit-out подрядчик	Москва	Офисы «Европейская Электротехника» и VK Санкт-Петербург — номинанты Best Office Awards 2026 (строительная компания Реновель)	2026-04	https://www.officenext.ru/projects/project-118922-x/	Стеклянные перегородки, маркерные доски и столы в комплектацию офисов под ключ (они сами …		info@renowell.ru	Андрей Опарин	Генеральный директор (по исходному файлу)	ГИПОТЕЗА		общий контакт компании: info@renowell.ru	Офисы «Европейская Электротехника» и VK Санкт-Петербург - номинанты Best Office Awards 2026 (строительная компания Реновель)	2026-04	https://www.officenext.ru/projects/project-118922-x/	Лимит WebSearch исчерпан, компания не исследована: факт взят из исходного файла и не перепроверен, ЛПР искать вручную. ФИО из исходного файла.
38	Palmira Hotels (Palmira Istra Resort)	palmira-istra.ru	К11 Отели и гостиничные компании	МО	Открыт 5* курорт Palmira ISTRA Resort (285 номеров, 11 коттеджей)	2026-09	https://hospitalityguide.ru/news/gostinichnyj-biznes-dajdzhest-klyuchevyh-novostej/	Зеркала с подсветкой, стеклянные перегородки для спа и клиники; дизайнерские столы для ре…	+7 (495) 994-41-00	info@palmira-istra.ru			не найдено		общий контакт компании: +7 (495) 994-41-00 info@palmira-istra.ru	Открыт 5* курорт Palmira ISTRA Resort (285 номеров, 11 коттеджей)	2026-09	https://hospitalityguide.ru/news/gostinichnyj-biznes-dajdzhest-klyuchevyh-novostej/	Лимит WebSearch исчерпан, компания не исследована: факт взят из исходного файла и не перепроверен, ЛПР искать вручную. Сегмент К11.
39	ГК Основа	gk-osnova.ru	К8 Девелопер	МО	Тендеры на чистовую отделку МОП (№1201, 1223, 1224) на своей ЭТП, приём заявок до 05–08.10.2026	2026-09	https://tender.gk-osnova.ru/	Зеркала, перегородки и столы для МОП/лобби + курортов Ерино/Термоленд; заявка на ЭТП	8 (499) 753-63-33	v.shamshin@gk-osnova.ru	Евгений Владимирович Попов	Генеральный директор АО «ГК ОСНОВА» (ГД по ЕГРЮЛ)	ДАННЫЕ	https://zachestnyibiznes.ru/company/ul/1167746614530_9715264590_AO-GK-OSNOVA	общий: 8 (499) 753-63-33; v.shamshin@gk-osnova.ru (с сайта, не личный ЛПР)	Тендеры на чистовую отделку МОП (№1201, 1223, 1224) на своей ЭТП, приём заявок до 05–08.10.2026	2026-09	https://tender.gk-osnova.ru/	ГД с 07.09.2018 по выдаче, данные на 09.2026. Также в выдаче: Игорь Сибренков - коммерческий директор, Олег Колченко - управляющий партнёр (novostroy-m.ru/kompanii/gk_osnova/leadership, дата не проверена). Директора по закупкам не найдено. Есть второе юрлицо ООО «ГК ОСНОВА» (Москва) - уточнить, кто заказчик тендеров на ЭТП.
40	ГК Вектор	вектор.рф	К8 Девелопер	МО	Тендер 25.08.2026 на СМР административно-делового комплекса с подземной стоянкой (Одинцово), ГК победитель WOW Awards 2026	2026-09	https://вектор.рф/tendery	Перегородки и зеркала для офисов/МОП будущего АДК в Одинцово; следить за /tendery и заяви…	+7 (495) 021-21-40				не найдено		+7 (495) 021-21-40 (общий, с сайта)	Тендер на СМР административно-делового комплекса в Одинцово (ул. Маршала Жукова), публикуется на странице /tendery сайта ГК	2026-08	https://вектор.рф/tendery	ЛПР не найден. Управление ведёт ООО «УК Вектор» (на 07.2024). Антон Валерьевич Бондаренко ранее руководил АО СЗ «Вектор Недвижимости» - данные старые, не подтверждены, в ЛПР не ставил. Проверить руками ГД УК Вектор.
41	IND (Международное бюро IND)	ind.studio	К10 Архитектор / дизайн-бюро	Москва	Победа BOA 2026 (AFI FLEX, гибкие офисы)	2026-06	https://www.officenext.ru/orientir/article_129616_ofisy-novogo-pokoleniya-itogi/	Стеклянные перегородки (лофт/раздвижные), маркерные доски и столы в спецификации офисных …			Амир Идиатулин	Основатель и главный архитектор IND architects	ДАННЫЕ	https://ind.studio/en/team		AFI FLEX (AFI Gallery у Белорусской, 10 948 м², около 1 400 рабочих мест) - победитель Best Office Awards 2026 в номинации «Сервисные офисы», проект бюро IND	2026-06	https://www.officenext.ru/orientir/article_129616_ofisy-novogo-pokoleniya-itogi/	Также партнёр и главный архитектор Андрей Сидоров (ind.studio/en/team). По странице команды на сайте бюро, дата обновления не проверялась. Руководителя комплектации не найдено.
42	AZIMUT Hotels	azimuthotels.com	К11 Отели и гостиничные компании	Москва	Анонс AZIMUT Сити Отель Нижегородская на 246 номеров в БЦ Level work (с Level Group)	2026-05	https://abn.agency/2026/05/28/azimut-hotels-otkroet-chetyrehzvezdochnyj-otel-na-yugo-vostoke-moskvy/	Типовые зеркала с подсветкой и стеклянные перегородки санузлов для новых AZIMUT; стеклянн…			Максим Бродовский	Генеральный директор AZIMUT Hotels	ДАННЫЕ	https://welcometimes.ru/news/azimut-hotels-otkroet-novyy-otel-v-nizhegorodskom-rayone-moskvy		AZIMUT City Hotel Нижегородская: 246 номеров, 20 этажей, свыше 12 000 м² в БЦ Level work Нижегородская (Level Group); открытие по выдаче в 2028 году	2026-05	https://abn.agency/2026/05/28/azimut-hotels-otkroet-chetyrehzvezdochnyj-otel-na-yugo-vostoke-moskvy/	Бродовский - ГД с 12.2018, комментировал проект в 2026. Технического директора и директора по развитию сети не найдено. Срок открытия 2028 - не писать «скоро откроется».
43	Рольф (ГК «Рольф»)	rolf.ru	К12 Автодилер	Москва	Открыл новый ДЦ GAC на локации «Рольф Волгоградский» (шоурум 400+ м²)	2026-09	https://abreview.ru/ab/news/rolf_otkryl_shou_rum_gac_v_moskve/	Типовое решение для шоурумов новых брендов: стеклянные перегородки кабинетов менеджеров и…			Светлана Викторовна Виноградова	Генеральный директор АО «РОЛЬФ»	ДАННЫЕ	https://abreview.ru/ab/news/rolf_naznachil_novogo_rukovoditelya/		Открыл новый ДЦ GAC на локации «Рольф Волгоградский» (шоурум 400+ м²)	2026-09	https://abreview.ru/ab/news/rolf_otkryl_shou_rum_gac_v_moskve/	Назначена 24.02.2025 по выдаче (rusprofile/rbc). Заголовок sostav.ru «В автодилере Рольф снова сменился гендиректор» - проверить, нет ли смены после 02.2025. Руководителя строительства/развития не найдено.
44	Авилон (АГ «Авилон»)	avilon.ru	К12 Автодилер	Москва	Открыл 5-й мультибрендовый салон «Авилон автомобили с пробегом» на 23 км Киевского ш. (7671 м², ТЦ «Фэмили рум»)	2026-05	https://abreview.ru/ab/news/avilon_otkryl_pyatyy_multibrendovyy_salon/	Стеклянные перегородки кабинетов оценки/выдачи и переговорных в новых площадках, столы пе…			Александр Сергеевич Волчков	Генеральный директор АО «Авилон АГ» (ГД по ЕГРЮЛ)	ДАННЫЕ	https://www.rusprofile.ru/id/501399		Открыл 5-й мультибрендовый салон «Авилон автомобили с пробегом» на 23 км Киевского ш. (7671 м², ТЦ «Фэмили рум»)	2026-05	https://abreview.ru/ab/news/avilon_otkryl_pyatyy_multibrendovyy_salon/	Назначен 23.10.2025 по выдаче. Директора по строительству/развитию не найдено.
45	Панавто	panavto.ru	К12 Автодилер	Москва	Стал представителем премиального бренда «Сенат» — продажи в «Панавто Запад» и «Панавто Сити»	2026-08	https://abreview.ru/ab/news/panavto_stal_predstavitelem_brenda_senat/	Премиальные перегородки и зеркала для клиентской зоны «Сенат», столы переговоров			Кирилл Николаевич Павлович	Управляющий партнёр «Панавто» (в 2006-2022 совладелец и ГД)	ГИПОТЕЗА	https://abreview.ru/ab/persons/23315/		13.08.2026 «Панавто» стал представителем российского бренда «Сенат»; продажи стартовали в дилерских центрах «Панавто Запад» и «Панавто Сити»	2026-08	https://abreview.ru/ab/news/panavto_stal_predstavitelem_brenda_senat/	Действующего ГД группы не нашёл, профиль Павловича без даты обновления. В ЕГРЮЛ есть несколько разных ООО «Панавто» (стройкомпания в Заречье и др.) - не путать, это другие юрлица.
46	White Rabbit Family	whiterabbitfamily.com	К13 Ресторанные группы и сети	Москва	Анонс нового ресторана RARE (открытие 2026) на сайте холдинга; франшизный ресторан в Тюмени (май 2026)	2026-05	https://72.ru/text/business/2026/05/28/76446224/	LED-зеркала и перегородки в стандарт франшизы (типовой комплект на открытие), зеркала для…			Борис Зарьков	Основатель White Rabbit Family	ГИПОТЕЗА	https://events.vedomosti.ru/speakers/zarkov-boris-2216		Анонс нового ресторана RARE (открытие 2026) на сайте холдинга; франшизный ресторан в Тюмени (май 2026)	2026-05	https://72.ru/text/business/2026/05/28/76446224/	В выдаче также Артём Павленко как генеральный директор WRF (URL не зафиксирован, не проверено). Директора по развитию/стройке не найдено. Проект RARE в 2026 подтверждён на wrf.su, детали и дата открытия не проверены.
47	Lucky Group	lucky.rest	К13 Ресторанные группы и сети	Москва	16 сентября 2026 открыто гастропространство Lucky Place на Большой Никитской (на месте кластера T1)	2026-09	https://www.buro247.ru/news/life/16-sep-2026-lucky-group-new-space.html	Зеркала с LED и декоративные перегородки для нового Lucky Place, столы/консоли			Богдан Панченко; Иван Кукарских	Сооснователи Lucky Group (основана в 2017)	ДАННЫЕ	https://style.rbc.ru/food_and_wine/683599059a7947320d267c52		16 сентября 2026 открыто гастропространство Lucky Place на Большой Никитской (на месте кластера T1)	2026-09	https://www.buro247.ru/news/life/16-sep-2026-lucky-group-new-space.html	Источник - материал RBC Style о команде группы (2025). Руководителя стройки/открытий не найдено. Lucky Place подтверждён theblueprint.ru/news/41925.
48	Pinskiy&Co	pinskiy.co	К13 Ресторанные группы и сети	Москва	LOONA открывается в центре Воронежа в июне 2026 (первый проект группы в городе)	2026-06	https://abireg.ru/newsitem/112182/	LED-зеркала, перегородки и консоли для новых залов			Антон Пинский	Основатель и Group CEO Pinskiy&Co Hospitality	ДАННЫЕ	https://hotelandcatering.com/40-fb-all-stars-2025/40-fb-all-stars-anton-pinsky		LOONA открывается в центре Воронежа в июне 2026 (первый проект группы в городе)	2026-06	https://abireg.ru/newsitem/112182/	Группа около 70 заведений по выдаче (2025). Поиск показал LOONA на Тверском бульваре, 24с1 в Москве; воронежский проект из файла (abireg.ru) отдельно не подтверждён. Не путать с Александром Пинским (IT, другой человек).
49	DDX Fitness	ddxfitness.ru	К13 Ресторанные группы и сети	Москва	Открыт 175-й клуб сети в России (16-й в Санкт-Петербурге), сентябрь 2026	2026-09	https://industrysport.ru/novosti/news_post/ddx-fitness-otkryl-16-j-fitnes-klub-v-sankt-peterburge	Серийные зеркала для залов и раздевалок (LED-зеркала у фенов), перегородки ресепшн — рамо…			Владимир Курдин	Директор по развитию (и франчайзингу) DDX Fitness	ГИПОТЕЗА	https://ko.ru/news/ddx-fitness-otkryl-100-y-klub-v-rossii/		Открыт 175-й клуб сети в России (16-й в Санкт-Петербурге), сентябрь 2026	2026-09	https://industrysport.ru/novosti/news_post/ddx-fitness-otkryl-16-j-fitnes-klub-v-sankt-peterburge	Курдин найден по выдаче, точная страница с должностью не открывалась (ссылка - одна из новостей по запросу), проверить. Иван Ситников - основатель и гендиректор (по файлу/cre.ru), подтверждён выдачей.
50	World Class	worldclass.ru	К13 Ресторанные группы и сети	Москва	10 августа 2026 открыт клуб World Class Селигерская (2 774 м², бассейн 25 м)	2026-08	https://yogajournal.ru/news/v-moskve-otkrylsya-fitnes-klub-s-25-metrovym-basseynom-i-panoramnymi-oknami_680_617/	LED-зеркала для раздевалок и спа, стеклянные перегородки для студий и кабинетов, консоли …					не найдено			10 августа 2026 открыт клуб World Class Селигерская (2 774 м², бассейн 25 м)	2026-08	https://yogajournal.ru/news/v-moskve-otkrylsya-fitnes-klub-s-25-metrovym-basseynom-i-panoramnymi-oknami_680_617/	Страница руководства worldclass.ru/management не открылась (прокси), лимит поиска исчерпан. Клуб Селигерская по выдаче: ТЦ Avenue Север на Коровинском шоссе, открытие 10.08.2026.
51	Spirit. Fitness	spiritfit.ru	К13 Ресторанные группы и сети	Москва	Анонс открытия клуба на Ферганской улице осенью 2026	2026-09	https://1dom.ru/news/135999/	Зеркала для залов и раздевалок (в т.ч. LED), стеклянные перегородки студий групповых прог…			Галина Курносова	Директор по развитию сети Spirit. Fitness	ГИПОТЕЗА	https://spiritfit.ru/		Анонс открытия клуба на Ферганской улице осенью 2026	2026-09	https://1dom.ru/news/135999/	Имя из сниппета выдачи, страница-источник не зафиксирована, проверить. На spiritfit.ru уже есть страница клуба «Ферганская» - проверить, анонс это или клуб уже открыт. Также в выдаче: два клуба в ТРЦ группы «Ташир» откроются 25.07.2026 (retail.ru), не проверено.
52	XFIT	xfit.ru	К13 Ресторанные группы и сети	Москва	XFIT откроет трёхэтажный клуб XFIT ONLY в небоскрёбе iCity «Москва-Сити» (2026)	2026-03	https://realty.ria.ru/20260311/fitnes-klub-2079880471.html	Типовые LED-зеркала и перегородки для студий в ЖК + премиальный комплект для iCity			Георгий Летунов	Президент X-Fit Group (по выдаче, без даты)	ГИПОТЕЗА	https://franshiza.ru/news/read/xfit_group_otkryvaet_yubileynyi_fitnes_club/		XFIT Only iCity: трёхэтажный клуб около 3 000 м² в башне iCity (Москва-Сити), бассейн с панорамным видом, термальный комплекс, гольф-симуляторы; открытие осенью 2026	2026-03	https://www.kommersant.ru/doc/8497979	Летунов указан в выдаче без даты и с неточной привязкой к URL - вероятно устарел, проверить руками. Основатель сети Игорь Лукашов (1989). Актуального ГД и руководителя развития не найдено.
53	Crocus Fitness	crocusfitness.com	К13 Ресторанные группы и сети	Москва	Открыт новый клуб на «Чкалов Арене» (апрель 2026)	2026-04	https://www.m24.ru/videos/29042026/896144	LED-зеркала для раздевалок и СПА, стеклянные перегородки					не найдено			Открыт новый клуб на «Чкалов Арене» (апрель 2026)	2026-04	https://www.m24.ru/videos/29042026/896144	ЛПР и факт не искались: лимит WebSearch на сессию исчерпан (200/200). Факт взят из файла, не перепроверен.
54	Тигрус		К13 Ресторанные группы и сети	Москва	Открыто грузинское бистро «Швили» в Парке Горького (август 2026)	2026-08	https://shopandmall.ru/news/tigrus-prisel-v-park-gorkogo-v-moskve	Типовые зеркала и перегородки в стандарт франшизы «Швили», LED-зеркала санузлов					не найдено			Открыто грузинское бистро «Швили» в Парке Горького (август 2026)	2026-08	https://shopandmall.ru/news/tigrus-prisel-v-park-gorkogo-v-moskve	ЛПР и факт не искались: лимит WebSearch на сессию исчерпан (200/200). Факт взят из файла, не перепроверен.
55	REMY Kitchen Bakery		К13 Ресторанные группы и сети	Москва	Открыт 13-й ресторан сети в галерее «Чкалов» (180 м², 60 мест), август 2026	2026-08	https://restoranoved.ru/articles/news/new-projects/otkrylsya-13-j-restoran-seti-remy-kitchen-bakery/	LED-зеркала, стеклянные перегородки, столы и консоли для новых ресторанов					не найдено			Открыт 13-й ресторан сети в галерее «Чкалов» (180 м², 60 мест), август 2026	2026-08	https://restoranoved.ru/articles/news/new-projects/otkrylsya-13-j-restoran-seti-remy-kitchen-bakery/	ЛПР и факт не искались: лимит WebSearch на сессию исчерпан (200/200). Факт взят из файла, не перепроверен.
56	Ресторанная группа Алексея Ольхового		К13 Ресторанные группы и сети	Москва	22 мая 2026 открыт клубно-событийный ресторан «Нюанс» в Столешниковом переулке, 11	2026-05	https://restorating.ru/msk/articles/restoran-nyuans-otkrylsya-v-stoleshnikovom-pereulke	Декоративные и LED-зеркала, стеклянные перегородки, консоли для событийных пространств					не найдено			22 мая 2026 открыт клубно-событийный ресторан «Нюанс» в Столешниковом переулке, 11	2026-05	https://restorating.ru/msk/articles/restoran-nyuans-otkrylsya-v-stoleshnikovom-pereulke	ЛПР и факт не искались: лимит WebSearch на сессию исчерпан (200/200). Факт взят из файла, не перепроверен.
57	Урюк		К13 Ресторанные группы и сети	Москва	Открыт ресторан «Урюк» в новой концепции с 3 VIP-комнатами (апрель 2026)	2026-04	https://shopandmall.ru/news/set-restoranov-uruk-igraet-po-krupnomu	Стеклянные перегородки для VIP-комнат, LED-зеркала, столы			Антон Винер	Ресторатор (по файлу, buro314.ru)	ГИПОТЕЗА			Открыт ресторан «Урюк» в новой концепции с 3 VIP-комнатами (апрель 2026)	2026-04	https://shopandmall.ru/news/set-restoranov-uruk-igraet-po-krupnomu	ЛПР и факт не искались: лимит WebSearch на сессию исчерпан (200/200). ЛПР из файла, не перепроверен, роль в бренде «Урюк» уточнить.
58	Statio (Статио)	statio.pro	К2 Офисный дилер-комплектатор	Москва	поставщик мебели в 9 проектах-номинантах Best Office Awards 2026, из них 4 реализованы в 2026 (AVITO, HeadHunter, F-375, Киберэта…	2026-04	https://www.officenext.ru/orientir/article_119272_proekty-nominanty-2026/	стеклянные перегородки и маркерные доски для переговорных в проектах AVITO/HH-уровня; сто…					не найдено			поставщик мебели в 9 проектах-номинантах Best Office Awards 2026, из них 4 реализованы в 2026 (AVITO, HeadHunter, F-375, Киберэта…	2026-04	https://www.officenext.ru/orientir/article_119272_proekty-nominanty-2026/	ЛПР и факт не искались: лимит WebSearch на сессию исчерпан (200/200). Факт взят из файла, не перепроверен.
59	РГ-Девелопмент	rg-dev.ru	К8 Девелопер	Москва	Вошла в топ-10 девелоперов Москвы по объёму ввода жилья (77 274 м² за 1П2026)	2026-08	https://rg-dev.ru/press/news/2026/1167/	Стекло/зеркала и мебель лобби для клубного дома «Михалковский» и МФК «Ориент Экспресс»; р…					не найдено			Вошла в топ-10 девелоперов Москвы по объёму ввода жилья (77 274 м² за 1П2026)	2026-08	https://rg-dev.ru/press/news/2026/1167/	ЛПР и факт не искались: лимит WebSearch на сессию исчерпан (200/200). Факт взят из файла, не перепроверен.
60	ГК Гранель	granelle.ru	К8 Девелопер	МО	Анонсирован новый проект бизнес-класса (две башни, бюро APEX, Даниловский р-н)	2026-09	https://granelle.ru/press/news/	Зеркала и перегородки для МОП/лобби бизнес-проекта и БЦ; регистрация на tender.granelle.ru					не найдено			Анонсирован новый проект бизнес-класса (две башни, бюро APEX, Даниловский р-н)	2026-09	https://granelle.ru/press/news/	ЛПР и факт не искались: лимит WebSearch на сессию исчерпан (200/200). Факт взят из файла, не перепроверен.
61	3А Отель (ТриА Девелопмент)	3ahotel.ru	К11 Отели и гостиничные компании	Владимирская область	16.09.2026 открыт 3А Ярославль (49 номеров, 240 млн ₽); идёт проектирование 3А Рыбинск	2026-09	https://yarcube.ru/newsletter/ryadom-s-yaroslavlem-otkryli-novyy-putevoy-otel	типовой пакет на серию: зеркала в санузлы и номера, перегородки душевых, столы/стойки для…	8 800 302 33 52				не найдено			16.09.2026 открыт 3А Ярославль (49 номеров, 240 млн ₽); идёт проектирование 3А Рыбинск	2026-09	https://yarcube.ru/newsletter/ryadom-s-yaroslavlem-otkryli-novyy-putevoy-otel	ЛПР и факт не искались: лимит WebSearch на сессию исчерпан (200/200). Факт взят из файла, не перепроверен.
62	Atelika Hotel Group	atelika.ru	К11 Отели и гостиничные компании	Курская область	15.10.2026 откроется клубный отель Atelika Grand Rakhol под Курском после полной реконструкции	2026-09	https://www.interfax-russia.ru/tourism/news/v-kurskoy-oblasti-15-oktyabrya-otkroetsya-klubnyy-otel-atelika-grand-rahol-3	срочно: зеркала/перегородки санузлов и мебель лобби к открытию Рахоль; рамочный договор н…	+7 (499) 681-41-82 (отдел раз…				не найдено			15.10.2026 откроется клубный отель Atelika Grand Rakhol под Курском после полной реконструкции	2026-09	https://www.interfax-russia.ru/tourism/news/v-kurskoy-oblasti-15-oktyabrya-otkroetsya-klubnyy-otel-atelika-grand-rahol-3	ЛПР и факт не искались: лимит WebSearch на сессию исчерпан (200/200). Факт взят из файла, не перепроверен.
63	Васта Отель Менеджмент (курорт «Завидово»)	vastahotels.com	К11 Отели и гостиничные компании	Тверская область	Ребрендинг Radisson Residences Zavidovo в «Бревис от Васта», объединение корпусов	2026-09	https://vastahotels.com/hotels/brevis-classic-vasta-zavidovo/news/apart-otel-radisson-residences-zavidovo-menyaet-imya-na-brevis-ot-vasta/	Рамочный договор на зеркала и душевые перегородки для новых корпусов и ребрендинга; мебел…	+7 (800) 201-70-00	reservations@zavidovopark.com	Евгений Макаров	Генеральный директор Васта Отель Менеджмент (по файлу)	ГИПОТЕЗА			Ребрендинг Radisson Residences Zavidovo в «Бревис от Васта», объединение корпусов	2026-09	https://vastahotels.com/hotels/brevis-classic-vasta-zavidovo/news/apart-otel-radisson-residences-zavidovo-menyaet-imya-na-brevis-ot-vasta/	ЛПР и факт не искались: лимит WebSearch на сессию исчерпан (200/200). ЛПР из файла, не перепроверен.
64	Боравто (ГК «Боравто»)	borauto.ru	К12 Автодилер	Воронежская область	Открыл два новых ДЦ в Липецке (Jetour/Chery/Tenet и Solaris/Omoda/Jaecoo/Jeland)	2026-07	https://borauto.ru/news/v-lipecke-otkrylis-dva-novyh-dilerskih-centra-boravto	Типовые перегородки и мебель для новых мультибрендовых ДЦ	+7 (474) 278-00-01				не найдено			Открыл два новых ДЦ в Липецке (Jetour/Chery/Tenet и Solaris/Omoda/Jaecoo/Jeland)	2026-07	https://borauto.ru/news/v-lipecke-otkrylis-dva-novyh-dilerskih-centra-boravto	ЛПР и факт не искались: лимит WebSearch на сессию исчерпан (200/200). Факт взят из файла, не перепроверен.
65	Ника (Владимир)		К6 Комплектатор образования	Владимирская область	Контракт 30.05.2026 на 32,7 млн руб. — учебные столы для МКУ «УКС г. Пензы» (оснащение новой школы); 04.08.2026 — кухонная мебель…	2026-08	https://checko.ru/company/1153332001987/contracts	Стеклянные маркерные доски и зеркала в спецификации новых школ; стеклянные перегородки дл…	+7 917 041-21-82	ooonika2022@mail.ru			не найдено			Контракт 30.05.2026 на 32,7 млн руб. - учебные столы для МКУ «УКС г. Пензы» (оснащение новой школы); 04.08.2026 - кухонная мебель…	2026-08	https://checko.ru/company/1153332001987/contracts	ЛПР и факт не искались: лимит WebSearch на сессию исчерпан (200/200). Факт взят из файла, не перепроверен.
66	Author Development (ГК Автор)	автор.рф	К8 Девелопер	Липецкая область	More.Yalta начнёт работать под брендом сети отелей Cosmos	2026-08	https://автор.рф/events	Комплектация апарт-отелей: зеркала с LED, стеклянные перегородки, консоли/столы для апарт…	+7 495 260-88-44	pr@atr.city			не найдено			More.Yalta начнёт работать под брендом сети отелей Cosmos	2026-08	https://автор.рф/events	ЛПР и факт не искались: лимит WebSearch на сессию исчерпан (200/200). Факт взят из файла, не перепроверен.
67	DSGN HUB	dsgnhub.ru	К10 Архитектор / дизайн-бюро	Москва	Проект студии опубликован в журнале Seasons	2026-09	https://t.me/dsgnhubinterior/2757	Партнёрская программа + образцы стекла/профиля для шоу-проектов	+7 (985) 149-81-12	dsgnhub.interior@gmail.com	Нина Воинова; Александра Агами; Ирина Донцова	Сооснователи DSGN HUB (по файлу)	ГИПОТЕЗА			Проект студии опубликован в журнале Seasons	2026-09	https://t.me/dsgnhubinterior/2757	ЛПР и факт не искались: лимит WebSearch на сессию исчерпан (200/200). ЛПР из файла, не перепроверены.
68	Мебель братьев Баженовых (MBB)	mbb.ru	К14 Салон дизайнерской мебели	Москва	Открыт новый салон в Москве (новость 14.08.2026)	2026-08	https://mbb.ru/articles/	Стать поставщиком сети: стеклянные столы, зеркала с LED и консоли в экспозиции новых сало…	+7 909 719-19-99; Твинстор +7…	info@mbb.ru; sd@mbb.ru (поставщикам)			не найдено			Открыт новый салон в Москве (новость 14.08.2026)	2026-08	https://mbb.ru/articles/	ЛПР и факт не искались: лимит WebSearch на сессию исчерпан (200/200). Факт взят из файла, не перепроверен.
69	FLEX OFFICE	flex-office.biz	К2 Офисный дилер-комплектатор	Москва	мебель в 9 проектах-номинантах Best Office Awards 2026, из них 3 реализованы в 2026: HeadHunter, ЕДИНЫЙ ЦУПИС, Кит Мед	2026-04	https://www.officenext.ru/orientir/article_119272_proekty-nominanty-2026/	стеклянные перегородки, маркерные доски и столы из стекла в проекты под ключ	+7 (495) 215-52-22	hello@flex-office.biz			не найдено			мебель в 9 проектах-номинантах Best Office Awards 2026, из них 3 реализованы в 2026: HeadHunter, ЕДИНЫЙ ЦУПИС, Кит Мед	2026-04	https://www.officenext.ru/orientir/article_119272_proekty-nominanty-2026/	ЛПР и факт не искались: лимит WebSearch на сессию исчерпан (200/200). Факт взят из файла, не перепроверен.
70	CORE.XP	core-xp.ru	К9 Fit-out подрядчик	Москва	Консультант/управление проектом в нескольких офисах-номинантах Best Office Awards 2026 (Центральный университет, Терем)	2026-04	https://www.officenext.ru/projects/project-118975-terem/	Включение перегородок/досок GENGLASS в спецификации fit-out проектов, которые они ведут к…	+7 495 258 39 90				не найдено			Консультант/управление проектом в нескольких офисах-номинантах Best Office Awards 2026 (Центральный университет, Терем)	2026-04	https://www.officenext.ru/projects/project-118975-terem/	ЛПР и факт не искались: лимит WebSearch на сессию исчерпан (200/200). Факт взят из файла, не перепроверен.
71	KUBRAVA Project Management	kubrava.com	К9 Fit-out подрядчик	Москва	Офис Avito в Санкт-Петербурге опубликован на officenext (управление проектом KUBRAVA)	2026-09	https://www.officenext.ru/projects/project-130865-ofis-avito-v-sankt-peterburge/	Внести перегородки/доски GENGLASS в спецификации проектов, которые ведут как PM (Avito и …	+7 (495) 241-22-71				не найдено			Офис Avito в Санкт-Петербурге опубликован на officenext (управление проектом KUBRAVA)	2026-09	https://www.officenext.ru/projects/project-130865-ofis-avito-v-sankt-peterburge/	ЛПР и факт не искались: лимит WebSearch на сессию исчерпан (200/200). Факт взят из файла, не перепроверен.
72	NF PM	nfpm.expert	К9 Fit-out подрядчик	Москва	Визит-центр «Балтика» опубликован на officenext (управление проектом NF PM)	2026-09	https://www.officenext.ru/projects/project-130619-baltika-vizit-tsentr/	Спецификация перегородок, LED-зеркал и досок в проекты клиентов PM	+7 (495) 981-00-00				не найдено			Визит-центр «Балтика» опубликован на officenext (управление проектом NF PM)	2026-09	https://www.officenext.ru/projects/project-130619-baltika-vizit-tsentr/	ЛПР и факт не искались: лимит WebSearch на сессию исчерпан (200/200). Факт взят из файла, не перепроверен.
73	ARCHYSTRA (АРХИСТРА)	archystra.com	К10 Архитектор / дизайн-бюро	Москва	Победа BOA 2026 «Бренд и имидж» (Научный центр Норникель)	2026-06	https://www.officenext.ru/orientir/article_129616_ofisy-novogo-pokoleniya-itogi/	Стеклянные перегородки (лофт/раздвижные), маркерные доски и столы в спецификации офисных …		info@archystra.com			не найдено			Победа BOA 2026 «Бренд и имидж» (Научный центр Норникель)	2026-06	https://www.officenext.ru/orientir/article_129616_ofisy-novogo-pokoleniya-itogi/	ЛПР и факт не искались: лимит WebSearch на сессию исчерпан (200/200). Факт взят из файла, не перепроверен.
74	Syntaxis	archsyntaxis.ru	К10 Архитектор / дизайн-бюро	Москва	Победа BOA 2026 (Cloud.ru)	2026-06	https://www.officenext.ru/orientir/article_129616_ofisy-novogo-pokoleniya-itogi/	Стеклянные перегородки (лофт/раздвижные), маркерные доски и столы в спецификации офисных …		info@archsyntaxis.ru			не найдено			Победа BOA 2026 (Cloud.ru)	2026-06	https://www.officenext.ru/orientir/article_129616_ofisy-novogo-pokoleniya-itogi/	ЛПР и факт не искались: лимит WebSearch на сессию исчерпан (200/200). Факт взят из файла, не перепроверен.
75	ADRD	adrd.pro	К10 Архитектор / дизайн-бюро	Москва	Номинант BOA 2026: Совкомбанк и Школа управления Сколково	2026-04	https://www.officenext.ru/orientir/article_119272_proekty-nominanty-2026/	Стеклянные перегородки (лофт/раздвижные), маркерные доски и столы в спецификации офисных …	+7 495 220-13-10	info@adrd.pro			не найдено			Номинант BOA 2026: Совкомбанк и Школа управления Сколково	2026-04	https://www.officenext.ru/orientir/article_119272_proekty-nominanty-2026/	ЛПР и факт не искались: лимит WebSearch на сессию исчерпан (200/200). Факт взят из файла, не перепроверен.
76	DESIGN SOLUTIONS	designsolutions.ru	К10 Архитектор / дизайн-бюро	Москва	4 проекта в номинантах BOA 2026, включая Гран-при («Астра»)	2026-04	https://www.officenext.ru/orientir/article_119272_proekty-nominanty-2026/	Стеклянные перегородки (лофт/раздвижные), маркерные доски и столы в спецификации офисных …		info@design-solutions.ru			не найдено			4 проекта в номинантах BOA 2026, включая Гран-при («Астра»)	2026-04	https://www.officenext.ru/orientir/article_119272_proekty-nominanty-2026/	ЛПР и факт не искались: лимит WebSearch на сессию исчерпан (200/200). Факт взят из файла, не перепроверен.
77	MAD Architects	madarchitects.ru	К10 Архитектор / дизайн-бюро	Москва	3 проекта в номинантах BOA 2026 (Яндекс Лотте Плаза, Кит Мед, Корп. университет РСХБ)	2026-04	https://www.officenext.ru/orientir/article_119272_proekty-nominanty-2026/	Стеклянные перегородки (лофт/раздвижные), маркерные доски и столы в спецификации офисных …	+7 499 343-45-15	hello@madarchitects.ru	Мария Николаева	Основатель и руководитель бюро	ДАННЫЕ	https://mperspektiva.ru/topics/mariya-nikolaeva-glava-arkhitekturnogo-byuro-mad-architects-/	hello@madarchitects.ru (общий, сайт)	Три проекта бюро (Яндекс Лотте Плаза, Кит Мед, Корп. университет РСХБ) вошли в номинанты Best Office Awards 2026	2026-04	https://www.officenext.ru/orientir/article_119272_proekty-nominanty-2026/	Не путать с пекинским MAD Architects (Ма Яньсун). Закупкой стекла может заниматься руководитель комплектации - уточнить по телефону.
78	Line architects	linearch.ru	К10 Архитектор / дизайн-бюро	Москва	Победа BOA 2026 (Virtus.pro)	2026-06	https://www.officenext.ru/orientir/article_129616_ofisy-novogo-pokoleniya-itogi/	Стеклянные перегородки (лофт/раздвижные), маркерные доски и столы в спецификации офисных …	+7 903 682-44-36	jgoryaeva@linearch.ru	Юлия Горяева	Партнёр LINE Architects	ГИПОТЕЗА	https://www.officenext.ru/company/company-7321-line-architects/about/	jgoryaeva@linearch.ru (публичный, профиль officenext)	Победа LINE Architects в Best Office Awards 2026 (проект Virtus.pro)	2026-06	https://www.officenext.ru/orientir/article_129616_ofisy-novogo-pokoleniya-itogi/	В выдаче же: Арсений Горяев - ГД (officenext about, дата неизвестна); основатель Дмитрий Петров (связь с московским бюро не подтверждена, в выдаче в основном кишинёвский офис). Победу Virtus.pro проверить руками - поиском не подтвердил.
79	Hot Walls	hot-walls.ru	К10 Архитектор / дизайн-бюро	Москва	Вакансия «Архитектор (жилые интерьеры)» + 57 проектов в работе	2026-09	https://hh.ru/vacancy/137189825	Партнёрская программа; перегородки/зеркала с LED для объектов на стадии чистовой отделки …	+7 (495) 129-99-50	info@hot-walls.ru	Михаил Шапошников	Основатель, арт-директор студии	ДАННЫЕ	https://archiprofi.ru/company/hot-walls/	info@hot-walls.ru (общий, сайт)	Вакансия комплектатора дизайн-проектов (hh.ru, апрель 2026) и рост числа проектов в работе (по файлу 57 проектов, вакансия архитектора, сентябрь 2026)	2026-09	https://hh.ru/vacancy/137189825	Шапошников известен как ведущий YouTube-канала, решения по закупкам, скорее всего, у комплектатора/руководителя проектов - уточнить.
80	ARTUM	artum.studio	К10 Архитектор / дизайн-бюро	Москва	Вакансия «Менеджер по продажам в студию дизайна» в Москве (hh.ru)	2026-09	https://hh.ru/vacancy/137258304	Партнёрская программа для команды 40+ дизайнеров; каталог перегородок/зеркал/столов под м…	+7 (499) 938-78-55	info@artumstudio.ru	Максим Черный	Основатель и генеральный директор	ДАННЫЕ	https://artum.studio/about	info@artumstudio.ru (общий, сайт)	Студия ищет менеджера по продажам в Москве (hh.ru, сентябрь 2026), команда 40+ человек и 1000+ проектов в Москве и Санкт-Петербурге	2026-09	https://hh.ru/vacancy/137258304	В выдаче студия описана как петербургская с проектами в Москве и СПб - уточнить, кто закупает для московских объектов.
81	RUBLEVA DESIGN & ARCHITECTURE	rubleva-design.ru	К10 Архитектор / дизайн-бюро	Москва	Открыта вакансия комплектатора (дизайн интерьера)	2026-09	https://hh.ru/vacancy/136862895	Выйти на нового комплектатора: партнёрский прайс на перегородки, зеркала, столы	8 (977) 337-26-67	Info@rubleva-design.ru	Мария Рублева	Основатель и руководитель бюро	ГИПОТЕЗА	https://www.interior.ru/mariya-rubleva	Info@rubleva-design.ru (общий, сайт)	Открыта вакансия комплектатора (дизайн интерьера, от 150 000 руб., hh.ru); бюро работает в сегменте домов класса А	2026-09	https://hh.ru/vacancy/136862895	Дата источника ЛПР не подтверждена. Найдена также вакансия комплектатора от 2026-04 (hh.ru/vacancy/131069026) - вакансия открывается повторно.
82	Fedorova Architects (Архитектурное бюро Александр…	fedorova.ru	К10 Архитектор / дизайн-бюро	Москва	Открыта вакансия комплектатора	2026-09	https://hh.ru/vacancy/137174261	Через контакт для поставщиков: стеклянные перегородки и зеркала для вилл (свои столы/стел…	+7 (915) 490-09-71	info@fedorova.ru	Александра Фёдорова	Основатель и руководитель бюро	ГИПОТЕЗА	https://archi.ru/tech/98915/kto-vybiraet-professiyu-arkhitektorabr-intervyu-s-aleksandroi-fedorovoi-fedorova-architects/	info@fedorova.ru (общий, сайт)	Открыта вакансия комплектатора в бюро Fedorova Architects (hh.ru, сентябрь 2026)	2026-09	https://hh.ru/vacancy/137174261	Бюро работает в основном над виллами и жилыми интерьерами; для К10 (коммерческие перегородки) профиль средний. Источник ЛПР - интервью без проверенной даты.
83	KRASNOV DESIGN	krasnov.design	К10 Архитектор / дизайн-бюро	Москва	Вакансии в Москве: руководитель проектов + менеджер по продажам (премиальный дизайн)	2026-09	https://hh.ru/vacancy/136860499	Партнёрская программа под московское направление: перегородки, LED-зеркала, столы	+7 932 021-90-90	info@krasnov.design	Игорь Краснов; Анастасия Краснова	Основатели студии	ДАННЫЕ	https://krasnov.design/about	info@krasnov.design (общий, сайт)	Вакансии руководителя проектов и менеджера по продажам в Москве (hh.ru, сентябрь 2026); за плечами 220+ проектов полного цикла	2026-09	https://hh.ru/vacancy/136860499	Роли внутри пары (кто закупает) не уточнены.
84	ONEHOUSE	onehouse.ru	К10 Архитектор / дизайн-бюро	Москва	Ищут комплектатора интерьеров (премиум-сегмент)	2026-09	https://hh.ru/vacancy/137537608	Перегородки, зеркала, столы для резиденций на стадии комплектации; партнёрские условия	+7 931 111 01 69	info@onehouse.ru	Андрей Юдин	Генеральный директор (также коммерческий директор Дмитрий Соловьёв)	ДАННЫЕ	https://onehouse.ru/team	info@onehouse.ru (общий, сайт)	Ищут комплектатора интерьеров для домов премиум-класса (hh.ru, сентябрь 2026); на сайте есть партнёрская программа	2026-09	https://hh.ru/vacancy/137537608	Бюро проектирует и строит дома премиум-класса; страница партнёров: https://onehouse.ru/partners. Не путать с ONE HOUSE (Минск).
85	4ROOM STUDIO	4room.studio	К10 Архитектор / дизайн-бюро	Москва	Вакансия «Ведущий дизайнер интерьера»	2026-09	https://hh.ru/vacancy/136360657	Партнёрская программа; перегородки/зеркала для квартир и домов	8 (968) 733-14-44	hello@4room.studio	Елена Лобурец	Основатель студии	ДАННЫЕ	https://4room.studio/about	hello@4room.studio (общий, сайт)	Вакансия ведущего дизайнера интерьера (hh.ru, сентябрь 2026); студия ведёт коммерческие проекты (в портфолио MR Group)	2026-09	https://hh.ru/vacancy/136360657	Данные об опыте студии на сайте противоречивы (основана 2018, но "10 лет опыта") - ФИО проверить на странице.
86	АБ Проектное Бюро	ab-architects.ru	К10 Архитектор / дизайн-бюро	Москва	Вакансия «Главный архитектор проекта»	2026-09	https://hh.ru/vacancy/136922358	Перегородки/зеркала для крупных резиденций; партнёрская программа	+7 (495) 604-19-55	office@ab-architects.ru	Златан Бркич	Генеральный директор и управляющий партнёр (соосновател Ведран Бркич - арт-директор)	ДАННЫЕ	https://ab-architects.ru/about	office@ab-architects.ru (общий, сайт)	Вакансия главного архитектора проекта в АБ Проектное Бюро (hh.ru, сентябрь 2026)	2026-09	https://hh.ru/vacancy/136922358	Не путать с ABD architects (abd-architects.ru) - другое бюро. В управляющей команде также Игорь Метёлкин (лидер проектов, управляющий партнёр).
87	SIO (архитектурное бюро Игоря Ситкилова)	sio.team	К10 Архитектор / дизайн-бюро	Москва	Вакансия «Руководитель строительных проектов»	2026-09	https://hh.ru/vacancy/137067727	Перегородки и зеркала с LED для пентхаусов; sales@sio.team	+7 495 374-72-01	office@sio.team	Игорь Ситкилов	Основатель и руководитель бюро	ДАННЫЕ	https://sio.team/	office@sio.team (общий, сайт)	Вакансия руководителя строительных проектов в SIO (hh.ru, сентябрь 2026); бюро ведёт загородные дома полного цикла	2026-09	https://hh.ru/vacancy/137067727	31.07.2026 бюро было партнёром семейного гольф-турнира в клубе Pestovo (t.me/s/sioteam) - можно использовать как второй хук.
88	Dseesion Interiors (бюро Валерии Сенькиной)	dseesion.ru	К10 Архитектор / дизайн-бюро	Москва	Вакансия «Дизайнер интерьеров»	2026-08	https://hh.ru/vacancy/136785920	Зеркала и столы под размер для люкс-объектов	+7 499 241 0875	info@dseesion.ru	Валерия Сенькина	Основатель, генеральный директор, главный архитектор	ДАННЫЕ	https://dseesion.ru/about	info@dseesion.ru (общий, сайт)	Вакансия дизайнера интерьеров в Dseesion Interiors (hh.ru, август 2026); офисы в Москве и Лондоне	2026-08	https://hh.ru/vacancy/136785920	Работают премиум-жильё; коммерческий сегмент ограничен (есть проект офиса интерьерной студии).
89	OSOME studio	osome.studio	К10 Архитектор / дизайн-бюро	Москва	Вакансия «Комплектатор интерьеров»	2026-09	https://hh.ru/vacancy/137171111	Выйти на нового комплектатора: партнёрский прайс	+7 977 590 7067	info@osome.studio	Алина Долгова	Основатель студии	ГИПОТЕЗА	https://www.instagram.com/osome.studio/	info@osome.studio (общий, сайт)	Вакансия комплектатора интерьеров в OSOME studio (hh.ru, сентябрь 2026)	2026-09	https://hh.ru/vacancy/137171111	Источник ФИО - профиль Instagram, официального подтверждения не видел.
90	АС Бюро	a-s-buro.ru	К10 Архитектор / дизайн-бюро	Москва	Вакансия «Менеджер по продажам в студию»	2026-09	https://hh.ru/vacancy/136122660	Партнёрская скидка (студия даёт клиентам скидки поставщиков); перегородки, зеркала, столы	+7 (499) 674-06-71	offer@a-s-buro.com	Артём Болдырев	Основатель и главный дизайнер	ДАННЫЕ	https://a-s-buro.ru/	offer@a-s-buro.com (из файла)	Вакансия менеджера по продажам в студию (hh.ru, сентябрь 2026); у основателя 300+ проектов	2026-09	https://hh.ru/vacancy/136122660	В выдаче есть тёзки (А+С Новосибирск, la-buro) - не смешивать; ФИО взято с сайта a-s-buro.ru.
91	Дизайн-бюро №11 (Buro 11)	buro11.ru	К10 Архитектор / дизайн-бюро	Москва	Вакансия «Менеджер проектов/Офис-менеджер» в Москве	2026-09	https://hh.ru/vacancy/137496597	Партнёрская программа для дизайнеров; перегородки и зеркала с LED для таунхаусов/загородн…	+7 (952) 904-00-11	info@buro11.ru	Кирилл Дунаев	Руководитель бюро, архитектор	ГИПОТЕЗА	https://buro11.ru/about/	info@buro11.ru (общий, сайт)	Вакансия менеджера проектов/офис-менеджера в Москве (hh.ru, сентябрь 2026)	2026-09	https://hh.ru/vacancy/137496597	ВАЖНО: по 2ГИС и interior.ru бюро находится в Новосибирске (ул. Кирова, 48); московский офис/вакансию проверить руками. Соучредитель - Анна Дунаева.
92	Arch Detali (АРХДЕТАЛИ)	archdetali.ru	К10 Архитектор / дизайн-бюро	Москва	Вакансия «Дизайнер интерьера» (жилые объекты) — «успешное и активно работающее бюро»	2026-09	https://hh.ru/vacancy/137192596	Партнёрская программа; перегородки/зеркала/столы в пакет комплектации квартир и коттеджей	+7 (495) 921-37-00	Info@archdetali.ru	Екатерина Евгеньевна Варгова	Генеральный директор (ГД по ЕГРЮЛ)	ГИПОТЕЗА	https://companies.rbc.ru/id/1127746632166-ooo-vent-m/	Info@archdetali.ru (общий, сайт)	Вакансия дизайнера интерьера в АрхДетали (hh.ru, сентябрь 2026); студия работает с 2003 года	2026-09	https://hh.ru/vacancy/137192596	В выдаче ГД также указан Колганников Михаил Юрьевич (период неизвестен); адреса ЕГРЮЛ разные (Нахимовский пр. и Авиамоторная) - проверить актуальность руками.
93	Red Robot Design	redrobotdesign.ru	К10 Архитектор / дизайн-бюро	Москва	Вакансия «Дизайнер интерьеров (бизнес и премиум сегмент)»	2026-09	https://hh.ru/vacancy/137736715	Партнёрская программа; стеклянные перегородки и зеркала с LED для пентхаусов	+7 (495) 798-53-11	info@redrd.ru	Василий Сосов	Сооснователь бюро	ГИПОТЕЗА	https://redrobotdesign.ru/	info@redrd.ru (общий, из файла)	Вакансия дизайнера интерьеров для бизнес- и премиум-сегмента (hh.ru, сентябрь 2026); бюро 10 лет на рынке	2026-09	https://hh.ru/vacancy/137736715	Не путать с Redmadrobot. Второй сооснователь в выдаче не найден.
94	STAROV (бюро Михаила Старова)	starov.co	К10 Архитектор / дизайн-бюро	Москва	Вакансия «Специалист авторского контроля (дизайн интерьера)»	2026-09	https://hh.ru/vacancy/137645378	Партнёрство: стеклянные перегородки/зеркала/металлокомпоненты в дополнение к их корпусной…	+7 (495) 258-25-52	info@starov.co	Михаил Старов	Основатель и генеральный директор	ГИПОТЕЗА	https://experum.ru/mikhail-starov	info@starov.co (общий, из файла)	Вакансия специалиста авторского контроля (hh.ru, сентябрь 2026); у бюро 150+ проектов, в услугах есть комплектация	2026-09	https://hh.ru/vacancy/137645378	Дата источника ЛПР не подтверждена.
95	Desart Decor (ДЕСАРТ)	desartdecor.ru	К10 Архитектор / дизайн-бюро	Москва	Вакансия «Ведущий дизайнер интерьеров / Руководитель проектов»	2026-09	https://hh.ru/vacancy/137312083	Партнёрская программа; перегородки и зеркала для коттеджей и таунхаусов	+7 (495) 120-38-68	info@desartdecor.ru	Диана Тараканова	Основатель, арт-директор	ГИПОТЕЗА	https://desartdecor.ru/intervyu-s-rykovoditelem-dizajn-byuro-desart-decor	info@desartdecor.ru (общий, из файла)	Вакансия ведущего дизайнера / руководителя проектов в Desart Decor (hh.ru, сентябрь 2026)	2026-09	https://hh.ru/vacancy/137312083	Интервью без проверенной даты; ГД юрлица ООО ДЕСАРТДЕКОР (checko.ru/company/desartdekor-1167746620843) не удалось прочитать - проверить, совпадает ли.
96	Norke (сеть смарт-апарт-отелей)	norke.ru	К11 Отели и гостиничные компании	Москва	Открыт 4* апарт-отель Norke Prime Бауманская на 52 номера	2026-05	https://www.frontdesk.ru/article/umnyy-otel-4-neozhidanno-otkrylsya-v-stolice	Зеркала с подсветкой и перегородки санузлов для типовых номеров-студий; обеденные столы д…	+7 925 545 74 73		Богдан Ковеза	Коммерческий директор и партнёр	ГИПОТЕЗА	https://www.frontdesk.ru/article/umnyy-otel-4-neozhidanno-otkrylsya-v-stolice	+7 925 545 74 73 (из файла, источник не подтверждён - проверить, публичен ли)	20.05.2026 открылся 4* апарт-отель Norke Prime Бауманская на 52 номера с умным домом (Доброслободская ул., 6с1)	2026-05	https://rst.ru/novosti/novosti-kompanii/v-moskve-otkrylsya-umnyj-apart-otel-norke-prime-baumanskaya.html	Должность Ковезы подтверждена поиском (отвечает за продажи и маркетинг, до этого Mercure, Radisson), но дату источника не проверил. Сеть: 5 объектов в Москве и 2 в СПб. По К11 нужен ещё технический директор/директор по развитию - не найден.
97	АвтоГЕРМЕС	avtogermes.ru	К12 Автодилер	Москва	Открыл новый ДЦ VOLGA (Рябиновая, 43Б), день открытых дверей 20.06.2026	2026-06	https://avtogermes.ru/company/new/volga/den-otkrytyx-dverej-v-novom-dilerskom-centre-volga-v-avtogermes-avtomobili-raz	Перегородки и мебель для нового шоурума VOLGA и следующих открытий	+7 (495) 011-45-72				не найдено			В Москве открыт новый дилерский центр VOLGA (ул. Рябиновая, 43Б), день открытых дверей 20.06.2026	2026-06	https://avtogermes.ru/company/new/volga/den-otkrytyx-dverej-v-novom-dilerskom-centre-volga-v-avtogermes-avtomobili-raz	ЛПР по строительству/развитию не найден. В выдаче только Сушко Владимир - директор техцентра (не наш профиль). Искать по hh.ru и LinkedIn руками.
98	Family Garden	familygarden.su	К13 Ресторанные группы и сети	Москва	Совместно с Novikov Group запущен ресторан «Южанин» на 450 мест (2026)	2026.0	https://www.kommersant.ru/doc/8782091	Типовой комплект зеркал/перегородок для франшизных ресторанов PRO.Хинкали, Lali, Южанин	+7 (800) 300-74-23	fr@novikov.family			не найдено			Запуск ресторана "Южанин" на 450 мест совместно с Novikov Group (Family Garden, 2026)	2026	https://www.kommersant.ru/doc/8782091	Поиск не проводился (лимит WebSearch). Дата в файле нечёткая. Контакт fr@novikov.family - из файла.
99	Mobilicasa	mobilicasa.ru	К14 Салон дизайнерской мебели	Москва	Новый мультибрендовый шоурум 150 м² (проект С. Дикушиной) с новыми китайскими/корейскими брендами — публикация interior.ru	2026-06	https://www.interior.ru/place/22297-mulitibrendovii-shourum-mobilicasa-proekt-svetlani-dikushinoi.html	Дилерская программа: стеклянные столы/консоли и LED-зеркала в экспозицию нового шоурума +…	+7 499 398-26-66; +7 499 390-…	info@mobilicasa.ru			не найдено		info@mobilicasa.ru (общий, из файла)	Новый мультибрендовый шоурум Mobilicasa 150 кв. м (проект Светланы Дикушиной), публикация interior.ru	2026-06	https://www.interior.ru/place/22297-mulitibrendovii-shourum-mobilicasa-proekt-svetlani-dikushinoi.html	Поиск не проводился (лимит WebSearch). Владельца найти руками.
100	Flexity	flexity.ru	К1 Сервисные офисы / коворкинги	Москва	В I кв. 2026 открыла новую площадку 827 кв. м в БЦ «Павелецкая Плаза» — единственное качественное открытие квартала	2026-06	https://www.kommersant.ru/doc/8674627	Перегородки и мебель для BTS-офисов под клиента (переговорные, кабинеты), премиум столы и…	+7 (968) 865-96-55	hello@flexity.ru			не найдено		hello@flexity.ru (общий, из файла)	В I квартале 2026 Flexity открыла площадку 827 кв. м в БЦ "Павелецкая Плаза"	2026-06	https://www.kommersant.ru/doc/8674627	Поиск не проводился (лимит WebSearch). Формулировку факта проверить: в файле "единственное качественное открытие квартала".
101	SOK	sok.works	К1 Сервисные офисы / коворкинги	Москва	Запуск новой площадки SOK в ТРЦ «Алатырь» (Екатеринбург), 3500 кв. м, до 600 р.м., в 2026	2026-01	https://www.kommersant.ru/doc/8364678	Типовое решение перегородок/переговорных для тиражирования на новые площадки сети, стекля…	+7(499)490-47-10	info@sok.works	Ирек Аллаяров	Управляющий партнёр	ГИПОТЕЗА	https://www.kommersant.ru/doc/8364678	info@sok.works (общий, из файла)	Запуск новой площадки SOK в ТРЦ "Алатырь" (Екатеринбург), 3500 кв. м, до 600 рабочих мест	2026-01	https://www.kommersant.ru/doc/8364678	Взято из файла, не перепроверено (лимит WebSearch).
102	Multispace	multispace.ru	К1 Сервисные офисы / коворкинги	Москва	Сеть продана Pridex группе частных инвесторов; в портфеле новый проект Dubinin'Sky — смена собственника и запуск нового объекта	2026-08	https://office-news.ru/pridex-prodal-set-servisnyh-ofisov-multispace/sdelki/	Стеклянные перегородки и маркерные доски для agile-зон и переговорных Dubinin'Sky; подход…	+7 495 961 0011	info@multispace.ru			не найдено		info@multispace.ru (общий, из файла)	Pridex продал сеть сервисных офисов Multispace группе частных инвесторов (август 2026)	2026-08	https://office-news.ru/pridex-prodal-set-servisnyh-ofisov-multispace/sdelki/	Поиск не проводился (лимит WebSearch). После смены собственника ЛПР надо уточнять заново.
103	MANUFAQTURY	manufaqtury.com	К1 Сервисные офисы / коворкинги	Москва	Портфель сервисных офисов вырос до 17,9 тыс. кв. м (с 15,7 в феврале), 100% загрузка; вступили в НАОК	2026-06	https://office-news.ru/manufaqtury-prisoedinilas-k-nacionalnoj-associacii-organizatorov-servisnyh-ofisov-i-kovorkingov-naok/polezno-znat/	Стеклянные перегородки для создания новых сервисных блоков «с нуля», стеклянные доски для…	+7 495 198-09-48	welcome@manufaqtury.com	Андрей Кулагин	Сооснователь и управляющий директор	ГИПОТЕЗА	https://office-news.ru/manufaqtury-prisoedinilas-k-nacionalnoj-associacii-organizatorov-servisnyh-ofisov-i-kovorkingov-naok/polezno-znat/	welcome@manufaqtury.com (общий, из файла)	Портфель сервисных офисов MANUFAQTURY вырос до 17,9 тыс. кв. м (с 15,7 в феврале), загрузка 100%, компания вступила в НАОК	2026-06	https://office-news.ru/manufaqtury-prisoedinilas-k-nacionalnoj-associacii-organizatorov-servisnyh-ofisov-i-kovorkingov-naok/polezno-znat/	Взято из файла, не перепроверено (лимит WebSearch).
104	Office Solutions	office-solutions.ru	К2 Офисный дилер-комплектатор	Москва	мебель в 5 проектах-номинантах Best Office Awards 2026, в т.ч. AZOT GROUP F-375 (2026) и VK (2025)	2026-04	https://www.officenext.ru/company/company-1339-office-solutions/	стеклянные перегородки и маркерные доски для переговорных под проекты Steelcase; дизайнер…	+7 (495) 258-55-99	info@office-solutions.ru			не найдено		info@office-solutions.ru (общий, из файла)	Мебель Office Solutions в 5 проектах-номинантах Best Office Awards 2026, в т.ч. AZOT GROUP F-375 и VK	2026-04	https://www.officenext.ru/company/company-1339-office-solutions/	Поиск не проводился (лимит WebSearch).
105	Solo Office Interiors	solo.ru	К2 Офисный дилер-комплектатор	Москва	мебель в проектах-номинантах Best Office Awards 2026: А-Сталь (представительский офис, 2026, Москва), Dr. Reddy's, БКС	2026-04	https://www.officenext.ru/company/company-1345-solo-office-interiors/	стеклянные перегородки и маркерные доски в каталог проектных решений; зеркала и столы для…	+7 (495) 925-50-55	info@solo.ru			не найдено		info@solo.ru (общий, из файла)	Мебель Solo Office Interiors в номинантах Best Office Awards 2026: представительский офис А-Сталь (Москва), Dr. Reddy's, БКС	2026-04	https://www.officenext.ru/company/company-1345-solo-office-interiors/	Поиск не проводился (лимит WebSearch).
106	Contract Interiors (Контракт Интериорс)	contractinteriors.ru	К2 Офисный дилер-комплектатор	Москва	мебель в проектах-номинантах BOA 2026, реализованных в 2026: Автобан и Киберэтаж (Москва)	2026-04	https://www.officenext.ru/orientir/article_119272_proekty-nominanty-2026/	стеклянные перегородки и маркерные доски к премиальным поставкам Herman Miller; дизайнерс…	+7 (495) 780-50-16	info@cioffice.ru			не найдено		info@cioffice.ru (общий, из файла)	Мебель Contract Interiors в номинантах BOA 2026 для проектов Автобан и Киберэтаж (Москва)	2026-04	https://www.officenext.ru/orientir/article_119272_proekty-nominanty-2026/	Поиск не проводился (лимит WebSearch).
107	UT FLY	utfly.ru	К2 Офисный дилер-комплектатор	Москва	Вакансия «Менеджер по работе с дилерами (офисная мебель)»: компания открывает новый шоу-рум в Москве	2026-09	https://hh.ru/vacancy/137243271	стеклянные перегородки и маркерные доски для кабинетов/переговорных + экспозиция в новом …	+7 963-628-55-16	info@utfly.ru			не найдено		info@utfly.ru (общий, из файла)	UT FLY открывает новый шоу-рум в Москве, вакансия менеджера по работе с дилерами (hh.ru, сентябрь 2026)	2026-09	https://hh.ru/vacancy/137243271	Поиск не проводился (лимит WebSearch).
108	Wonder Group (ООО Вондер)	wr-office.ru	К2 Офисный дилер-комплектатор	Москва	3 открытые вакансии в Москве, в т.ч. «Менеджер по работе с клиентами МЦ ROOMER (офисная мебель)»	2026-09	https://hh.ru/vacancy/137763940	стеклянные перегородки, столы для переговорных, маркерные доски в комплектацию проектов	+7 (925) 422-47-78				не найдено			Три открытые вакансии в Москве, в т.ч. менеджер по клиентам МЦ ROOMER (офисная мебель), Wonder Group (ООО Вондер)	2026-09	https://hh.ru/vacancy/137763940	Поиск не проводился (лимит WebSearch). Телефон +7 (925) 422-47-78 из файла.
109	ДАР-МЕБЕЛЬ (Mebela)	mebela.ru	К3 Офисная фабрика-интегратор	Москва	Свежие реализованные проекты в ленте (СЕРВИСЭНЕРГОСТРОЙ, ПСК Мира и др.)	2026-09	https://mebela.ru/	Стеклянные перегородки для кабинетов и переговорных в их проекты; партнёрская скидка	8 (495) 215-56-55	zakaz@mebela.ru			не найдено		zakaz@mebela.ru (общий, из файла)	В ленте проектов ДАР-МЕБЕЛЬ свежие объекты (СЕРВИСЭНЕРГОСТРОЙ, ПСК Мира и др.)	2026-09	https://mebela.ru/	Поиск не проводился (лимит WebSearch). Для К3 искать директора по закупкам/коммерческого директора.
110	Тоника	tonika-mebel.ru	К4 HoReCa-комплектатор	Москва	новый проект в портфолио: ЖК Bauman House	2026-08	https://tonika-mebel.ru/	номерной пакет: LED-зеркала, консоли, стеклянные перегородки санузлов для реноваций отелей	+7 (495) 150-80-61; +7 (925) …	info@tonika-mebel.ru			не найдено		info@tonika-mebel.ru (общий, из файла)	Новый проект в портфолио Тоники: ЖК Bauman House	2026-08	https://tonika-mebel.ru/	Поиск не проводился (лимит WebSearch).
111	ГК Пионер	pioneer.ru	К8 Девелопер	Москва	Открытые тендеры: отделка квартир премиум-ЖК, отделочные работы «АМЕНИТИС», декоративный экран и двери (ЕОЦ)		https://pioneer.ru/tenders	Стеклянные перегородки/зеркала для БЦ и МОП премиум-ЖК; поставка через МТО (mto_general@p…	+7 495 502-95-59	tender@pioneer.ru; mto_general@pioneer.…	Наталья Панова	Тендерный менеджер	ГИПОТЕЗА	https://pioneer.ru/tenders	tender@pioneer.ru (общий, из файла)	Открытые тендеры ГК Пионер: отделка квартир премиум-ЖК, отделочные работы "АМЕНИТИС", декоративный экран и двери (ЕОЦ)		https://pioneer.ru/tenders	Взято из файла, не перепроверено. Дата тендеров не указана - проверить актуальность на странице. Для К8 нужен ещё руководитель закупок/директор по строительству.
112	Группа Эталон (Москва)	etalongroup.ru	К8 Девелопер	Москва	Сообщила о росте в ТОП-10 и «стратегическом рывке в премиум-сегменте»	2026-09	https://etalongroup.ru/msk/news/	Зеркала и стеклянные перегородки для МОП и лобби сдаваемых очередей «Шагала»; аккредитаци…	+7 495 385-46-63				не найдено			Группа Эталон сообщила о росте в ТОП-10 девелоперов и "стратегическом рывке в премиум-сегменте"	2026-09	https://etalongroup.ru/msk/news/	Поиск не проводился (лимит WebSearch). Формулировку факта сверить с новостью.
113	СберСити	sbercity.ru	К8 Девелопер	Москва	09.2026: 170 тыс. м² введено с начала года, квартал А24 получил сертификат «Бриллиант»	2026-09	https://sbercity.ru/	перегородки и маркерные доски для офисных кварталов, зеркала для МОП жилых кварталов	+7 (495) 730-44-88	office@sbercity.ru			не найдено		office@sbercity.ru (общий, из файла)	СберСити ввёл 170 тыс. кв. м с начала 2026 года, квартал А24 получил сертификат "Бриллиант"	2026-09	https://sbercity.ru/	Поиск не проводился (лимит WebSearch).
114	CFC	c-f-c.ru	К9 Fit-out подрядчик	Москва	Офис Яндекса (Тимура Фрунзе, 11к2, реализация 2025–2026) — номинант Best Office Awards 2026, строительная компания CFC	2026-04	https://www.officenext.ru/projects/project-119162-yandeks-/	Стеклянные перегородки и маркерные доски для IT-офисов	+7 916 248-67-10				не найдено			CFC построила офис Яндекса (Тимура Фрунзе, 11к2, реализация 2025-2026), проект - номинант Best Office Awards 2026	2026-04	https://www.officenext.ru/projects/project-119162-yandeks-/	Поиск не проводился (лимит WebSearch).
115	MANUFAQTURY	fit-out-msk.com	К9 Fit-out подрядчик	Москва	МОП БЦ «Поклонка» — номинант Best Office Awards 2026, строительная компания MANUFAQTURY	2026-04	https://www.officenext.ru/projects/project-119066-bts-poklonka/	Перегородки лофт и стеклянные доски как стандарт для офисов под ключ	+7 495 198-09-48	welcome@manufaqtury.com	Ольга Володина	Генеральный директор (сооснователь) MANUFAQTURY / ООО «Мануфактура Офисов»	ДАННЫЕ	https://www.officenext.ru/experts/expert-87001-volodina-olga/about/	welcome@manufaqtury.com (общий, с сайта)	МОП БЦ «Поклонка» — номинант Best Office Awards 2026, строительная компания MANUFAQTURY	2026-04	https://www.officenext.ru/projects/project-119066-bts-poklonka/	Закупщика стекла не найдено, ГД как минимум. Сооснователь Андрей Кулагин (rb.ru). Юрлицо: ООО «Мануфактура Офисов» (ИНН из выдачи не проверен), есть ещё «Мануфэктори БТС» - уточнить, кто закупает. Факт из входного файла (не перепроверен).
116	SYMMETRIA	symmetria.space	К9 Fit-out подрядчик	Москва	Офис Dr. Reddy's Laboratories — номинант Best Office Awards 2026	2026-04	https://www.officenext.ru/projects/project-118572-dr-reddy-s-laboratories-/	Стеклянные перегородки и маркерные доски под fit-out офисов 500–3000 м²	+7 495 107 99 01	info@symmetria.space			не найдено		info@symmetria.space (общий, с сайта)	Проект офиса Dr. Reddy's Laboratories 2800 м2 за 5 месяцев, номинант Best Office Awards 2026	2026-04	https://www.officenext.ru/projects/project-118572-dr-reddy-s-laboratories-/	ФИО ГД на сайте и в выдаче не найдено, искать руками в ЕГРЮЛ. Сайт заявляет 20+ лет топ-менеджмента, 30+ проектов, 25 000 м2.
117	Q-Projects	q-projects.ru	К9 Fit-out подрядчик	Москва	Офис SC Johnson — номинант Best Office Awards 2026 (строительная компания Q-Projects)	2026-04	https://www.officenext.ru/projects/project-119124-x/	Перегородки лофт/раздвижные и стеклянные маркерные доски для офисов международных клиентов	+7 903 005-18-91	info@q-projects.ru	Артём Николаевич Наракшин	Генеральный директор (ГД по ЕГРЮЛ, с 26.02.2019), совладелец 70%	ДАННЫЕ	https://checko.ru/company/kyu-prodzhekts-1197746149028	info@q-projects.ru (общий, с сайта)	Офис SC Johnson в Москве, номинант Best Office Awards 2026 (Q-Projects)	2026-04	https://www.officenext.ru/projects/project-119124-x/	Есть q-projects.kz - другая юрисдикция, не путать. Подтверждение проекта SC Johnson по выдаче косвенное, проверить страницу officenext.
118	ТСМ	t-c-m.ru	К9 Fit-out подрядчик	Москва	Офис «Стимул» — номинант Best Office Awards 2026 (строительная компания ТСМ); 5-е место в рейтинге строительных компаний officene…	2026-04	https://www.officenext.ru/projects/project-117620-x/	Рамочный договор на перегородки и стеклянные доски для офисов банков/страховых	+7 (499) 136 26 49	info@t-c-m.ru	Андрей Анатольевич Яцкин	Генеральный директор ООО «ТСМ» (ГД по ЕГРЮЛ, с 2011), совладелец 50%	ДАННЫЕ	https://www.rusprofile.ru/id/5923624	info@t-c-m.ru (общий, с сайта)	Офис «Стимул» - номинант Best Office Awards 2026 (ТСМ); 5-е место в рейтинге строительных компаний officenext	2026-04	https://www.officenext.ru/projects/project-117620-x/	Много юрлиц с названием ТСМ; выбрано ООО «ТСМ» ИНН 7743837257 (Новодмитровская 2, сайт t-c-m.ru). На officenext контактное лицо - Денис Лузанов (должность не подтверждена), проверить, не он ли по закупкам.
119	Cosmos Hotel Group	cosmosgroup.ru	К11 Отели и гостиничные компании	Смоленская область	16.09.2026 губернатор Евраев и президент Cosmos А. Биба обсудили новые отели в Рыбинске, Угличе, Ростове Великом	2026-09	https://76.ru/text/gorod/2026/09/17/76647677/	зеркала и душевые перегородки для номерного фонда курорта Сапшо; мебель лобби			Александр Петрович Биба	Президент Cosmos Hotel Group	ДАННЫЕ	https://corporate.cosmosgroup.ru/ru/president/biba-aleksandr-petrovic	press-центр: https://cosmosgroup.ru/about/press	16.09.2026 президент Cosmos А. Биба и губернатор Ярославской области М. Евраев обсудили в Ростове Великом возможность новых отелей в регионе	2026-09	https://76.ru/text/gorod/2026/09/17/76647677/	Регион в файле указан Смоленская, по факту Ярославская. Конкретные города (Рыбинск, Углич) в выдаче не подтверждены. Для закупки стекла нужен директор по развитию/строительству, не найден. Президент - верхний уровень.
120	Курорт «Завидово» (Васта Отель Менеджмент)		К11 Отели и гостиничные компании	Тверская область	лето 2026: открыт сезон с тремя новыми отелями на 1130 номеров; в 2026 строят Путевой дворец	2026-07	https://new-hotel.ru/news/kurort-zavidovo-otkryvaet-letnij-sezon-2026	допоставки и замена: зеркала, перегородки санузлов; мебель для Путевого дворца (кафе, бан…			Евгений Владимирович Макаров	Генеральный директор ООО «Васта Отель Менеджмент» (управляющая компания курорта Завидово, с 03.2023)	ДАННЫЕ	https://www.rusprofile.ru/id/1235000037590	общий: https://vastahotels.com/	Летом 2026 на курорте «Завидово» запущены три отеля («Эрбелия», «Рябина», апарт-отель «Бревис») на 1130 номеров; завершается Путевой дворец	2026-07	https://www.trn-news.ru/news/211538	Технического директора/руководителя закупок не найдено. Бюджет проекта 41,8 млрд руб, ВЭБ.РФ 29,3 млрд (по выдаче).
121	M9 development (М9 девелопмент)	m9development.ru	К11 Отели и гостиничные компании	Тверская область	Grand Seliger в активной стройке, ввод запланирован на осень–конец 2026 (стадия отделки/оснащения)	2026-09	https://m9development.ru/projects/zagorodnyj-otel-s-kottedzhnym-poselkom-grand-seliger-4/	пакет для виллы/номера: зеркала с LED в санузлы, стеклянные душевые перегородки, обеденны…					не найдено	https://cre.ru/news/96413		Grand Seliger (5*, 197 номеров, оз. Селигер): активная фаза строительства, ввод планируется осенью 2026, стадия отделки и оснащения; управление Cosmos Hotel Group	2026-09	https://m9development.ru/projects/zagorodnyj-otel-s-kottedzhnym-poselkom-grand-seliger-4/	Связь Новикова с M9 подтвердить не удалось (повторный запрос не дал подтверждения), в файл как ЛПР не включён. Основатель Максим Морозов упомянут в выдаче, источник и дата не проверены. Проверить руками.
122	Ринг (ГК «Ринг», Ринг Авто)	ring-auto.ru	К12 Автодилер	Воронежская область	10 новых автоцентров за I пол. 2026 — топ-5 дилеров РФ по открытиям (ABR); в т.ч. ДЦ GAC в Старом Осколе	2026-08	https://abreview.ru/ab/news/optima_stala_liderom_po_novym_otkrytiyam/	Перегородки и столы переговоров для новых ДЦ в регионах			Александр Михайлович Сенцов	Генеральный директор ООО «Ринг Авто» (с 04.05.2026); единственный учредитель Игорь Алексеевич Рябуха	ДАННЫЕ	https://www.rusprofile.ru/id/1779950	общий: https://www.gk-ring.ru/contacts/	10 новых автоцентров за I полугодие 2026, ГК Ринг в топ-5 дилеров РФ по открытиям (ABR); в т.ч. ДЦ GAC в Старом Осколе	2026-08	https://abreview.ru/ab/news/optima_stala_liderom_po_novym_otkrytiyam/	ГК Ринг - несколько юрлиц (ООО «Ринг Авто», «Ринг Авто Трейд»), ГД группы не определён. Открытие GAC в Старом Осколе в выдаче отдельно не подтвердилось. Для стройки нужен руководитель строительства/АХО, не найден.
123	Техцентр Гранд (ГК «Техцентр Гранд»)	grandtech.ru	К12 Автодилер	Владимирская область	ВТБ профинансировал 700 млн ₽ на строительство нового ДЦ 9500 м² (ул. Куйбышева, М-7; проект 929 млн ₽) — объект под отделку/осна…	2026-06	https://vladimir.kp.ru/online/news/7023870/	Комплекс для нового ДЦ 9500 м²: стеклянные перегородки кабинетов и переговорных, стойки р…			Тарас Всеволодович Лаукарт	Директор ГК «Техцентр Гранд» (ГД юрлиц группы с 2016, единственный учредитель ООО «Гранд Т»)	ДАННЫЕ	https://www.rusprofile.ru/id/7471355	общий: https://grandtech.ru/kontakty/	ВТБ профинансировал 700 млн руб на строительство нового дилерского центра 9500 м2 на ул. Куйбышева (проект 929 млн руб, окупаемость 4 года)	2026-06	https://vladimir.kp.ru/online/news/7023870/	На Куйбышева, 38 уже работает «автодеревня» (SOUEAST, HAVAL PRO, «Селект»); уточнить, какой именно объект строится и на какой стадии.
124	Автоимпорт (ГК «Автоимпорт»)	autoimport62.ru	К12 Автодилер	Рязанская область	Открыл ДЦ «VOLGA Автоимпорт 71» в Туле (Октябрьская, 320/1)	2026-06	https://vk.com/wall-239339734_5	Перегородки, столы менеджеров и стойки для серии новых ДЦ в Рязани и Туле			Игорь Евгеньевич Смирнов	Генеральный директор ООО «Компания «Автоимпорт» (с момента основания, по ЕГРЮЛ)	ДАННЫЕ	https://www.rusprofile.ru/id/2427920	общий: https://autoimport62.ru/	Открыт дилерский центр «VOLGA Автоимпорт 71» в Туле (Октябрьская, 320/1)	2026-06	https://vk.com/wall-239339734_5	Денис Петрунин указан как управляющий директор ГК (autostat.ru), дата интервью не установлена, возможно устарело - ГИПОТЕЗА. Руководителя строительства/АХО не найдено.
125	Restorator Projects		К13 Ресторанные группы и сети	Воронежская область	Открытие стейк-хауса Born на Плехановской (конец сентября 2026) и нового ресторана российской кухни на Куколкина, 29 (до конца 20…	2026-09	https://ploschadnews.ru/vmesto-gruzinskogo-proekta-na-meste-voronezhskogo-the-covok-otkroetsya-zavedenie-s-kuhnej-neskolkih-regionov-rossii/	Перегородки, зеркала и столы с каменными столешницами под два открытия осени 2026			Олег Елютин	руководитель проекта	ГИПОТЕЗА	входной файл (не проверено)		Открытие стейк-хауса Born на Плехановской (конец сентября 2026) и нового ресторана российской кухни на Куколкина, 29 (до конца 20…	2026-09	https://ploschadnews.ru/vmesto-gruzinskogo-proekta-na-meste-voronezhskogo-the-covok-otkroetsya-zavedenie-s-kuhnej-neskolkih-regionov-rossii/	Поиск не выполнен: исчерпан лимит WebSearch сессии (200/200). Факт взят из входного файла, не перепроверен. ЛПР из входного файла, актуальность не проверена.
126	Гостиничный комплекс «Аметист» (СЗ Аметист)	ametist-hotel.ru	К11 Отели и гостиничные компании	МО	Получено разрешение на ввод (23.04.2026); идёт передача номеров под комплектацию	2026-04	https://ametist-hotel.ru/	пакет комплектации номеров: зеркала (в т.ч. с LED), столы-консоли, стеклянные перегородки…	+7 (495) 165-49-39	a@sz-1.ru			не найдено		a@sz-1.ru	Получено разрешение на ввод (23.04.2026); идёт передача номеров под комплектацию	2026-04	https://ametist-hotel.ru/	Поиск не выполнен: исчерпан лимит WebSearch сессии (200/200). Факт взят из входного файла, не перепроверен. ЛПР не искали.
127	СТАНДАРТ БАР	standartbar.ru	К4 HoReCa-комплектатор	МО	проект 2026: кухни для 160 номеров Skolkovo Hotel	2026.0	https://standartbar.ru/	зеркала и стеклянные перегородки к номерным и ресепшен-проектам	+7 (495) 266-69-22	info@standartbar.ru			не найдено		info@standartbar.ru	проект 2026: кухни для 160 номеров Skolkovo Hotel	2026.0	https://standartbar.ru/	Поиск не выполнен: исчерпан лимит WebSearch сессии (200/200). Факт взят из входного файла, не перепроверен. ЛПР не искали.
128	DOGMA	dogma.ru	К8 Девелопер	МО	Согласовано строительство поликлиники в ЖК Публицист (Пушкино); ЭВО и Публицист вошли в топ-5 ЕРЗ по потребкачествам	2026-09	https://dogma.ru/	Зеркала/перегородки для лобби и МОП Публицист/ЭВО/Космопарк; регистрация в ca.dogma.ru	8 800 222 04 93				не найдено			Согласовано строительство поликлиники в ЖК Публицист (Пушкино); ЭВО и Публицист вошли в топ-5 ЕРЗ по потребкачествам	2026-09	https://dogma.ru/	Поиск не выполнен: исчерпан лимит WebSearch сессии (200/200). Факт взят из входного файла, не перепроверен. ЛПР не искали.
129	Тройка Рэд (3-RED)	3-red.com	К8 Девелопер	МО	Открыта новая школа на 1675 учеников в квартале — одна из крупнейших в Подмосковье	2026-09	https://3-red.com/	Зеркала и перегородки для МОП/лобби новых корпусов Новотомилино и Видный Берег 2.0	+7 (499) 211-22-33				не найдено			Открыта новая школа на 1675 учеников в квартале — одна из крупнейших в Подмосковье	2026-09	https://3-red.com/	Поиск не выполнен: исчерпан лимит WebSearch сессии (200/200). Факт взят из входного файла, не перепроверен. ЛПР не искали.
130	SMSTRETCHING	smstretching.ru	К13 Ресторанные группы и сети	Москва	2 июля 2026 открыта первая студия пилатеса на реформерах в Раменках	2026-07	https://fortisvita.ru/news/smstretching-otkryl-v-ramenkakh-pervuyu-studiyu-2026-07-02	Зеркальные стены и LED-зеркала для залов, стеклянные перегородки ресепшн — типовой пакет …					не найдено			2 июля 2026 открыта первая студия пилатеса на реформерах в Раменках	2026-07	https://fortisvita.ru/news/smstretching-otkryl-v-ramenkakh-pervuyu-studiyu-2026-07-02	Поиск не выполнен: исчерпан лимит WebSearch сессии (200/200). Факт взят из входного файла, не перепроверен. ЛПР не искали.
131	Братья Караваевы	karavaevi.ru	К13 Ресторанные группы и сети	Москва	7 сентября 2026 открыта кулинарная лавка на Юго-Западной	2026-09	https://dosugator.ru/events/otkrytie-kulinarnoi-lavki-bratia-karavaevy-na-iugo-zapadnoi/	Зеркала для залов и санузлов, столы и консоли в типовой стандарт лавки					не найдено			7 сентября 2026 открыта кулинарная лавка на Юго-Западной	2026-09	https://dosugator.ru/events/otkrytie-kulinarnoi-lavki-bratia-karavaevy-na-iugo-zapadnoi/	Поиск не выполнен: исчерпан лимит WebSearch сессии (200/200). Факт взят из входного файла, не перепроверен. ЛПР не искали.
132	Дринкит (Drinkit)	drinkit.ru	К13 Ресторанные группы и сети	Москва	С 1 января по 5 мая 2026 открыто 33 новые кофейни в Москве, ещё 57 на стадии запуска	2026-05	https://svoedeloplus.ru/2026/05/12/set-drinkit-otkryla-v-moskve-33-novye-kofejni-za-polgoda/	Типовые зеркала, стойки/столы из стекла и металла для франчайзи — через УК сети					не найдено			С 1 января по 5 мая 2026 открыто 33 новые кофейни в Москве, ещё 57 на стадии запуска	2026-05	https://svoedeloplus.ru/2026/05/12/set-drinkit-otkryla-v-moskve-33-novye-kofejni-za-polgoda/	Поиск не выполнен: исчерпан лимит WebSearch сессии (200/200). Факт взят из входного файла, не перепроверен. ЛПР не искали.
133	ТОПГАН (TOPGUN)		К13 Ресторанные группы и сети	Москва	10 мая 2026 открытие нового ТОПГАН в ТЦ МЕГА (Казань)	2026-05	https://vk.com/wall-144751848_1284	Зеркала барберских мест (в т.ч. LED) в стандарт франшизы, стеклянные перегородки					не найдено			10 мая 2026 открытие нового ТОПГАН в ТЦ МЕГА (Казань)	2026-05	https://vk.com/wall-144751848_1284	Поиск не выполнен: исчерпан лимит WebSearch сессии (200/200). Факт взят из входного файла, не перепроверен. ЛПР не искали.
134	Хлебник		К13 Ресторанные группы и сети	Москва	Число пекарен в Москве выросло с 16 (сент. 2025) до 33 (авг. 2026), ещё 10 в стройке	2026-08	https://svoedeloplus.ru/2026/08/18/hlebnik-udvoil-kolichestvo-pekaren-v-moskve-s-sentyabrya-proshlogo-goda/	Типовые зеркала, столы и стеклянные элементы на каждое открытие (10 пекарен в стройке)					не найдено			Число пекарен в Москве выросло с 16 (сент. 2025) до 33 (авг. 2026), ещё 10 в стройке	2026-08	https://svoedeloplus.ru/2026/08/18/hlebnik-udvoil-kolichestvo-pekaren-v-moskve-s-sentyabrya-proshlogo-goda/	Поиск не выполнен: исчерпан лимит WebSearch сессии (200/200). Факт взят из входного файла, не перепроверен. ЛПР не искали.
135	Mátes (городские проекты)		К13 Ресторанные группы и сети	Москва	Новая точка Mátes на Чистопрудном бульваре, 2 (сентябрь 2026)	2026-09	https://snob.ru/food/russkaia-kukhnia-v-gume-goticheskii-bar-i-leopardovyi-tiramisu-gastronomicheskii-daidzhest-sentiabria/	Настенные зеркала и LED-зеркала, стеклянные перегородки, столы с каменными/стеклянными ст…					не найдено			Новая точка Mátes на Чистопрудном бульваре, 2 (сентябрь 2026)	2026-09	https://snob.ru/food/russkaia-kukhnia-v-gume-goticheskii-bar-i-leopardovyi-tiramisu-gastronomicheskii-daidzhest-sentiabria/	Поиск не выполнен: исчерпан лимит WebSearch сессии (200/200). Факт взят из входного файла, не перепроверен. ЛПР не искали.
136	Substance		К13 Ресторанные группы и сети	Москва	Филиалы Substance в Парке Горького и на Рождественском бульваре (открытия лета 2026)	2026-07	https://thefair.ru/article/novye-restorany-kafe-bary-moskvy-leto-2026	Барные столы, зеркала, перегородки из стекла и металла для новых точек					не найдено			Филиалы Substance в Парке Горького и на Рождественском бульваре (открытия лета 2026)	2026-07	https://thefair.ru/article/novye-restorany-kafe-bary-moskvy-leto-2026	Поиск не выполнен: исчерпан лимит WebSearch сессии (200/200). Факт взят из входного файла, не перепроверен. ЛПР не искали.
137	Unikey (Юникей)		К8 Девелопер	Москва	В июле 2026 вошла в ТОП-5 по объёму продаж в Новой Москве	2026-08	https://metr1.ru/2026/08/10/federalnyj-developer-unikey-prazdnuet-pjatiletie-s	Выйти на нового директора тендерного департамента: зеркала и стекло для МОП новых ЖК					не найдено			В июле 2026 вошла в ТОП-5 по объёму продаж в Новой Москве	2026-08	https://metr1.ru/2026/08/10/federalnyj-developer-unikey-prazdnuet-pjatiletie-s	Поиск не выполнен: исчерпан лимит WebSearch сессии (200/200). Факт взят из входного файла, не перепроверен. ЛПР не искали.
138	RED2SPACE	red2space.ru	К10 Архитектор / дизайн-бюро	Москва	Шорт-лист BOA 2026 сразу с 2 проектами (Северсталь «Бренд и имидж», БЦ «Легион II» МОП) + публикация Severstal Offices на Office …	2026-08	https://officesnapshots.com/2026/08/28/severstal-offices-moscow-2/	Стеклянные перегородки (лофт/раздвижные), маркерные доски и столы в спецификации офисных …					не найдено			Шорт-лист BOA 2026 сразу с 2 проектами (Северсталь «Бренд и имидж», БЦ «Легион II» МОП) + публикация Severstal Offices на Office …	2026-08	https://officesnapshots.com/2026/08/28/severstal-offices-moscow-2/	Поиск не выполнен: исчерпан лимит WebSearch сессии (200/200). Факт взят из входного файла, не перепроверен. ЛПР не искали.
139	Casa Tredici (Бюро 13)	13.do	К10 Архитектор / дизайн-бюро	Москва	Вакансии «Менеджер проектов» и «Реализующий дизайнер»	2026-09	https://hh.ru/vacancy/137441836	Партнёрская программа; перегородки и столы для загородных домов					не найдено			Вакансии «Менеджер проектов» и «Реализующий дизайнер»	2026-09	https://hh.ru/vacancy/137441836	Поиск не выполнен: исчерпан лимит WebSearch сессии (200/200). Факт взят из входного файла, не перепроверен. ЛПР не искали.
140	Sundukovy Sisters	sundukovy.com	К10 Архитектор / дизайн-бюро	Москва	Открыта вакансия руководителя проектов	2026-09	https://hh.ru/vacancy/137651592	Партнёрская программа; стекло и зеркала под текущие проекты					не найдено			Открыта вакансия руководителя проектов	2026-09	https://hh.ru/vacancy/137651592	Поиск не выполнен: исчерпан лимит WebSearch сессии (200/200). Факт взят из входного файла, не перепроверен. ЛПР не искали.
141	SL Architects (SL Project)	ab-sl.ru	К10 Архитектор / дизайн-бюро	Москва	Вакансия «Ведущий дизайнер-архитектор (премиум интерьер)»	2026-09	https://hh.ru/vacancy/136561609	Перегородки и зеркала для резиденций; партнёрская скидка					не найдено			Вакансия «Ведущий дизайнер-архитектор (премиум интерьер)»	2026-09	https://hh.ru/vacancy/136561609	Поиск не выполнен: исчерпан лимит WebSearch сессии (200/200). Факт взят из входного файла, не перепроверен. ЛПР не искали.
142	Бюро Полины Пидцан	polinapidtsan.ru	К10 Архитектор / дизайн-бюро	Москва	Вакансия «Руководитель проектов (интерьер)»	2026-09	https://hh.ru/vacancy/137704089	Зеркала с LED, перегородки в стиле ар-деко под размер					не найдено			Вакансия «Руководитель проектов (интерьер)»	2026-09	https://hh.ru/vacancy/137704089	Поиск не выполнен: исчерпан лимит WebSearch сессии (200/200). Факт взят из входного файла, не перепроверен. ЛПР не искали.
143	Diana Danieli Home	danielihome.com	К10 Архитектор / дизайн-бюро	Москва	Вакансия «Менеджер проектов / комплектатор (интерьеры люкс)»	2026-09	https://hh.ru/vacancy/137003491	Выйти на нового комплектатора: партнёрская программа, зеркала/перегородки/стеклянные стол…					не найдено			Вакансия «Менеджер проектов / комплектатор (интерьеры люкс)»	2026-09	https://hh.ru/vacancy/137003491	Поиск не выполнен: исчерпан лимит WebSearch сессии (200/200). Факт взят из входного файла, не перепроверен. ЛПР не искали.
144	Leyla Uluhanli Interiors	leylauluhanli.com	К10 Архитектор / дизайн-бюро	Москва	Вакансия «Дизайнер интерьеров» — «в связи с развитием и расширением компании»	2026-09	https://hh.ru/vacancy/137162344	Стеклянные/зеркальные элементы и металлокомпоненты под их мебельные коллекции; партнёрска…			Лейла Улуханли	основатель	ГИПОТЕЗА	входной файл (не проверено)		Вакансия «Дизайнер интерьеров» — «в связи с развитием и расширением компании»	2026-09	https://hh.ru/vacancy/137162344	Поиск не выполнен: исчерпан лимит WebSearch сессии (200/200). Факт взят из входного файла, не перепроверен. ЛПР из входного файла, актуальность не проверена.
145	Тверская 24 (гостиница на месте доходного дома Мо…		К11 Отели и гостиничные компании	Москва	Получено разрешение на ввод гостиницы в эксплуатацию — стадия оснащения/выбора оператора	2026-05	https://www.frontdesk.ru/article/gostinica-zamenivshaya-dokhodnyy-dom-molchanovykh-gotova	Срочная комплектация перед открытием: зеркала с LED, душевые перегородки, консоли и столы…			Александр Лебедев	генеральный директор (по данным frontde…	ГИПОТЕЗА	входной файл (не проверено)		Получено разрешение на ввод гостиницы в эксплуатацию — стадия оснащения/выбора оператора	2026-05	https://www.frontdesk.ru/article/gostinica-zamenivshaya-dokhodnyy-dom-molchanovykh-gotova	Поиск не выполнен: исчерпан лимит WebSearch сессии (200/200). Факт взят из входного файла, не перепроверен. ЛПР из входного файла, актуальность не проверена.
146	Гута-Девелопмент (отель Savoy на «Красном Октябре…		К11 Отели и гостиничные компании	Москва	Представлен проект редевелопмента «Красного Октября» с 5* отелем Savoy; идёт стройка	2026-07	https://msk1.ru/text/realty/2026/07/21/76545964/	Премиальные зеркала, стеклянные перегородки и дизайнерские столы для отеля Savoy и лобби …			Геннадий Устинов	коммерческий директор (по данным mn.ru)	ГИПОТЕЗА	входной файл (не проверено)		Представлен проект редевелопмента «Красного Октября» с 5* отелем Savoy; идёт стройка	2026-07	https://msk1.ru/text/realty/2026/07/21/76545964/	Поиск не выполнен: исчерпан лимит WebSearch сессии (200/200). Факт взят из входного файла, не перепроверен. ЛПР из входного файла, актуальность не проверена.
147	Группа Аквилон (апарт-отель Signal)		К11 Отели и гостиничные компании	Москва	Апарт-отель Signal: окончание стройки конец 2026, запуск 2027 — стадия отделки/оснащения		https://www.kommersant.ru/doc/8230408	Типовые зеркала с подсветкой и душевые перегородки для сотен апартаментов, стеклянные пер…			Михаил Рогатых	директор по развитию (по данным Коммерсант…	ГИПОТЕЗА	входной файл (не проверено)		Апарт-отель Signal: окончание стройки конец 2026, запуск 2027 — стадия отделки/оснащения		https://www.kommersant.ru/doc/8230408	Поиск не выполнен: исчерпан лимит WebSearch сессии (200/200). Факт взят из входного файла, не перепроверен. ЛПР из входного файла, актуальность не проверена.
148	Гостиница «Россия» у Зарядья (Варварка, 5*)		К11 Отели и гостиничные компании	Москва	Отель заявлен к открытию в 2026; в здании уже открыт ресторан Magritte — стадия финального оснащения	2026-05	https://domusia.ru/news/novikov-group-otkryl-restoran-magritte-u-2026-07-01	Выйти на собственника/технического заказчика: премиальные зеркала, стеклянные перегородки…					не найдено			Отель заявлен к открытию в 2026; в здании уже открыт ресторан Magritte — стадия финального оснащения	2026-05	https://domusia.ru/news/novikov-group-otkryl-restoran-magritte-u-2026-07-01	Поиск не выполнен: исчерпан лимит WebSearch сессии (200/200). Факт взят из входного файла, не перепроверен. ЛПР не искали.
149	Независимость (ГК «Независимость»)	nezavisimost.com	К12 Автодилер	Москва	Открыл ДЦ Foton на 74 км МКАД (3064 м², шоурум 400 м²)	2026-08	https://abreview.ru/ab/news/foton_ukrepil_dilerskuyu_set_v_moskve/	Перегородки для офисов продаж и клиентской зоны нового комплекса, столы переговоров					не найдено			Открыл ДЦ Foton на 74 км МКАД (3064 м², шоурум 400 м²)	2026-08	https://abreview.ru/ab/news/foton_ukrepil_dilerskuyu_set_v_moskve/	Поиск не выполнен: исчерпан лимит WebSearch сессии (200/200). Факт взят из входного файла, не перепроверен. ЛПР не искали.
150	Автомир (ГК «Автомир»)	avtomir.ru	К12 Автодилер	Москва	Открыл два ДЦ GAC в столичном регионе — в Балашихе и Крылатском	2026-08	https://abreview.ru/ab/news/set_gac_vyrosla_do_108_tsentrov/	Рамочный договор на стеклянные перегородки и мебель для новых ДЦ по всей сети					не найдено			Открыл два ДЦ GAC в столичном регионе — в Балашихе и Крылатском	2026-08	https://abreview.ru/ab/news/set_gac_vyrosla_do_108_tsentrov/	Поиск не выполнен: исчерпан лимит WebSearch сессии (200/200). Факт взят из входного файла, не перепроверен. ЛПР не искали.
151	БорисХоф	borishof.ru	К12 Автодилер	Москва	Открыл новый ДЦ GAC в столичном регионе	2026-08	https://abreview.ru/ab/news/set_gac_vyrosla_do_108_tsentrov/	Перегородки кабинетов менеджеров, столы переговоров для нового шоурума					не найдено			Открыл новый ДЦ GAC в столичном регионе	2026-08	https://abreview.ru/ab/news/set_gac_vyrosla_do_108_tsentrov/	Поиск не выполнен: исчерпан лимит WebSearch сессии (200/200). Факт взят из входного файла, не перепроверен. ЛПР не искали.
152	Бизнес Кар	bc-toyota.ru	К12 Автодилер	Москва	Открыл новый ДЦ GAC в столичном регионе	2026-08	https://abreview.ru/ab/news/set_gac_vyrosla_do_108_tsentrov/	Стеклянные перегородки и мебель для нового шоурума					не найдено			Открыл новый ДЦ GAC в столичном регионе	2026-08	https://abreview.ru/ab/news/set_gac_vyrosla_do_108_tsentrov/	Поиск не выполнен: исчерпан лимит WebSearch сессии (200/200). Факт взят из входного файла, не перепроверен. ЛПР не искали.
153	Рестораны Раппопорта	rappoport.restaurant	К13 Ресторанные группы и сети	Москва	Новый ресторан русско-французской кухни с кондитерской в подборке РБК (май 2026)	2026-05	https://style.rbc.ru/food_wine/6a1451349a794703d557a4f9	Декоративные зеркала (в т.ч. LED) и стеклянные перегородки для премиум-интерьеров			Александр Раппопорт	Основатель холдинга «Рестораны Раппопорта»	ДАННЫЕ	https://style.rbc.ru/food_wine/698349f09a79470f1726562a		5 февраля 2026 открыли «Машенька» у Зарядья (первое большое открытие за ~5 лет); в подборке РБК май 2026 - Savras (русско-французская кухня с кондитерской), в планах ещё несколько проектов, часть от 1000 кв. м	2026-05	https://style.rbc.ru/food_wine/6a1451349a794703d557a4f9	Юрлицо/закупщик не установлен: уточнить, кто ведёт комплектацию (директор по развитию/УК). Название Savras взято из выдачи, проверить в статье РБК
154	Росинтер Ресторантс	rosinter.ru	К13 Ресторанные группы и сети	Москва	В 2026 открыты кофейня «Лалибела кофе» и iL Патио на Ленинградском вокзале, до конца 2026 — ещё точка	2026.0	https://www.rosinter.ru/press-center/view-2914/	Типовые LED-зеркала и перегородки под новый дизайн-концепт iL Патио — серийные поставки			Маргарита Костеева	Президент, генеральный директор (назначена в 2019)	ГИПОТЕЗА	https://www.rusprofile.ru/id/626593		Возврат на Ленинградский вокзал после реконструкции: комплекс iL Патио, кофейня «Лалибела кофе» и точка «Вкусно - и точка» (план начала 2026, по данным пресс-центра Росинтера)	2026-01	https://www.rosinter.ru/press-center/view-2914/	Актуальность Костеевой в 2026 не подтверждена свежим источником. Руководителя развития/строительства не найдено. Точную дату открытия iL Патио проверить в пресс-центре
155	Кофемания	coffeemania.ru	К13 Ресторанные группы и сети	Москва	22 сентября 2026 открыта «Кофемания» в СберСити	2026-09	https://sbercity.ru/news/33	Зеркала с LED для санузлов, стеклянные перегородки, консоли и столы — типовой пакет на от…			Игорь Журавлёв	Основатель, генеральный директор ООО «Ортизей» (владеет 75%)	ДАННЫЕ	https://www.rusprofile.ru/id/1237700512444		22 сентября 2026 открыта «Кофемания» в СберСити	2026-09	https://sbercity.ru/news/33	Директора по развитию/строительству не найдено. Дату источника ЕГРЮЛ проверить руками. Retail.ru от 31.07.2026: компания опровергла данные о массовом закрытии ресторанов
156	Персона (сеть имидж-лабораторий)	persona.ru	К13 Ресторанные группы и сети	Москва	Открытие «Персоны Алтуфьево» 15 июня 2026	2026-06	https://persona.ru/events/skoro-otkrytie-persony-altufevo/	Зеркала парикмахерских мест с LED-подсветкой сериями под каждое открытие, стеклянные пере…			Игорь Стоянов	Основатель и президент сети «Персона»	ГИПОТЕЗА	https://skillbox.ru/media/business/interview-igor-stoyanov/		Открытие «Персоны Алтуфьево» 15 июня 2026 (из файла; в моей выдаче второго подтверждения нет), формат бьюти-парков, план 2-3 точки в год	2026-06	https://persona.ru/events/skoro-otkrytie-persony-altufevo/	Даты интервью не видны, поэтому ГИПОТЕЗА. Сегмент фактически бьюти-ритейл, не ресторан. Факт по Алтуфьево проверить на persona.ru
157	Perelman People	perelmanpeople.com	К13 Ресторанные группы и сети	Москва	Новое суши-кафе Perelman People в подборке открытий апреля 2026	2026-04	https://www.buro247.ru/impressions/food/16-apr-2026-restaurants-opening-in-the-beginning-o.html	Зеркала, стеклянные перегородки и столы для новых форматов			Владимир Перельман	Основатель холдинга Perelman People	ДАННЫЕ	https://www.gazetametro.ru/articles/vladimir-perelman-rasskazal-kak-sebja-chuvstvuet-restorannyj-biznes-v-moskve-23-01-2026		Новое суши-кафе «Рыба моя в Японии» в ЖК Lucky (2-я Звенигородская, 12) в подборке открытий апреля 2026	2026-04	https://www.buro247.ru/impressions/food/16-apr-2026-restaurants-opening-in-the-beginning-o.html	Название проекта и адрес из сниппета выдачи, сверить со статьёй Buro247. Руководителя комплектации не найдено
158	Vasilchuki Restaurant Group (Чайхона №1)	chaihona.ru	К13 Ресторанные группы и сети	Москва	Основатель запустил в Москве новый проект «Чудо-Юдо» с планом развития по франшизе (сентябрь 2026)	2026-09	https://www.retail.ru/interviews/timur-lanskiy-chaykhona-1-luchshe-voobshche-nichego-ne-zarabatyvat-no-sokhranit-biznes-chem-uvelichi/	LED-зеркала и перегородки для франшизного стандарта «Чудо-Юдо», столы для залов			Тимур Ланский	Основатель, владелец «Чайхоны №1» и холдинга «Рестораны Тимура Ланского»	ДАННЫЕ	https://www.retail.ru/interviews/timur-lanskiy-chaykhona-1-luchshe-voobshche-nichego-ne-zarabatyvat-no-sokhranit-biznes-chem-uvelichi/		Запуск в Москве рыбного ресторана «Чудо-Юдо» (партнёр Анатолий Казаков) с планом франшизы; холдинг около 130 ресторанов	2026-09	https://www.retail.ru/interviews/timur-lanskiy-chaykhona-1-luchshe-voobshche-nichego-ne-zarabatyvat-no-sokhranit-biznes-chem-uvelichi/	Для франшизных стандартов нужен директор по развитию/франчайзинга, не найден. Точную дату интервью проверить
159	90th Floor (Mume)		К13 Ресторанные группы и сети	Москва	В мае 2026 на 90-м этаже башни «Федерация» открыт ресторан Monomakh	2026-05	https://redspecial.ru/link/2026-05-07-otkrilsya-restoran-monomakh	Премиальные зеркала, стеклянные перегородки и столы из камня/стекла для панорамных залов					не найдено			В мае 2026 на 90-м этаже башни «Федерация» открыт ресторан Monomakh (русско-византийская кухня, от команды Mume; шеф Ярослав Бален)	2026-05	https://redspecial.ru/link/2026-05-07-otkrilsya-restoran-monomakh	Собственник/ГД юрлица не подтверждён (упоминание про бывшего директора «Аэромара» неподтверждено, тёзку не брать). Смотреть ЕГРЮЛ по сайту 90floor.ru
160	Cleversport		К13 Ресторанные группы и сети	Москва	Cleversport откроет 10 фитнес-клубов в Москве и области, инвестиции 14 млрд руб.	2026.0	https://www.kommersant.ru/doc/8799155	Рамочный договор на зеркала (в т.ч. LED) для залов/раздевалок и стеклянные перегородки на…			Алексей Подольский	Директор по региональному развитию	ДАННЫЕ	https://www.sostav.ru/publication/cleversport-investiruet-14-mlrd-rublej-v-razvitie-seti-fitnes-klubov-v-moskve-85135.html		Cleversport откроет 10 фитнес-клубов в Москве и области, инвестиции 14 млрд руб.; первый клуб 7,2 тыс. кв. м в ЖК «Литературный квартал» (Самолёт), формат build-to-rent	2026	https://www.kommersant.ru/doc/8799155	Сегмент не ресторан, а фитнес-сеть. Точный месяц публикации не виден. Владельцы по выдаче: Е. Вайнер, М. Чудновский, Т. Анисимов. Опоры на сроки: первый клуб заявлен на 2030
161	BarRestoGroup		К13 Ресторанные группы и сети	Москва	Открытие ресторана-бара-лаунжа «Мандарин» в Малом Черкасском пер., 2 — сентябрь 2026	2026-09	https://www.restorating.ru/msk/best/comingsoon-msk	Стеклянные перегородки/лаунж-зонирование, LED-зеркала для санузлов, консоли хостес под от…			Никита Татаев	Управляющий партнёр BarRestoGroup	ГИПОТЕЗА	https://www.rbc.ru/life/news/6558ad009a79473787b42c5e		Ресторан-бар-лаунж «Мандарин» в Малом Черкасском пер. на месте Mandarin Combustible, открытие осень (сентябрь) 2026	2026-09	https://www.restorating.ru/msk/best/comingsoon-msk	Источник по Татаеву 2023, актуальность проверить. Мандарин ведёт BarRestoGroup (Garda, Coba, Ткемали)
162	Комитет (ресторанная группа)		К13 Ресторанные группы и сети	Москва	Открытие Margot bistro на Большой Никитской (200+ мест) — середина сентября 2026	2026-09	https://openkitchen.eda.yandex/article/places/guides/otkrytiya-oseni-2026-moskva-sanktpeterburg-kazan	Перегородки, зеркала и столы с каменными столешницами для Margot и следующих проектов гру…					не найдено			Открытие Margot bistro на Большой Никитской (200+ мест), середина сентября 2026	2026-09	https://openkitchen.eda.yandex/article/places/guides/otkrytiya-oseni-2026-moskva-sanktpeterburg-kazan	ЛПР не найден: в выдаче только СПб-группа «Комитет Груп» (restoclub/restorating), связь с московским Margot не подтверждена, возможна путаница юрлиц. Факт взят из входного файла и независимо не проверен: лимит WebSearch исчерпан, WebFetch заблокирован прокси.
163	Semifreddo (ресторанная группа)		К13 Ресторанные группы и сети	Москва	Открыта Osteria Italiana в центре Санкт-Петербурга (осень 2026)	2026-09	https://openkitchen.eda.yandex/article/places/guides/otkrytiya-oseni-2026-moskva-sanktpeterburg-kazan	Стеклянные перегородки для сигарных/VIP-зон, зеркала, консоли — под экспансию группы			Игорь Витошинский	Основатель Semifreddo Group	ДАННЫЕ	https://www.kommersant.ru/doc/8877513		Osteria Italiana - первый петербургский проект Semifreddo Group: ресторан в БЦ LSR Group в начале Невского пр., старт в сентябре 2026	2026-09	https://www.kommersant.ru/doc/8877513	Руководителя стройки/комплектации не найдено. Дату материала Коммерсанта подтвердить руками
164	Meeting Point	point2meet.ru	К1 Сервисные офисы / коворкинги	Москва	Строит сервисные офисы 1700 кв. м на 8 этаже ДЦ «Москва», завершение — декабрь 2026	2026-03	https://office-news.ru/meeting-point-postroit-servisnye-ofisy-na-8-etazhe-dc-moskva/tsao/	Перегородки для офисных блоков и переговорных нового этажа (сдача 12.2026), маркерные дос…			Лариса Афанасьева	Генеральный директор Meeting Point	ДАННЫЕ	https://office-news.ru/meeting-point-postroit-servisnye-ofisy-na-8-etazhe-dc-moskva/tsao/		Строит сервисные офисы 1700 кв. м на 8 этаже ДЦ «Москва» (Охотный Ряд, 2): открытые зоны и закрытые кабинеты, завершение декабрь 2026	2026-03	https://office-news.ru/meeting-point-postroit-servisnye-ofisy-na-8-etazhe-dc-moskva/tsao/	Для закупки стекла лучше найти руководителя развития/fit-out, в выдаче не найден. Афанасьева также на cre.ru/expert/2789
165	FORMA (Форма, ГК ПИК)	forma.ru	К8 Девелопер	Москва	С 1 августа 2026 получила почти все проекты бренда «Среда», включая БЦ на Варшавской (FORMA workplace)	2026-08	https://realty.ria.ru/20260703/gruppa-2102510948.html	Стеклянные перегородки для офисов FORMA workplace и зеркала/мебель лобби для ЖК бизнес-кл…			Антон Валявин	Директор блока девелопмента коммерческой недвижимости FORMA	ДАННЫЕ	https://www.kommersant.ru/doc/8977532		С 1 августа 2026 FORMA получила проекты бренда «Среда»: «Среда на Варшавском» вошла в линейку FORMA workplace (название «Сплит»), жилые «Среда на Лобачевского» и «на Кутузовском» переименованы в «Натив» и «Индиво»	2026-08	https://realty.ria.ru/20260703/gruppa-2102510948.html	Валявин отвечает за офисы (FORMA workplace), для жилых лобби нужен другой контакт (закупки ПИК/FORMA). Соотнесение «Среда на Варшавском» и «Сплит» проверить: выдача показывает офисный СПЛИТ в Москворечье-Сабурово
166	Upside Development	upside.ru	К8 Девелопер	Москва	Структура Upside (ООО «Рощинская») выиграла торги по проекту 2-й очереди Will Towers в Раменках	2026-08	https://realty.ria.ru/20260828/ramenki-2113781387.html	Зеркала, стеклянные перегородки и мебель лобби для 2-й очереди Will Towers			Алексей Перлин (Алексей Олегович)	Генеральный директор (по данным профиля РБК на май 2026)	ГИПОТЕЗА	https://companies.rbc.ru/id/1207700405000-upside-development/		Структура Upside (ООО «Рощинская») выиграла торги на проект 2-й очереди Will Towers в Раменках (сумма покупки около 4,9 млрд руб. по dvizhenie.ru); застройку 2-й очереди ведёт Upside Development	2026-08	https://realty.ria.ru/20260828/ramenki-2113781387.html	ГД по ЕГРЮЛ/профилю РБК, проверить ФИО и юрлицо (Upside Development и ООО «Рощинская» разные). Директора по закупкам/строительству не найдено
167	СИТИ21 (Сити-XXI век)	city21.ru	К8 Девелопер	Москва	Получено разрешение на строительство ЖК «Вавилова 64» в Гагаринском районе	2026-09	https://realty.ria.ru/20260921/siti21-2119226313.html	Стекло, зеркала и мебель МОП для нового ЖК «Вавилова 64»; аккредитация на ЭТП					не найдено			Получено разрешение на строительство ЖК «Вавилова 64» в Гагаринском районе	2026-09	https://realty.ria.ru/20260921/siti21-2119226313.html	ЛПР не искали: лимит WebSearch исчерпан до этой компании. Нужно найти ГД по ЕГРЮЛ и руководителя закупок. Факт взят из входного файла и независимо не проверен: лимит WebSearch исчерпан, WebFetch заблокирован прокси.
168	ФМК «Агат»	agatmk.ru	К6 Комплектатор образования	Липецкая область	Выручка по ФНС выросла до 1,4 млрд руб.; свежие контракты июль 2026 (МБОУ СОШ №3 г. Лебедянь 1,23 млн, школа «Хазина» 1,29 млн)	2026-07	https://checko.ru/company/1224800000149/contracts	Стеклянные маркерные доски и зеркала как допкомплектация к их школьной мебели; дилерские/…	8 (800) 350-96-91	fmk-info@agatmk.ru	Евгений Серафимович Бураков	Генеральный директор, единственный учредитель ООО ФМК «Агат» (ИНН 4826152406)	ДАННЫЕ	https://www.rusprofile.ru/id/1224800000149	Общий контакт компании: 8 (800) 350-96-91, fmk-info@agatmk.ru (из файла)	Контракты июль 2026: МБОУ СОШ №3 г. Лебедянь 1,23 млн и школа «Хазина» 1,29 млн; выручка по ФНС выросла до 1,4 млрд руб., штат вырос с 26 (2022) до 49 (2025)	2026-07	https://checko.ru/company/1224800000149/contracts	Данные по контрактам из файла, независимо не проверены. Есть другое юрлицо ООО «ФМК» (ИНН 4800015500), не путать
169	ЭнергияЛаб	vrnlab.ru	К6 Комплектатор образования	Воронежская область	Сентябрь 2026: запуск линейки «Агроклассы» и завершено оснащение образовательного кластера в Тольятти	2026-09	https://vrnlab.ru/	Стеклянные маркерные доски и столы/стеллажи с металлокаркасом в комплект лабораторий; OEM…	+7 473 202-99-09	info@vrnlab.ru	Ирина Викторовна Бастрыгина	Генеральный директор и 100% владелец	ГИПОТЕЗА	https://www.rusprofile.ru/id/1213600010568	Общий контакт компании: info@vrnlab.ru, +7 473 202-99-09	Сентябрь 2026: запуск линейки «Агроклассы» и завершено оснащение образовательного кластера в Тольятти (со страницы vrnlab.ru, из файла)	2026-09	https://vrnlab.ru/	Два юрлица в выдаче: ООО «Энергиялаб» (ИНН 3662179203) и ООО НТП «Энергиялаб» (ИНН 3665814848), какое из них ведёт vrnlab.ru - проверить. Дата источника ЛПР не видна. Факт не проверен независимо
170	Отель Линкс (Links National Golf Club)		К11 Отели и гостиничные компании	МО	Отель на 200 номеров в стройке, открытие II кв. 2027 (стадия отделки/оснащения)	2026-07	https://www.frontdesk.ru/article/500-novykh-nomerov-mogut-popolnit-zagorodnyy-kurortnyy-fond-moskovskoy-oblasti	Комплектация 200 номеров: зеркала с LED, душевые перегородки; стеклянные перегородки для …			Олег Кустиков	Генеральный директор компании «Отель Линкс»	ГИПОТЕЗА	https://hospitalityguide.ru/news/otel-premium-segmenta-poyavitsya-v-podmoskove/		Пятизвёздочный отель на 200 номеров на территории Links National Golf Club (Дмитровский округ): по обновлению мая 2026 строительство завершат в течение года; ранее срок IV кв. 2025 сдвинулся	2026-05	https://hospitalityguide.ru/news/otel-premium-segmenta-poyavitsya-v-podmoskove/	Точный источник ФИО в выдаче не привязан к странице, дату не видно: проверить по ЕГРЮЛ ООО «Отель Линкс». В файле указан срок открытия II кв. 2027 (frontdesk.ru), расхождение со сроком «в течение года от мая 2026»
171	Русские Сезоны (конгресс-отель «Красное»)		К11 Отели и гостиничные компании	МО	Анонс конгресс-отеля на 450 номеров в Подмосковье	2026-09	https://hotelinsider.ru/russkie-sezony-kongress-otel-krasnoe-450-nomerov	Ранний заход на проектирование: зеркала/перегородки санузлов для 450 номеров, стеклянные …					не найдено			Анонс конгресс-отеля на 450 номеров в Подмосковье (из файла; у сети «Русские Сезоны» известен курорт «Пересвет», 373 номера)	2026-09	https://hotelinsider.ru/russkie-sezony-kongress-otel-krasnoe-450-nomerov	Подтверждения объекта «Красное» в выдаче не найдено, ГД не найден. Проверить, что это сеть «Русские Сезоны». Факт взят из входного файла и независимо не проверен: лимит WebSearch исчерпан, WebFetch заблокирован прокси.
172	Всенародный Фермерский Центр (курорт «Бережки»)		К11 Отели и гостиничные компании	МО	Анонс строительства курорта на 175 номеров за 20 млрд руб., старт лето 2026	2026-06	https://www.interfax-russia.ru/center/novosti-podmoskovya/zagorodnyy-otel-za-20-mlrd-rubley-postroyat-v-podmoskovnom-solnechnogorske	Ранний заход в проект: премиальные зеркала, стеклянные перегородки спа и конгресс-зон, ме…			Сергей Трегуб	Советник генерального директора ООО «Всенародный фермерский центр»	ДАННЫЕ	https://360.ru/news/mosobl/gostinichnyj-kompleks-postrojat-v-solnechnogorske-po-soglasheniju-na-pmef-vorobev/		Соглашение с губернатором МО на ПМЭФ: гостиничный комплекс «Бережки» в Солнечногорске - 4 корпуса на 175 номеров, конгресс-центр на 400 мест, спа-блок более 17 тыс. кв. м, инвестиции 20 млрд руб., 350 рабочих мест, срок 2029	2026-06	https://regions.ru/ekonomika/masshtabnyj-otel-so-spa-kompleksom-vozvedut-v-podmoskove-k-2029-godu	Трегуб - советник, не закупщик: искать ГД ООО «Всенародный фермерский центр» и руководителя проекта. Старт стройки: в файле лето 2026, в выдаче срок завершения 2029
173	Парк-отель «Морозовка»		К11 Отели и гостиничные компании	МО	Реконструкция парк-отеля после смены собственника (встреча администрации с директором)	2026-06	https://riamo.ru/news/kultura/v-solnechnogorske-rekonstruirujut-park-otel-morozovka/	Полная комплектация номерного фонда после реставрации: зеркала, перегородки санузлов, кон…			Георгий Владимирович Марейчев	Генеральный директор ООО «Усадьба «Морозовка»» (с 27.02.2025)	ДАННЫЕ	https://www.rusprofile.ru/id/1255000019405		Реконструкция парк-отеля после смены собственника: встреча администрации Солнечногорска с директором (июнь 2026); ранее отель приостановил деятельность (frontdesk.ru)	2026-06	https://riamo.ru/news/kultura/v-solnechnogorske-rekonstruirujut-park-otel-morozovka/	ФИО по ЕГРЮЛ/rusprofile совпало с указанным в файле. Сроки и объём реконструкции проверить в статье riamo.ru
174	Коломна Арт Отель (инвестпроект)		К11 Отели и гостиничные компании	МО	Выделен участок, объявлен инвестпроект гостиницы на 170 номеров	2026-06	https://www.frontdesk.ru/article/kolomna-art-otel-otkroetsya-v-podmoskove	Арт-концепция: дизайнерские зеркала, стеклянные перегородки, столы для лобби и ресторана					не найдено			Выделен участок, объявлен инвестпроект гостиницы на 170 номеров (Коломна)	2026-06	https://www.frontdesk.ru/article/kolomna-art-otel-otkroetsya-v-podmoskove	Инвестор/ЛПР не установлен: лимит WebSearch исчерпан. Факт взят из входного файла и независимо не проверен: лимит WebSearch исчерпан, WebFetch заблокирован прокси.
175	DATA (девелопер)		К8 Девелопер	МО	Анонс проекта «Пирогово Коллекция» — первый за 10 лет загородный проект с гольф-полем в МО	2026-09	https://www.kommersant.ru/doc/8607344	Дизайнерские зеркала, стеклянные перегородки и столы для клубного дома, шоу-виллы и офиса…			Артем Кузнецов	Основатель/руководитель DATA (по публикациям, из файла)	ГИПОТЕЗА	https://www.kommersant.ru/doc/8607344		Анонс проекта «Пирогово Коллекция» - первый за 10 лет загородный проект с гольф-полем в МО	2026-09	https://www.kommersant.ru/doc/8607344	ФИО взято из входного файла, моим поиском не подтверждено. Факт взят из входного файла и независимо не проверен: лимит WebSearch исчерпан, WebFetch заблокирован прокси.
176	G3 GROUP (Джи Три Групп)	g3.group	К8 Девелопер	МО	Открыты продажи нового проекта «Орнамент» (Орехово-Зуево)	2026-09	https://g3.group/	Подписаться на t.me/G3tender; зеркала и стеклянные перегородки для лобби/МОП бизнес-класса					не найдено			Открыты продажи нового проекта «Орнамент» в Орехово-Зуево; закупочный канал компании: t.me/G3tender (из файла)	2026-09	https://g3.group/	ЛПР не найден: лимит WebSearch исчерпан. Тендерный Telegram-канал публичный, руководителя закупок искать через него. Факт взят из входного файла и независимо не проверен: лимит WebSearch исчерпан, WebFetch заблокирован прокси.
177	Pine River (Пайн Ривер)	pineriver.ru	К11 Отели и гостиничные компании	Калужская область	03.06.2026 на ПМЭФ соглашение: 10 млрд ₽ в туркластер «Пайн Ривер», 250+ номеров	2026-06	https://www.mkkaluga.ru/economics/2026/06/03/v-payn-river-pod-zhukovom-investiruyut-10-mlrd-rubley.html	зеркала, душевые перегородки, мебель для новых корпусов и спа; стеклянные перегородки в р…	+7 (495) 230-13-12	info@pineriver.ru			не найдено			03.06.2026 на ПМЭФ подписано соглашение: 10 млрд руб. в туркластер «Пайн Ривер» (Жуковский район), 250+ номеров	2026-06	https://www.mkkaluga.ru/economics/2026/06/03/v-payn-river-pod-zhukovom-investiruyut-10-mlrd-rubley.html	ЛПР не найден. Общий контакт компании из файла: +7 (495) 230-13-12, info@pineriver.ru. Факт взят из входного файла и независимо не проверен: лимит WebSearch исчерпан, WebFetch заблокирован прокси.
178	Автокласс (ГК «Автокласс»)	autoclass.ru	К12 Автодилер	Тульская область	Открыл два ДЦ — Voyah и «Эволют» (по 425 м²) на Октябрьской ул.	2026-03	https://abreview.ru/ab/news/avtoklass_popolnilsya_voyah_i_evolute/	Премиальные перегородки/зеркала для шоурумов Voyah, столы переговоров	+7 (4872) 702-701				не найдено			Открыл два дилерских центра - Voyah и «Эволют» (по 425 кв. м) на Октябрьской ул. в Туле (март 2026)	2026-03	https://abreview.ru/ab/news/avtoklass_popolnilsya_voyah_i_evolute/	ЛПР не найден. Общий телефон из файла: +7 (4872) 702-701. Факт взят из входного файла и независимо не проверен: лимит WebSearch исчерпан, WebFetch заблокирован прокси.
179	Первый Класс	1klacc.ru	К6 Комплектатор образования	Воронежская область	Контракт 04.09.2026 на 10,2 млн руб. (оборудование для обучения трудовым процессам, МКУ «ДЕЗ КС»); всего 727 контрактов по 44-ФЗ	2026-09	https://checko.ru/company/1163668089496/contracts	Стеклянные маркерные доски и зеркала для хореографических/спортзалов в спецификации новых…	+7 (473) 202-40-20	info@eduvrn.com			не найдено			Контракт 04.09.2026 на 10,2 млн руб. (оборудование для обучения трудовым процессам, МКУ «ДЕЗ КС»); всего 727 контрактов по 44-ФЗ	2026-09	https://checko.ru/company/1163668089496/contracts	ГД не найден. Общие контакты из файла: +7 (473) 202-40-20, info@eduvrn.com. Факт взят из входного файла и независимо не проверен: лимит WebSearch исчерпан, WebFetch заблокирован прокси.
180	Школьный арсенал	school-arsenal.ru	К6 Комплектатор образования	Ивановская область	Контракт 14.09.2026 на мебель для МБОУ ДО «Красносельская детская музыкальная школа»; 24–27.04.2026 — ученические столы и мебель …	2026-09	https://checko.ru/company/1063702149719/contracts	Стеклянные маркерные доски для классов и зеркала для хореографических/музыкальных школ по…	+7 961 245-76-85	eleksplus@yandex.ru			не найдено			Контракт 14.09.2026 на мебель для МБОУ ДО «Красносельская детская музыкальная школа»; в апреле 2026 - ученические столы и мебель	2026-09	https://checko.ru/company/1063702149719/contracts	ГД не найден. Общие контакты из файла: +7 961 245-76-85, eleksplus@yandex.ru. Факт взят из входного файла и независимо не проверен: лимит WebSearch исчерпан, WebFetch заблокирован прокси.
181	Главофисторг (Инновационные решения)		К6 Комплектатор образования	Воронежская область	Контракты 09.09.2026 на офисную мебель и тумбы для БУЗ ВО «Воронежская городская клиническая поликлиника №1»	2026-09	https://checko.ru/company/1113668028781/contracts	Стеклянные перегородки и маркерные доски для поликлиник и кабинетов, зеркала; дилерские у…	+7 473 257-65-65	content@glavofistorg.ru			не найдено			Контракты 09.09.2026 на офисную мебель и тумбы для БУЗ ВО «Воронежская городская клиническая поликлиника №1»	2026-09	https://checko.ru/company/1113668028781/contracts	ГД не найден. Общие контакты из файла: +7 473 257-65-65, content@glavofistorg.ru. Факт взят из входного файла и независимо не проверен: лимит WebSearch исчерпан, WebFetch заблокирован прокси.
182	Спектр знаний	spzn.ru	К6 Комплектатор образования	Воронежская область	Контракт 01.07.2026 на мебель для МБОУ «Токарёвская СОШ» (1,19 млн руб.)	2026-07	https://checko.ru/company/1103668017804/contracts	Стеклянные маркерные доски для классов, зеркала для спортзалов под размер	+7 903 652-71-38	lsn@spzn.ru			не найдено			Контракт 01.07.2026 на мебель для МБОУ «Токарёвская СОШ» (1,19 млн руб.)	2026-07	https://checko.ru/company/1103668017804/contracts	ГД не найден. Общие контакты из файла: +7 903 652-71-38, lsn@spzn.ru. Факт взят из входного файла и независимо не проверен: лимит WebSearch исчерпан, WebFetch заблокирован прокси.
183	Мебельпроф (Рязань)		К6 Комплектатор образования	Рязанская область	Контракт 09.09.2026 на мебель для сидения для МБОУ «Школа №8» г. Рязани (506 тыс. руб.)	2026-09	https://checko.ru/company/1156234007489/contracts	Стеклянные маркерные доски для классов и зеркала для спортзалов	+7 491 234-44-41	gluhova@yandex.ru			не найдено			Контракт 09.09.2026 на мебель для сидения для МБОУ «Школа №8» г. Рязани (506 тыс. руб.)	2026-09	https://checko.ru/company/1156234007489/contracts	ГД не найден. Общие контакты из файла: +7 491 234-44-41, gluhova@yandex.ru. Факт взят из входного файла и независимо не проверен: лимит WebSearch исчерпан, WebFetch заблокирован прокси.
184	ПК «Мебель Партнер»		К6 Комплектатор образования	Липецкая область	Контракт 19.09.2026 на офисные тумбы для ГУЗ «Липецкая городская больница №4»	2026-09	https://checko.ru/company/1154827000954/contracts	Стеклянные перегородки для отделений и кабинетов, маркерные доски, зеркала; OEM/дилерские…	+7 474 255-90-07	mebel_lipetsk@mail.ru			не найдено			Контракт 19.09.2026 на офисные тумбы для ГУЗ «Липецкая городская больница №4»	2026-09	https://checko.ru/company/1154827000954/contracts	ГД не найден. Общие контакты из файла: +7 474 255-90-07, mebel_lipetsk@mail.ru. Факт взят из входного файла и независимо не проверен: лимит WebSearch исчерпан, WebFetch заблокирован прокси.
185	Стерлинг (МФ Стерлинг)	mf-sterling.ru	К6 Комплектатор образования	Курская область	Контракт 08.09.2026 на медицинскую мебель для ОБУЗ «Фатежская ЦРБ» (250,8 тыс. руб.)	2026-09	https://checko.ru/company/1134632013163/contracts	Стеклянные перегородки и зеркала для медучреждений; OEM-комплектация стеклом их мебели	+7 904 525-84-70	ooo.sterling@yandex.ru			не найдено			Контракт 08.09.2026 на медицинскую мебель для ОБУЗ «Фатежская ЦРБ» (250,8 тыс. руб.)	2026-09	https://checko.ru/company/1134632013163/contracts	ГД не найден. Общие контакты из файла: +7 904 525-84-70, ooo.sterling@yandex.ru. Факт взят из входного файла и независимо не проверен: лимит WebSearch исчерпан, WebFetch заблокирован прокси.
186	ГК Развитие	rzv.ru	К8 Девелопер	Воронежская область	Старт продаж шестого корпуса курортного ЖК «Нега»; развитие БЦ «Сенатор» в Воронеже	2026-08	https://rzv.ru/	Перегородки для БЦ Сенатор, зеркала/мебель лобби премиум- и курортных проектов; регистрац…	+7 (473) 260-22-00	info@rzv.ru			не найдено			Старт продаж шестого корпуса курортного ЖК «Нега»; развитие БЦ «Сенатор» в Воронеже	2026-08	https://rzv.ru/	ЛПР не найден. Общие контакты из файла: +7 (473) 260-22-00, info@rzv.ru. Факт взят из входного файла и независимо не проверен: лимит WebSearch исчерпан, WebFetch заблокирован прокси.
187	ГК ОСТ	ost71.ru	К8 Девелопер	Тульская область	Старт продаж нового проекта «Белкина»; Прайм Энгельса — в числе лучших ЖК России по потребкачествам	2026-09	https://ost71.ru/	Зеркала и стеклянные перегородки для лобби бизнес/элит-проектов Прайм; партнёрство с ремо…	+7 (4872) 544-066	gk@ost71.ru			не найдено			Старт продаж нового проекта «Белкина»; ЖК «Прайм Энгельса» назван в числе лучших ЖК России по потребкачествам	2026-09	https://ost71.ru/	ЛПР не найден. Общие контакты из файла: +7 (4872) 544-066, gk@ost71.ru. Факт взят из входного файла и независимо не проверен: лимит WebSearch исчерпан, WebFetch заблокирован прокси.
188	ИСГ Мармакс	marmax.ru	К8 Девелопер	Рязанская область	Открыт офис продаж нового проекта «Проспект Ленина» в Туле	2026-09	https://marmax.ru/	Зеркала и перегородки для лобби бизнес-ЖК и офиса продаж в Туле; тендеры tender.marmax.ru	+7 (4912) 500-005	info@marmax.ru			не найдено			Открыт офис продаж нового проекта «Проспект Ленина» в Туле; тендерная площадка tender.marmax.ru	2026-09	https://marmax.ru/	ЛПР не найден. Общие контакты из файла: +7 (4912) 500-005, info@marmax.ru. Регион в файле - Рязанская область, объект в Туле. Факт взят из входного файла и независимо не проверен: лимит WebSearch исчерпан, WebFetch заблокирован прокси.
189	ГК Проект Инвест	проектинвест.рф	К8 Девелопер	Воронежская область	Открыт новый шоурум «Квартира в готовом интерьере» в ЖК «Навигатор»	2026-08	https://проектинвест.рф/	Зеркала с LED, перегородки и столы для шоурумов и квартир с интерьером; лобби ЖК Навигатор	+7 (473) 232-17-17				не найдено			Открыт новый шоурум «Квартира в готовом интерьере» в ЖК «Навигатор»	2026-08	https://проектинвест.рф/	ЛПР не найден. Общий телефон из файла: +7 (473) 232-17-17. Факт взят из входного файла и независимо не проверен: лимит WebSearch исчерпан, WebFetch заблокирован прокси.
190	Buro Bove	bove.group	К10 Архитектор / дизайн-бюро	Москва	Победа BOA 2026 (проект «Ванта»)	2026-06	https://www.officenext.ru/orientir/article_129616_ofisy-novogo-pokoleniya-itogi/	Стеклянные перегородки (лофт/раздвижные), маркерные доски и столы в спецификации офисных …	+7 916 402-68-41				не найдено			Победа BOA 2026 (проект «Ванта») в итогах конкурса офисных интерьеров	2026-06	https://www.officenext.ru/orientir/article_129616_ofisy-novogo-pokoleniya-itogi/	ЛПР не найден (основателя/партнёра в выдаче не видел). Общий телефон из файла: +7 916 402-68-41 (проверить, что он публичный корпоративный). Факт взят из входного файла и независимо не проверен: лимит WebSearch исчерпан, WebFetch заблокирован прокси.
191	LTV Group Design	ltvgroup.ru	К10 Архитектор / дизайн-бюро	Москва	3 проекта в номинантах BOA 2026 (Моторика, РУСБУМТОРГ, ЭГГЕР)	2026-04	https://www.officenext.ru/orientir/article_119272_proekty-nominanty-2026/	Стеклянные перегородки (лофт/раздвижные), маркерные доски и столы в спецификации офисных …	+7 499 130-82-01	info@ltvgroup.ru			не найдено			3 проекта в номинантах BOA 2026 (Моторика, РУСБУМТОРГ, ЭГГЕР)	2026-04	https://www.officenext.ru/orientir/article_119272_proekty-nominanty-2026/	ЛПР не найден: выдача по ltvgroup.ru без имён, ЕГРЮЛ-юрлицо не определено; факт из исходного файла, не перепроверен
192	Makedesign	makedes.ru	К10 Архитектор / дизайн-бюро	Москва	Организовала культурный проект «Среда» совместно с BoConcept (событие для сообщества)	2026-09	https://t.me/makedesignstudio/2182	Партнёрская программа; стеклянные перегородки и столы для жилых и HoReCa-проектов; участи…	+7 928 600-27-95	md@makedes.ru	Виктория Лукьянова; Диана Карнаухова	руководители студии (архитекторы-основатели)	ГИПОТЕЗА	https://mydecor.ru/experts/studiya-makedesign/		Организовала культурный проект «Среда» совместно с BoConcept (событие для сообщества)	2026-09	https://t.me/makedesignstudio/2182	дата источника не подтверждена; сторонний профиль; ; факт из исходного файла, не перепроверен
193	KNKO (бюро Антона Кононенко)	knko.pro	К10 Архитектор / дизайн-бюро	Москва	Открыта вакансия комплектатора интерьеров	2026-09	https://hh.ru/vacancy/136962233	Перегородки и зеркала для МОП/апартаментов девелоперских проектов + партнёрская скидка	+7 (926) 740-33-70	office@knko.pro	Антон Кононенко	основатель и руководитель бюро	ДАННЫЕ	https://knko.pro/team		Открыта вакансия комплектатора интерьеров	2026-09	https://hh.ru/vacancy/136962233	на knko.pro/team также Главный архитектор Елена Миллер и арт-директор Тимофей Лаевский; для К10 главный архитектор тоже целевая роль; факт из исходного файла, не перепроверен
194	Студия дизайна интерьера Елены Крыловой	helendesign.ru	К10 Архитектор / дизайн-бюро	Москва	Открыта вакансия руководителя проектов	2026-09	https://hh.ru/vacancy/137222202	Комплектация люкс-объектов: перегородки, зеркала с LED, столы под размер	+7 964 645 81 43	pr@helendesign.ru	Елена Крылова	основатель студии	ГИПОТЕЗА	https://helendesign.ru/en/our-team/		Открыта вакансия руководителя проектов	2026-09	https://hh.ru/vacancy/137222202	сторонние и старые источники; студия с офисами в Москве и Дубае; факт из исходного файла, не перепроверен
195	DAAS BURO	daasburo.com	К10 Архитектор / дизайн-бюро	Москва	Вакансия архитектора-визуализатора	2026-09	https://hh.ru/vacancy/136855887	Партнёрская программа для молодого растущего бюро; образцы	+7 (495) 128 6830	inbox@daasburo.com	Алексей Семеняк; Анастасия Долгина	руководители бюро (архитектор; дизайнер)	ДАННЫЕ	https://daasburo.com/		Вакансия архитектора-визуализатора	2026-09	https://hh.ru/vacancy/136855887	по сайту бюро; кто из двоих решает по закупкам - уточнить; факт из исходного файла, не перепроверен
196	ROOT BOX (студия Татьяны Мирошниченко)	root-box.ru	К10 Архитектор / дизайн-бюро	Москва	Вакансия «Дизайнер интерьера / Менеджер проекта»	2026-09	https://hh.ru/vacancy/137680976	Партнёрская скидка; перегородки и зеркала для текущих квартир	+7 926 636-61-75	rootbox.design@gmail.com	Татьяна Мирошниченко	основатель студии	ГИПОТЕЗА	https://root-box.ru/		Вакансия «Дизайнер интерьера / Менеджер проекта»	2026-09	https://hh.ru/vacancy/137680976	по сайту студии, дата не подтверждена; факт из исходного файла, не перепроверен
197	FIVE Architects	five-archi.ru	К10 Архитектор / дизайн-бюро	Москва	Вакансия «Дизайнер интерьеров»	2026-09	https://hh.ru/vacancy/137139223	Перегородки и столы для вилл и гостиниц; партнёрская программа	+7 (967) 014-26-17	hello@five-archi.ru	Штефан Ротарь; Владислав Киселев	основатели бюро	ДАННЫЕ	https://fivearchi.com/about		Вакансия «Дизайнер интерьеров»	2026-09	https://hh.ru/vacancy/137139223	бюро основано 2017; в работе КП «Папушево Парк» (Одинцовский р-н, реализация 2021-2026, five-archi.ru/works/kpp/) - можно как альтернативный факт; факт из исходного файла, не перепроверен
198	AXIOM (архитектурное бюро)	remont-axiom.ru	К10 Архитектор / дизайн-бюро	Москва	Вакансия «Дизайнер интерьера (Архитектор-дизайнер)»	2026-09	https://hh.ru/vacancy/137260004	Партнёрская скидка; перегородки-лофт и зеркала для квартир под ключ	+7 (999) 444-20-34	info@remont-axiom.ru			не найдено			Вакансия «Дизайнер интерьера (Архитектор-дизайнер)»	2026-09	https://hh.ru/vacancy/137260004	ЛПР не найден: в выдаче несколько ООО «Аксиом» (ИНН 9709028771, 9727101992), связь с remont-axiom.ru не подтверждена; факт из исходного файла, не перепроверен
199	Marion Studio	marionstudio.ru	К10 Архитектор / дизайн-бюро	Москва	Вакансия «Дизайнер интерьера / Interior Designer в Дубае» — выход на рынок ОАЭ	2026-09	https://hh.ru/vacancy/137436353	Партнёрская программа; зеркала и стеклянные столы для частных интерьеров	+7 (495) 120-15-52	info@marionstudio.ru	Мария Мироненко; Маргарита Мельникова	основатель и ведущий дизайнер (Мироненко); ведущий дизайнер (Мельникова)	ГИПОТЕЗА	https://design-mate.ru/find/designer/MarionStudio		Вакансия «Дизайнер интерьера / Interior Designer в Дубае» - выход на рынок ОАЭ	2026-09	https://hh.ru/vacancy/137436353	сторонний профиль без даты; про Дубай в выдаче подтверждения нет; факт из исходного файла, не перепроверен
200	TB.Design (студия Татьяны Безверхой) / Суперкварт…	tbdesign.pro	К10 Архитектор / дизайн-бюро	Москва	Вакансия «Дизайнер интерьеров» (жилые проекты, Суперквартира by TB.Design)	2026-09	https://hh.ru/vacancy/137396591	Зеркала с LED, компактные перегородки-гармошки для малых квартир; партнёрская программа	+7 (925) 000-55-65	info@tbdesign.pro	Татьяна Безверхая	основатель и владелец TB.Design и Суперквартиры	ГИПОТЕЗА	https://design-mate.ru/find/designer/tat-yana-bezverhaya		Вакансия «Дизайнер интерьеров» (жилые проекты, Суперквартира by TB.Design)	2026-09	https://hh.ru/vacancy/137396591	сторонние профили; в выдаче есть события 2024 года; факт из исходного файла, не перепроверен
201	Пелетон (Peleton)	tenetplus-peleton.ru	К12 Автодилер	Москва	Открыт ДЦ нового бренда Tenet Plus в Коммунарке (бренд стартовал в авг–сен 2026)	2026-09	https://tenetplus-peleton.ru/	Стеклянные перегородки кабинетов и зоны выдачи, столы менеджеров для нового шоурума	+7 (495) 067-04-36	info@tenetplus-peleton.ru			не найдено			Открыт ДЦ нового бренда Tenet Plus в Коммунарке (бренд стартовал в авг–сен 2026)	2026-09	https://tenetplus-peleton.ru/	ЛПР не найден: юрлицо дилера не определено; на Яндекс.Картах Tenet Пелетон (МКАД 33 км) и Peleton автомолл (МКАД 44 км), уточнить адрес ДЦ. Директор бренда Tenet Plus Дмитрий Максимов - не ЛПР дилера; факт из исходного файла, не перепроверен
202	Сонг Моторс (Song Motors)	tenetplus-songmotors.ru	К12 Автодилер	Москва	Открыт ДЦ нового бренда Tenet Plus на МКАД 26 км (запуск бренда авг–сен 2026)	2026-09	https://tenetplus-songmotors.ru/	Перегородки и мебель для шоурума/клиентской зоны нового бренда	+7 (495) 215-54-03	info@songmotors.ru			не найдено			Открыт ДЦ нового бренда Tenet Plus на МКАД 26 км (запуск бренда авг–сен 2026)	2026-09	https://tenetplus-songmotors.ru/	ЛПР не найден: поиск по названию дал только тёзок; факт из исходного файла, не перепроверен
203	Privé7 (сеть салонов красоты премиум)	prive7.com	К13 Ресторанные группы и сети	Москва	На сайте анонсированы открытия 2026: Prive7 Сочи и Prive7 Тула	2026.0	https://prive7.com/	Зеркала с LED-подсветкой для рабочих мест мастеров, стеклянные перегородки кабинетов, сто…	+7 (495) 640-97-77	info@prive7.com	Ирина Митрошкина; Сусанна Карпова	сооснователи сети Privé7	ГИПОТЕЗА	https://peopletalk.ru/article/zhenshhiny-v-dele-osnovateli-salona-krasoty-prive7-irina-mitroshkina-i-suzanna-karpova/		На сайте анонсированы открытия 2026: Prive7 Сочи и Prive7 Тула	2026	https://prive7.com/	источник старый (около 2020); это салоны красоты, сегмент К13 сомнителен; Privé7 Sochi уже есть в выдаче (ул. Несебрская), проверить, что именно анонсировано на 2026; факт из исходного файла, не перепроверен; месяц факта не указан
204	Casa Ricca EXPO	casaricca.ru	К14 Салон дизайнерской мебели	Москва	В Casa Ricca EXPO открылся новый выставочный проект IDEAL DESIGN SPACE (3 этаж)	2026-09	https://pravila-o.ru/news/v-casa-ricca-expo-otkrylsya-ideal-design-space/	Эксклюзивные стеклянные столы/консоли и зеркала по размерам для выставочного пространства…	+7 800 550-79-19				не найдено			9 сентября запущен выставочный и образовательный проект IDEAL DESIGN SPACE на 3 этаже Casa Ricca EXPO, расширение до 7000+ м2 в 2026-2027	2026-09	https://ko.ru/news/v-moskve-otkrylos-vystavochnoe-i-obrazovatelnoe-prostranstvo-ideal-design-space	ЛПР не найден. Руслан Чернобаев (президент ADDAWARDS) - инициатор IDEAL DESIGN SPACE, но не собственник Casa Ricca EXPO; год события (9 сентября) взят из файла
205	Мой Кабинет	mycabi.net	К1 Сервисные офисы / коворкинги	Москва	Открыт новый гибкий офис в «Говорово» — одно из двух открытий I кв. 2026 в Москве (вместе со Space 1)	2026-05	https://office-news.ru/itogi-pervogo-kvartala-2026-g-na-rynke-gibkih-ofisov-moskvy/analitika/	Недорогие стеклянные перегородки для нарезки кабинетов, вешалки/системы хранения, зеркала	+7 (499) 322-36-43	info@mycabi.net			не найдено			Открыт новый гибкий офис в «Говорово» - одно из двух открытий I кв. 2026 в Москве (вместе со Space 1)	2026-05	https://office-news.ru/itogi-pervogo-kvartala-2026-g-na-rynke-gibkih-ofisov-moskvy/analitika/	ЛПР не найден на mycabi.net (управляет БЦ Сириус Парк, Виктори Парк, Лейпциг, Говорово); факт из файла не перепроверен; факт из исходного файла, не перепроверен
206	Тёплое место	teplo.moscow	К1 Сервисные офисы / коворкинги	Москва	Открылось летом 2026 г. в центре Москвы; идёт найм персонала на hh.ru	2026-07	https://hh.ru/employer/12813215	стеклянные перегородки, маркерные доски, столы и зеркала для рабочих зон; перегородки для…	+7 (910) 000-49-92	vsem@teplo.moscow			не найдено			Открылось летом 2026 г. в центре Москвы; идёт найм персонала на hh.ru	2026-07	https://hh.ru/employer/12813215	ЛПР и сам проект в выдаче не найдены (teplo.moscow не подтвердился), проверить руками; факт из исходного файла, не перепроверен
207	Inspira (ex. GDB)	inspiraspace.ru	К2 Офисный дилер-комплектатор	Москва	ребрендинг GDB → Inspira (статья officenext 21.08.2026), проект Virtus.pro среди номинантов BOA 2026	2026-08	https://www.officenext.ru/company/company-20081-inspira/	стеклянные перегородки и маркерные доски как дополнение к собственным коллекциям; дилерск…	+7 (495) 642-96-02	info@inspiraspace.ru			не найдено			ребрендинг GDB → Inspira (статья officenext 21.08.2026), проект Virtus.pro среди номинантов BOA 2026	2026-08	https://www.officenext.ru/company/company-20081-inspira/	ЛПР не найден, поиск про ребрендинг GDB -> Inspira ничего не дал; факт из файла; факт из исходного файла, не перепроверен
208	Pridex	pridex.ru	К3 Офисная фабрика-интегратор	Москва	Номинант Next Products 2026 (платформа управления доступом для БЦ, стенд №21)	2026-05	https://www.officenext.ru/orientir/article_128552_next-products-2026-nominanty/	Стеклянные перегородки, маркерные доски и LED-зеркала в поток fit-out проектов	+7 (495) 646-10-12	info@pridex.ru	Кирилл Бренев	генеральный директор Pridex (по странице руководства)	ГИПОТЕЗА	https://www.pridex.ru/team/top_management/general		Номинант Next Products 2026 (платформа управления доступом для БЦ, стенд №21)	2026-05	https://www.officenext.ru/orientir/article_128552_next-products-2026-nominanty/	дата страницы неизвестна; есть пресс-релиз «В PRIDEX новый генеральный директор» (pridex.ru/press/releases/4717), не открывали. Сергей Волков - директор по строительству (pridex.ru/team/top_management/construction_directo), для fit-out возможный ЛПР. Андрей Серяков - ГД Pridex Technology (ИТ-интегратор, cnews 2026-03-31), другая структура; факт из исходного файла, не перепроверен
209	Гартлекс (мебельная фабрика)	gartlex.ru	К3 Офисная фабрика-интегратор	Москва	6 открытых вакансий, в т.ч. менеджеры по оптовым продажам офисной и HoReCa мягкой мебели	2026-09	https://hh.ru/vacancy/136177835	кросс-поставка: стеклянные столы/консоли и перегородки для зон ожидания и лаунжей в их ди…	+7 (495) 927-10-28, +7 (495) …	gartlex@gartlex.ru	Сергей Михайлович Добашин	генеральный директор (по данным агрегатора)	ГИПОТЕЗА	https://www.meb100.ru/moskva/mebelnaya-fabrika-gartleks		6 открытых вакансий, в т.ч. менеджеры по оптовым продажам офисной и HoReCa мягкой мебели	2026-09	https://hh.ru/vacancy/136177835	повторная проверка не дала подтверждения; вероятно ЕГРЮЛ-агрегатор, проверить на rusprofile/checko; факт из исходного файла, не перепроверен
210	МЕТТА (Metta)	metta.ru	К3 Офисная фабрика-интегратор	Москва	19 открытых вакансий в Москве/МО, в т.ч. «Менеджер по работе с ключевыми клиентами» (2026-09-25)	2026-09	https://hh.ru/vacancy/137799857	стеклянные рабочие столы/перегородки для совместных офисных комплектаций через B2B-отдел	+7 (495) 320-53-22	internet-shop@metta.ru	Амир Анварович Фаткуллин	генеральный директор ООО «Компания «Метта» с 2018-12-13 (ГД по ЕГРЮЛ)	ГИПОТЕЗА	https://www.rusprofile.ru/id/1623164		19 открытых вакансий в Москве/МО, в т.ч. «Менеджер по работе с ключевыми клиентами» (2026-09-25)	2026-09	https://hh.ru/vacancy/137799857	юрлицо в Уфе (ИНН 0275039651), актуальность не проверена; коммерческого директора не нашли; факт из исходного файла, не перепроверен
211	3К Мебель (Три К Мебель)	3kmebel.ru	К4 HoReCa-комплектатор	Москва	вакансия «Менеджер по оптовым продажам мебели для ресторанов, отелей, ТЦ» (комплектация HoReCa) + новые объекты ежемесячно	2026-09	https://hh.ru/vacancy/137301083	столы со стеклянными/каменными столешницами и зеркальные панели для фудкортов и ресторанов	+7 (499) 322-99-56	info@3kmebel.ru			не найдено			вакансия «Менеджер по оптовым продажам мебели для ресторанов, отелей, ТЦ» (комплектация HoReCa) + новые объекты ежемесячно	2026-09	https://hh.ru/vacancy/137301083	ЛПР не найден: на 3kmebel.ru (О компании) имён в выдаче нет; ООО «Три К Мебель», ул. Суворовская 8; факт из исходного файла, не перепроверен
212	Hutton Development	hutton.ru	К8 Девелопер	Москва	Ввела в эксплуатацию промпарк NOMAN и начала передачу помещений резидентам	2026-09	https://hutton.ru/mobile/news	Дизайнерские зеркала и стекло для лобби клубных домов, перегородки для офисных блоков про…	+7 495 662-94-80	info@hutton.ru			не найдено			Ввела в эксплуатацию промпарк NOMAN и начала передачу помещений резидентам	2026-09	https://hutton.ru/mobile/news	ЛПР не искали: лимит WebSearch исчерпан, ЛПР не искали/не перепроверяли; факт из исходного файла, не перепроверен
213	ОМ Девелопмент (OM Group)	om-development.ru	К8 Девелопер	Москва	17.06.2026 получено РНС на новый проект «ОМ Ботанический», старт продаж	2026-06	https://om-development.ru/	комплектация МОП/лобби «Станиславского» к сдаче 2027: зеркала, перегородки, стеклянные ог…	8 (495) 320-90-00	pr@om.group			не найдено			17.06.2026 получено РНС на новый проект «ОМ Ботанический», старт продаж	2026-06	https://om-development.ru/	ЛПР не искали: лимит WebSearch исчерпан, ЛПР не искали/не перепроверяли; факт из исходного файла, не перепроверен
214	Талан (Москва)	talan.ru	К8 Девелопер	Москва	31.08.2026 — «Талан — 1 год в Москве»; 05.08.2026 выбрана УК INJOY (подготовка к вводу)	2026-08	https://talan.ru/msk/	регистрация на тендерной площадке; зеркала и стекло для МОП INJOY к вводу	+7 (495) 138-99-99	info_77@talan.group			не найдено			31.08.2026 - «Талан - 1 год в Москве»; 05.08.2026 выбрана УК INJOY (подготовка к вводу)	2026-08	https://talan.ru/msk/	ЛПР не искали: лимит WebSearch исчерпан, ЛПР не искали/не перепроверяли; факт из исходного файла, не перепроверен
215	ГК Новард	novard.ru	К8 Девелопер	Москва	21.09.2026 получено разрешение на строительство ЖК «Васильева, 64»	2026-09	https://novard.ru/	перегородки и зеркала для офисов продаж, лобби и МОПов; стеклянные решения для дизайнерск…	+7 (495) 781-79-90	inf@novard.ru			не найдено			21.09.2026 получено разрешение на строительство ЖК «Васильева, 64»	2026-09	https://novard.ru/	ЛПР не искали: лимит WebSearch исчерпан, ЛПР не искали/не перепроверяли; факт из исходного файла, не перепроверен
216	ГК Север	sever-group.ru	К8 Девелопер	Москва	01.09.2026 администрация Тюмени выдала разрешение на КРТ	2026-09	https://sever-group.ru/	МФК Диус: перегородки и зеркала для МОП и коммерческих помещений	+7 3452 600 602	office@sever-group.ru			не найдено			01.09.2026 администрация Тюмени выдала разрешение на КРТ	2026-09	https://sever-group.ru/	ЛПР не искали: лимит WebSearch исчерпан, ЛПР не искали/не перепроверяли; факт из исходного файла, не перепроверен
217	UNIVERSUM PROJECT	up-rf.com	К9 Fit-out подрядчик	Москва	Проект-номинант Best Office Awards 2026 в профиле UNIVERSUM PROJECT (officenext 118471)	2026-04	https://www.officenext.ru/projects/project-118471-x/	Библиотека решений GENGLASS (перегородки, доски) для закладки в проекты	+7 (495) 789-89-10				не найдено			Проект-номинант Best Office Awards 2026 в профиле UNIVERSUM PROJECT (officenext 118471)	2026-04	https://www.officenext.ru/projects/project-118471-x/	ЛПР не искали: лимит WebSearch исчерпан, ЛПР не искали/не перепроверяли; факт из исходного файла, не перепроверен
218	Фреш (маркетплейс «Фреш»)	fresh-auto.ru	К12 Автодилер	Воронежская область	Открыл хаб в Тамбове (7200 м²)	2026-07	https://abreview.ru/ab/news/fresh_rasshiril_pokrytie_seti_za_schet_tambova/	Типовой комплект для хабов: перегородки кабинетов сделок, стойки, столы менеджеров					не найдено			Открыл хаб в Тамбове (7200 м²)	2026-07	https://abreview.ru/ab/news/fresh_rasshiril_pokrytie_seti_za_schet_tambova/	ЛПР не искали: лимит WebSearch исчерпан, ЛПР не искали/не перепроверяли; факт из исходного файла, не перепроверен
219	Смело (группа Сергея Слабунова)		К13 Ресторанные группы и сети	Воронежская область	Сентябрь 2026: создание объединённой группы «Смело»; сеть Paca Mama открыла 14-ю площадку (конец августа 2026), 15-я — в 2026	2026-09	https://abireg.ru/newsitem/117307/	Зеркала, перегородки и мебель из стекла/металла для ресторанов и банкетных залов группы			Сергей Слабунов	владелец (из исходного файла)	ГИПОТЕЗА			Сентябрь 2026: создание объединённой группы «Смело»; сеть Paca Mama открыла 14-ю площадку (конец августа 2026), 15-я - в 2026	2026-09	https://abireg.ru/newsitem/117307/	из файла, не перепроверено; лимит WebSearch исчерпан, ЛПР не искали/не перепроверяли; факт из исходного файла, не перепроверен
220	Seneshal (бутик-отель & SPA на озере Сенеж)	seneshal.com	К11 Отели и гостиничные компании	МО	Открыт новый термальный SPA-комплекс (открытый бассейн, джакузи, баня)	2026-07	https://seneshal.com/novosti/otkrytie-novogo-spa-kompleksa/	зеркала с LED-подсветкой и стеклянные перегородки для SPA и номеров; консоли и столы для …	+7 (903) 114-76-76				не найдено			Открыт новый термальный SPA-комплекс (открытый бассейн, джакузи, баня)	2026-07	https://seneshal.com/novosti/otkrytie-novogo-spa-kompleksa/	ЛПР не искали: лимит WebSearch исчерпан, ЛПР не искали/не перепроверяли; факт из исходного файла, не перепроверен
221	Городские термы (термальный курорт «Бора-Бора», П…	thermal-invest.ru	К11 Отели и гостиничные компании	МО	Стартовало строительство курорта «Бора-Бора» в Подольске, готовность 12%, открытие IV кв. 2027	2026-07	https://sabid.ru/news/v-podolske-postroyat-kurort-termy-borabora-2026-07-11	стеклянные перегородки и зеркала для раздевалок, SPA- и лаунж-зон; столы для зон отдыха	8 800 100-78-27				не найдено			Стартовало строительство курорта «Бора-Бора» в Подольске, готовность 12%, открытие IV кв. 2027	2026-07	https://sabid.ru/news/v-podolske-postroyat-kurort-termy-borabora-2026-07-11	ЛПР не искали: лимит WebSearch исчерпан, ЛПР не искали/не перепроверяли; факт из исходного файла, не перепроверен
222	Феликс	felix.ru	К3 Офисная фабрика-интегратор	МО	Объявили рост выпуска на 20–25% в 2026 и запуск нового производственного корпуса 13 000 м² (360 млн ₽), рост продаж >50% за 11 ме…	2025-12	https://www.vedomosti.ru/industry/industrial_policy/articles/2025/12/22/1165405-feliks-planiruet-uvelichit	Маркерные стеклянные доски и перегородки для офисных/школьных комплектов; зеркала для гос…	+7 (495) 933-77-77	felix@felix.ru	Андрей Михайлов	генеральный директор (из исходного файла)	ГИПОТЕЗА			Объявили рост выпуска на 20–25% в 2026 и запуск нового производственного корпуса 13 000 м² (360 млн ₽), рост продаж >50% за 11 ме…	2025-12	https://www.vedomosti.ru/industry/industrial_policy/articles/2025/12/22/1165405-feliks-planiruet-uvelichit	из файла, не перепроверено; лимит WebSearch исчерпан, ЛПР не искали/не перепроверяли; факт из исходного файла, не перепроверен
223	Профи-Инвест	профи-инвест.рф	К8 Девелопер	МО	Проект КРТ в Пушкинском г.о. на 30 многоэтажных домов (сообщение Минжилполитики МО, пост ГК в VK)	2026-09	https://vk.ru/wall-216901285_5831	Зеркала для МОП/лобби новых очередей Новой Ивантеевки	+7 (495) 150-01-11				не найдено			Проект КРТ в Пушкинском г.о. на 30 многоэтажных домов (сообщение Минжилполитики МО, пост ГК в VK)	2026-09	https://vk.ru/wall-216901285_5831	ЛПР не искали: лимит WebSearch исчерпан, ЛПР не искали/не перепроверяли; факт из исходного файла, не перепроверен
224	Концепт Иммо Девелопмент (ЖК «Зелёный Город»)	zogorod.ru	К8 Девелопер	МО	Дома №1 и №2 сданы, старт продаж дома №3 (сдача 2028)	2026-08	https://zogorod.ru/	Зеркала для санузлов квартир с ремонтом (серийная поставка), стекло для МОП	+7 (495) 431-62-95				не найдено			Дома №1 и №2 сданы, старт продаж дома №3 (сдача 2028)	2026-08	https://zogorod.ru/	ЛПР не искали: лимит WebSearch исчерпан, ЛПР не искали/не перепроверяли; факт из исходного файла, не перепроверен
225	ГК Некрасовка Девелопмент	nekrasovka.com	К8 Девелопер	МО	Новый проект ЖК «Дубрава Красково»; новости 03.08, 09.08, 17.09.2026	2026-09	https://nekrasovka.com/	зеркала и стекло для МОП, офиса продаж; перегородки для коммерческих помещений	+7 (495) 431-10-00	info@nekrasovka.com			не найдено			Новый проект ЖК «Дубрава Красково»; новости 03.08, 09.08, 17.09.2026	2026-09	https://nekrasovka.com/	ЛПР не искали: лимит WebSearch исчерпан, ЛПР не искали/не перепроверяли; факт из исходного файла, не перепроверен
226	Загородный отель «Циолковский»		К11 Отели и гостиничные компании	Калужская область	06.2026 на ПМЭФ подписано соглашение о строительстве отеля за 1,2 млрд ₽	2026-06	https://abnews.ru/center/news/kaluga/2026/6/4/v-balabanove-postroyat-otel-cziolkovskij	зеркала и душевые перегородки на 24 номера + 60 модулей, мебель ресторана и спа			Ольга Соколовская	ИП, инвестор (из исходного файла)	ГИПОТЕЗА			06.2026 на ПМЭФ подписано соглашение о строительстве отеля за 1,2 млрд ₽	2026-06	https://abnews.ru/center/news/kaluga/2026/6/4/v-balabanove-postroyat-otel-cziolkovskij	из файла, не перепроверено; лимит WebSearch исчерпан, ЛПР не искали/не перепроверяли; факт из исходного файла, не перепроверен
227	Elite World Resort Завидово (ООО «Завидовские зор…		К11 Отели и гостиничные компании	Тверская область	09.2026 объявлено о заходе Elite World; одобрен льготный кредит 4,7 млрд ₽ по нацпроекту «Туризм»	2026-09	https://www.frontdesk.ru/article/v-zavidovo-otkroetsya-otel-tureckoy-seti	предложить через ген.подрядчика/дизайнера: зеркала и душевые перегородки на 300+ номеров,…					не найдено			09.2026 объявлено о заходе Elite World; одобрен льготный кредит 4,7 млрд ₽ по нацпроекту «Туризм»	2026-09	https://www.frontdesk.ru/article/v-zavidovo-otkroetsya-otel-tureckoy-seti	ЛПР не искали: лимит WebSearch исчерпан, ЛПР не искали/не перепроверяли; факт из исходного файла, не перепроверен
228	Zont Hotel Group		К11 Отели и гостиничные компании	Липецкая область	05.06.2026 на ПМЭФ соглашение с губернатором Липецкой обл.: 500 млн ₽ на новые отели и модернизацию сети до 2030	2026-06	https://www.kommersant.ru/doc/8726033	программа модернизации номеров: LED-зеркала, душевые перегородки, мебель лобби			Николай Филатов	генеральный директор (из исходного файла)	ГИПОТЕЗА			05.06.2026 на ПМЭФ соглашение с губернатором Липецкой обл.: 500 млн ₽ на новые отели и модернизацию сети до 2030	2026-06	https://www.kommersant.ru/doc/8726033	из файла, не перепроверено; лимит WebSearch исчерпан, ЛПР не искали/не перепроверяли; факт из исходного файла, не перепроверен
229	WeFamilyGroup (отель у усадьбы Асеевых)		К11 Отели и гостиничные компании	Тамбовская область	открытие 4* отеля перенесено на IV кв. 2026 — идёт отделка; 08.2026 суд подтвердил права на надстройку	2026-09	https://abireg.ru/newsitem/117579/	срочно под открытие: LED-зеркала, душевые перегородки на 40 номеров, стеклянные перегород…			Марина Старчикова	Основатель, совладелица WeFamilyGroup	ДАННЫЕ	https://abireg.ru/newsitem/117579/		Открытие 4* отеля у усадьбы Асеевых (40 номеров) перенесено с апреля на IV кв. 2026, идёт отделка	2026-09	https://abireg.ru/newsitem/117579/	Должность подтверждена сниппетом поиска, отдельная страница не открывалась. Отель в здании бывшего кардиосанатория рядом с усадьбой. Еще: horeca.estate интервью со Старчиковой
230	BASINN Hotel Development & Design	basinn.ru	К11 Отели и гостиничные компании	Тульская область	24.09.2026 встреча губернатора Миляева с гендиректором BASINN: предложено участие в курорте на 1000 га в Кондуках	2026-09	https://zanmsk.ru/v-kondukax-otkroyut-kruglogodichnyj-kurort-na-1000-gektarov/	партнёрство как поставщик в типовые спецификации BASINN: зеркала, перегородки санузлов, м…			Антон Басин	Генеральный директор BASINN Hotel Development & Design	ДАННЫЕ	https://zanmsk.ru/v-kondukax-otkroyut-kruglogodichnyj-kurort-na-1000-gektarov/		24.09.2026 рабочая встреча губернатора Тульской области Дмитрия Миляева с Антоном Басиным по курорту на 1000 га в Кондуках	2026-09	https://zanmsk.ru/v-kondukax-otkroyut-kruglogodichnyj-kurort-na-1000-gektarov/	BASINN - девелоперский консалтинг и дизайн отелей (100+ проектов), потенциально спецификатор для типовых решений. Также президент Ассоциации загородных отелей
231	Парк-отель «Замок Понизовкина»		К11 Отели и гостиничные компании	Ярославская область	стройка стартовала в марте 2026 (генподрядчик согласован банком ПСБ, городок установлен), завершение — ноябрь 2027	2026-03	https://www.kommersant.ru/doc/8535608	пакет на 145 номеров: зеркала с LED, душевые перегородки, столы для ресторанов и спа-зоны			Тигран Казарян	Владелец ООО «Парк-Отель Замок Понизовкина», инициатор проекта	ДАННЫЕ	https://www.kommersant.ru/doc/8535608		Стройка комплекса стартовала в марте 2026 (5* отель, проект 3,4 млрд руб.), банк согласовал старт финансирования	2026-03	https://www.kommersant.ru/doc/8535608	Число номеров: в поиске 168, в файле 145 - уточнить перед письмом. Собственник по rusprofile.ru/id/5597738
232	Волга Эстейт (гостиничный комплекс «Угличский пас…		К11 Отели и гостиничные компании	Ярославская область	стройка «Угличского пассажа» идёт, губернатор посетил стройплощадку; завершение к 2027	2026-04	https://abnews.ru/center/news/yaroslavl/2026/1/23/v-yaroslavskoj-oblasti-poyavitsya-uglichskij-passazh	серийная поставка зеркал и душевых перегородок на 152 номера, стеклянные перегородки для …			Никифоров Андрей Юрьевич	Генеральный директор ООО «Волга Эстейт» (Углич), ГД по ЕГРЮЛ с 29.04.2022	ДАННЫЕ	https://www.rusprofile.ru/id/1227600007381		«Угличский пассаж»: две гостиницы (3* и 4*) на 152 номера и конгресс-центр, готовность 2027, стройплощадку посетил губернатор	2026-04	https://abnews.ru/center/news/yaroslavl/2026/1/23/v-yaroslavskoj-oblasti-poyavitsya-uglichskij-passazh	Есть 2 юрлица: ООО «Волга Эстейт» Углич ИНН 7610136460 и ООО СЗ «Волга-Эстейт» Ярославль ИНН 7604289765 - проверить, какое строит пассаж. Дата в URL 2026-01, в файле 2026-04. ГД по ЕГРЮЛ, не проектный ЛПР
233	Липецккурорт (курорт «Липецкие минеральные воды»)		К11 Отели и гостиничные компании	Липецкая область	активная фаза реконструкции санатория (260 номеров, запуск 2029)	2026-09	https://ploschadnews.ru/oberegaemyj-gubernatorom-lipeczkkurort-stolknulsya-s-byurokratiej-na-fone-rekonstrukczii-za-6-mlrd-rublej/	ранний заход на стадии проекта: зеркала и перегородки для 260 номеров и лечебных корпусов…			Вадим Феликсович Митновецкий	Генеральный директор АО/ПАО «Липецккурорт» (с мая 2023)	ДАННЫЕ	https://vademec.ru/news/2025/06/23/zdravnitsu-lipetskkurort-rekonstruiruyut-za-6-mlrd-rubley/		Реконструкция санатория за 6 млрд руб. (соглашение на ПМЭФ-2025, 260 номеров, завершение 2029), в 2026 - активная фаза работ	2026-09	https://ploschadnews.ru/oberegaemyj-gubernatorom-lipeczkkurort-stolknulsya-s-byurokratiej-na-fone-rekonstrukczii-za-6-mlrd-rublej/	Организационно-правовая форма в выдаче то АО, то ПАО. Санаторий закрыт на реконструкцию, поэтапный запуск
234	ГК «Мегаполис» (Мегаполис-Смоленск; отели «Мегапо…		К11 Отели и гостиничные компании	Смоленская область	губернатор Анохин анонсировал новый гостиничный инвестпроект компании в Смоленске	2026-07	https://hoteliernews.ru/v-smolenske-postroyat-novyy-gostinichnyy-kompleks/	зеркала с LED и душевые перегородки для номеров нового комплекса, стеклянные перегородки …			Вячеслав Тофоров	Директор и соучредитель ООО «Мегаполис-Смоленск»	ДАННЫЕ	https://smolensk-i.ru/business/vasilij-anohin-anonsiroval-novyj-gostinichnyj-investproekt-v-smolenske_648429		01.07.2026 губернатор Анохин на встрече с Тофоровым анонсировал новый гостиничный инвестпроект в Смоленске (действующий 5* Гранд-отель «Мегаполис» на 208 номеров открыт в 2023)	2026-07	https://smolensk-i.ru/business/vasilij-anohin-anonsiroval-novyj-gostinichnyj-investproekt-v-smolenske_648429	Параметры нового проекта (номера, сроки) не найдены. Проверить, есть ли отдельный директор по развитию/строительству
235	Отель «Бебель» (Тамбов)		К11 Отели и гостиничные компании	Тамбовская область	объявлено строительство отеля «Бебель» на ул. Августа Бебеля, 12	2026-05	https://abireg.ru/newsitem/114504/	зеркала с LED и душевые перегородки для номеров, стеклянные перегородки для спа и конфере…			Арман Саградян	Предприниматель (ИП с марта 2026), инициатор проекта отеля «Бебель»	ДАННЫЕ	https://tamlife.ru/news/society/2026-05-29/v-tambove-planiruyut-postroit-otel-bebel-329665		Проект 6-этажного отеля «Бебель» на 36 номеров (ул. Августа Бебеля, 12, ресторан, конференц-зал на 60 мест, спа) получил положительное заключение экспертизы	2026-05	https://tamlife.ru/news/society/2026-05-29/v-tambove-planiruyut-postroit-otel-bebel-329665	Малый инвестор, ИП, бюджет небольшой; стадия - до строительства. Дополнительные источники: top68.ru, onlinetambov.ru
236	СИМ (ГК СИМ)	sim-auto.ru	К12 Автодилер	Ярославская область	Стал официальным дилером Rox в Ярославле — новый шоурум 150 м²	2026-08	https://abreview.ru/ab/news/sim_stal_predstavitelem_rox/	Перегородки и стойки для нового шоурума, столы переговоров			Комиссаров Лев Васильевич	Генеральный директор ООО «СИМ-Ярославль» (по данным RBC Companies), не ГК СИМ в целом	ГИПОТЕЗА	https://companies.rbc.ru/id/1087606001405-ooo-sim-yaroslavl/		СИМ стал официальным дилером Rox в Ярославле, новый шоурум 150 кв.м	2026-08	https://abreview.ru/ab/news/sim_stal_predstavitelem_rox/	Дата данных о ГД не видна; ЛПР по строительству/АХО не найден. ГК СИМ: 6 ТТЦ в Ярославле и 1 в Рыбинске, сеть федеральная - искать руководителя строительства группы. Сайт sim-auto.ru
237	Школьный мир (Рязань)		К6 Комплектатор образования	Рязанская область	Контракты 10.08.2026 на мебель для МОУ «Морозово-Борковская СШ» (794 тыс. + 216 тыс. руб.)	2026-08	https://checko.ru/company/1206200003448/contracts	Стеклянные маркерные доски для классов, зеркала для спортзалов			Лукьянцева Юлия Михайловна	Генеральный директор ООО «Школьный мир» (Рязань), ОГРН 1206200003448	ГИПОТЕЗА			10.08.2026 заключены контракты на поставку мебели для МОУ «Морозово-Борковская СШ» (794 тыс. и 216 тыс. руб.)	2026-08	https://checko.ru/company/1206200003448/contracts	КОНФЛИКТ: в выдаче ГД указан то Лукьянцева Ю.М., то Хорошев Алексей Анатольевич - проверить по ЕГРЮЛ вручную. URL источника ГД не зафиксирован (поиск по ОГРН)
238	ELISEEV — бюро интегральной архитектуры Ильи Елис…	eliseev.art	К10 Архитектор / дизайн-бюро	Москва	Вакансия «Ведущий дизайнер интерьеров»	2026-09	https://hh.ru/vacancy/137594435	Перегородки, зеркала и столы для интерьеров загородных домов под ключ			Илья Елисеев	Основатель, главный архитектор бюро ELISEEV	ДАННЫЕ	https://eliseev.art/o-kompanii/	+7 (495) 744-77-64 (сайт eliseev.art, Пресненская наб., 8с1)	Бюро ищет «Ведущего дизайнера интерьеров» (расширение команды), вакансия на hh.ru; недавний портфельный проект - Grove House (интерьеры, номинация «Золотой Трезини»)	2026-09	https://hh.ru/vacancy/137594435	Сильного проектного факта 2025-2026 не найдено. Grove House датирован 2024 (goldtrezzini.ru/nominees/grove-house-interior). Бюро работает с частными домами и резиденциями - ЛПР он же
239	Level Group (гостиничный проект Level work Нижего…	level.ru	К11 Отели и гостиничные компании	Москва	Договор с AZIMUT на отель 246 номеров в Level work Нижегородская	2026-05	https://abn.agency/2026/05/28/azimut-hotels-otkroet-chetyrehzvezdochnyj-otel-na-yugo-vostoke-moskvy/	Стеклянные перегородки и зеркала для отеля и офисной части МФК на стадии отделки			Александра Захарова	Директор по коммерческой недвижимости Level Group	ДАННЫЕ	https://abn.agency/2026/05/28/azimut-hotels-otkroet-chetyrehzvezdochnyj-otel-na-yugo-vostoke-moskvy/		Договор с AZIMUT Hotels: 4* отель на 246 номеров (20 этажей, 12 тыс. кв.м) в Level work Нижегородская, открытие в 2028	2026-05	https://abn.agency/2026/05/28/azimut-hotels-otkroet-chetyrehzvezdochnyj-otel-na-yugo-vostoke-moskvy/	Захарова - коммерческая недвижимость, не закупки; для перегородок/зеркал в номерах вероятен ЛПР - управляющая AZIMUT Hotels или директор по строительству Level Group (не искали). Год открытия 2028 из выдачи, в файле не указан
240	ФК «Спартак-Москва» (отель у стадиона)	spartak.com	К11 Отели и гостиничные компании	Москва	Отель на 304 номера готов более чем на 70%, завершение в 2027	2026-09	https://www.interfax-russia.ru/realty/news/otel-fk-spartak-dostroyat-v-2027-godu	Зеркала и душевые перегородки для 304 номеров, стеклянные перегородки спорт-центра			Савин Николай Олегович	Генеральный директор ООО «СЗ «Стадион «Спартак» (с 19.05.2021), ГД по ЕГРЮЛ	ГИПОТЕЗА	https://www.rusprofile.ru/id/4030077		Отель на 304 номера рядом со стадионом готов более чем на 70%, завершение в 2027	2026-09	https://www.interfax-russia.ru/realty/news/otel-fk-spartak-dostroyat-v-2027-godu	В выдаче также указан Федун Андрей Арнольдович (ГД с 2009) - конфликт, проверить по ЕГРЮЛ. Застройщик отеля - СЗ «Стадион Спартак» (собственник АО «Тушино 2018»), не сам ФК. Монолит завершён (companies.rbc.ru), 5 этажей, спа и центр восстановления
241	Safmar Hotels (Континенталь, Националь, Аврора Лю…		К11 Отели и гостиничные компании	Москва	Все 200+ номеров оснащены платформой «Умный отель Сбер»	2026-09	https://www.comnews.ru/content/247559/2026-09-25/2026-w39/1011/stolichnyy-otel-kontinental-vnedril-umnyy-otel-sb	Точечное обновление номеров: зеркала с подсветкой, стеклянные перегородки в санузлах			Амирханов Алихан Хусейнович	Генеральный директор ООО «Сафмар Плаза» (Safmar Hotels), ГД по ЕГРЮЛ	ДАННЫЕ	https://checko.ru/company/safmar-plaza-1167746672158		В отеле «Континенталь» все 200+ номеров оснащены платформой «Умный отель Сбер»	2026-09	https://www.comnews.ru/content/247559/2026-09-25/2026-w39/1011/stolichnyy-otel-kontinental-vnedril-umnyy-otel-sb	В файле: Станислав Ивашкевич - представитель «Сафмар» (ComNews), должность не проверена. По выдаче ген. менеджер Сафмар Аврора Люкс - Роман Батин (без даты, ГИПОТЕЗА). Ремонтные закупки - вероятно через технического директора, не найден
242	Группа Мантера	mantera.ru	К11 Отели и гостиничные компании	Москва	Признана лучшим туристическим холдингом России (Global Destination Awards 2026)	2026-09	https://www.atorus.ru/article/gruppa-mantera-poluchila-mezhdunarodnuyu-premiyu-kak-luchshiy-turisticheskiy-khold	Зеркала и стеклянные перегородки для курортных проектов в стадии оснащения			Вадим Анатольевич Трукшин	Генеральный директор Группы Мантера	ДАННЫЕ	https://www.atorus.ru/article/gruppa-mantera-poluchila-mezhdunarodnuyu-premiyu-kak-luchshiy-turisticheskiy-kholding-rossii-69984		Группа Мантера получила премию Global Destination Awards 2026 «Лучший туристический холдинг России» (церемония 8 сентября 2026 в Москве, 7000 номеров)	2026-09	https://www.atorus.ru/article/gruppa-mantera-poluchila-mezhdunarodnuyu-premiyu-kak-luchshiy-turisticheskiy-kholding-rossii-69984	Холдинг из Краснодарского края, 9000 сотрудников; для закупок нужен уровень директора по развитию/строительству - не найден. Премия организована телеканалом World Fashion Channel - вес награды невысокий
243	Sanatorium (спа-отели)		К11 Отели и гостиничные компании	Москва	Вакансии: генеральный директор спа-отеля, операционный менеджер мини-отеля (hh.ru, последние 30 дней)	2026-09	https://hh.ru/vacancy/137763937	Зеркала с подсветкой и стеклянные перегородки для спа-зон и номеров			Дмитрий Естенков	Генеральный директор и основатель «Санаториум»	ГИПОТЕЗА	https://sanatorium-is.ru/komanda/		Открыты вакансии: генеральный директор спа-отеля, операционный менеджер мини-отеля (hh.ru, сентябрь 2026)	2026-09	https://hh.ru/vacancy/137763937	ВНИМАНИЕ: sanatorium-is.ru и «МИС Санаториум» - вероятно ПО для санаториев (Естенков связан с ним), а не сеть спа-отелей. Проверить, что это та же компания, что в файле. Дата источника не видна
244	ПСБ — Бизнес и инфраструктура (гостиничные активы)		К11 Отели и гостиничные компании	Москва	Вакансия «Управляющий отелем (Генеральный менеджер/Руководитель проекта)»	2026-09	https://hh.ru/vacancy/137753062	Предложение техзаказчику: зеркала, перегородки санузлов, мебель лобби для нового проекта					не найдено			Вакансия «Управляющий отелем (Генеральный менеджер/Руководитель проекта)» на hh.ru	2026-09	https://hh.ru/vacancy/137753062	ГД не найден. По tadviser «ПСБ Бизнес» (Банк ПСБ) строит и эксплуатирует отели в регионах. В файле по Замку Понизовкина упомянут банк ПСБ - связка возможна. Искать руководителя гостиничного направления вручную
245	УК Русинвестклуб		К11 Отели и гостиничные компании	Москва	Вакансия «Эксперт по созданию гостиничного проекта»	2026-09	https://hh.ru/vacancy/136906571	Ранний заход на стадии концепции: стандарты по зеркалам и перегородкам санузлов			Селиверстов Иван Васильевич	Генеральный директор ООО «УК «Русинвестклуб» (с мая 2011), ГД по ЕГРЮЛ	ДАННЫЕ	https://www.rusprofile.ru/id/2019104		Вакансия «Эксперт по созданию гостиничного проекта» на hh.ru - компания собирает гостиничное направление	2026-09	https://hh.ru/vacancy/136906571	УК паевых фондов (реализовано 44 проекта, по tadviser), не оператор отелей. Конкретный гостиничный проект не найден - уточнить по вакансии
246	Даблби		К13 Ресторанные группы и сети	Москва	В апреле 2026 сеть купил фонд «Бумеранг Капитал», ведёт консолидацию кофейных сетей	2026-04	https://www.kommersant.ru/doc/8763310	Зеркала и небольшие столы/консоли в типовой пакет франшизы			Борисов Сергей Борисович	Генеральный директор АО «Кофейни Даблби», ГД по ЕГРЮЛ	ДАННЫЕ	https://www.rusprofile.ru/id/1247700215180		В апреле 2026 сеть «Даблби» куплена фондом «Бумеранг Капитал» (Ваган Гаспарян), фонд консолидирует кофейные сети	2026-04	https://www.kommersant.ru/doc/8763310	После смены владельца (апрель 2026) ГД мог смениться - проверить. Основатели сети: Цфасман, Мелик-Каракозова, Бабкова, Смирнов, Дашков (продавец - Сергей Дашков). Есть заголовок Ъ про «One Double» - проверить, что речь о той же сети
247	Italy Group (Экосистема Итали)	italycommunity.ru	К13 Ресторанные группы и сети	Москва	30 июня 2026 в ЖК Lucky открыт московский филиал Joli Grand Bistro	2026-06	https://restoranoved.ru/articles/news/v-moskve-otkrylsya-filial-peterburgskogo-joli-grand-bistro/	Зеркала и перегородки для московских открытий			Михаил Соколов; Тимур Дмитриев	Сооснователи (проект Joli Grand Bistro, экосистема italy&co)	ГИПОТЕЗА	https://italycommunity.ru/about		30 июня 2026 в ЖК Lucky открыт московский филиал Joli Grand Bistro	2026-06	https://restoranoved.ru/articles/news/v-moskve-otkrylsya-filial-peterburgskogo-joli-grand-bistro/	Italy Group как холдинг больше не существует, проекты стали независимыми, есть сообщество italy&co (sobaka.ru/bars/news/136786). Проверить, чьё юрлицо у московского Joli. Даты источников по ЛПР не видны
248	Lamia (сеть тайских спа-салонов)		К13 Ресторанные группы и сети	Москва	17 августа 2026 открыт новый филиал на Волгоградском проспекте, 32к3	2026-08	https://news-24.ru/2026/08/17/set-tajskih-spa-salonov-lamia-otkryla-novyj-filial-na-volgogradskom-prospekte/	Зеркала с LED для зон после процедур, стеклянные перегородки, консоли ресепшн					не найдено			17.08.2026 открыт новый филиал Lamia SPA на Волгоградском проспекте, 32к3	2026-08	https://news-24.ru/2026/08/17/set-tajskih-spa-salonov-lamia-otkryla-novyj-filial-na-volgogradskom-prospekte/	Основатель/ГД не найден (юрлицо ООО «Ламия», проверить по ЕГРЮЛ). Сеть из 3 спа-салонов (lamiaspa.ru), сегмент К13 в файле - не ресторан. Данные о числе салонов из выдачи, дата не видна
249	Ферма М2 (М2 Органик Клуб)		К13 Ресторанные группы и сети	Москва	Май 2026 — открыто гастропространство на Гоголевском: пекарня (1 мая) и ресторан ИНО (15 мая)	2026-05	https://iconlife.ru/razvlecheniya/eda/4876-ino-na-gogolevskom-novoe-gastronomicheskoe-prostranstvo-ot-fermy-m2	Столы и консоли из камня/дерева, зеркала для гастропространства			Леонид Воловодовский	Автор концепции ресторана «ИНО М2» (Ферма М2)	ГИПОТЕЗА	https://www.vedomosti.ru/kp/time/article/2026/08/31/1225156-stolovaya-buduschego-chto-m2-pridumal-v-konstruktivistskom-dome-na-gogolevskom		В мае 2026 на Гоголевском бульваре открыты пекарня (1 мая) и ресторан ИНО (15 мая) в здании бывшего клуба-столовой ЖК 1929-1930 годов	2026-05	https://www.vedomosti.ru/kp/time/article/2026/08/31/1225156-stolovaya-buduschego-chto-m2-pridumal-v-konstruktivistskom-dome-na-gogolevskom	Воловодовский - автор концепции, не подтверждено, что решает по закупкам. Здание и сеть «М2 Органик Клуб» принадлежат Major Auto (купили здание в 2023). Бренд-шеф Антон Магдюк. Искать директора по развитию/стройке Major Auto
250	Теремок	teremok.ru	К13 Ресторанные группы и сети	Москва	Открыт 105-й ресторан сети в Петербурге (Пулковские высоты), инвестиции 60 млн руб. — май 2026	2026-05	https://www.dp.ru/a/2026/05/21/teremok-vlozhil-60-mln-rublej	Типовые зеркала и перегородки для новых форматов, серийные поставки			Виталий Свидовский	Соучредитель и генеральный директор ГК «Теремок»	ДАННЫЕ	https://www.kommersant.ru/doc/8317387		Открыт 105-й ресторан сети в Петербурге (Пулковские высоты), инвестиции 60 млн руб. (май 2026); в 2026 план - 6 новых ресторанов	2026-05	https://www.dp.ru/a/2026/05/21/teremok-vlozhil-60-mln-rublej	Точная страница Ъ с ФИО в выдаче не проверялась. Михаил Гончаров - основатель/совладелец. Директор по строительству/открытиям не найден
251	Здрасте (сеть кофеен)		К13 Ресторанные группы и сети	Москва	Открыта кофейня 90 м² в РЦ «Место встречи Патриот» (апрель 2026)	2026-04	https://shopandmall.ru/news/set-kofeen-zdraste-dobralas-do-mesto-vstreci	Зеркала, столы и стойки из стекла/камня в типовой формат			Гнел Амирян	Генеральный директор сети «Здрасте»	ГИПОТЕЗА	https://franshiza.ru/franchise/read/zdraste/		Открыта кофейня 90 кв.м в РЦ «Место встречи Патриот» (апрель 2026)	2026-04	https://shopandmall.ru/news/set-kofeen-zdraste-dobralas-do-mesto-vstrechi	Страница-источник ФИО по выдаче точно не зафиксирована, дата неизвестна. Основатели: Владислав и Дарья Редькины (2018). Сеть 100+ точек, франшиза - закупки стройки могут идти через франчайзи
252	Pride Club (сеть фитнес-клубов)	pride-fitness.ru	К13 Ресторанные группы и сети	Москва	На сайте: клуб Pride «Красная стрела» (м. Бабушкинская) — «скоро открытие»; Pride Видное на реконструкции		https://pride-fitness.ru/	Зеркала для залов и раздевалок (в т.ч. LED), стеклянные перегородки студий, стойки ресепш…			Максим Каганский	Владелец сети Pride Club, президент ГК Pride United	ДАННЫЕ	https://www.vedomosti.ru/realty/articles/2025/02/12/1091587-osnovatel-seti-pride-club-zaimetsya-developmentom		На сайте: клуб Pride «Красная стрела» (м. Бабушкинская) - «скоро открытие», Pride Видное на реконструкции		https://pride-fitness.ru/	Сегмент - фитнес, не ресторан. Дата факта на сайте не указана. Ведомости (02.2025): Каганский заходит в девелопмент, помещения в собственности. Публичный контакт не искали
253	Грузинские каникулы (сеть спешелти-кофеен)		К13 Ресторанные группы и сети	Москва	5 июня 2026 открыт пятый и самый масштабный проект сети в Skorik Center в Крылатском	2026-06	https://openkitchen.eda.yandex/article/places/guides/otkrytiya-leta-2026-moskva-sanktpeterburg-novosibirsk	Столы и барные стойки с каменными/стеклянными столешницами, зеркала, перегородки для след…					не найдено			5 июня 2026 открыт пятый и самый масштабный проект сети в Skorik Center в Крылатском	2026-06	https://openkitchen.eda.yandex/article/places/guides/otkrytiya-leta-2026-moskva-sanktpeterburg-novosibirsk	Основатель не найден; в выдаче путаница со Skuratov Coffee - не путать. Связь с Skorik Center поиском отдельно не подтверждена
254	DNA (панк-пекарня)		К13 Ресторанные группы и сети	Москва	Новые филиалы DNA на Спиридоновке и на Самокатной (подборка открытий лета 2026)	2026-07	https://thefair.ru/article/novye-restorany-kafe-bary-moskvy-leto-2026	Столы, зеркала, стеклянные витрины-перегородки для новых пекарен					не найдено			Новые филиалы DNA на Спиридоновке (24/1) и на Самокатной (4с13)	2026-07	https://thefair.ru/article/novye-restorany-kafe-bary-moskvy-leto-2026	Основатель не найден; адреса подтверждены картами. Контакт для связи: Telegram-канал t.me/dnafood (публичный)
255	Masa Madre (пекарни)		К13 Ресторанные группы и сети	Москва	Новый филиал Masa Madre в Лужниках (подборка открытий лета 2026)	2026-07	https://thefair.ru/article/novye-restorany-kafe-bary-moskvy-leto-2026	Столы и стойки с каменными столешницами, зеркала для новых точек			Денис Бобков	Ресторатор, автор проекта Masa Madre	ДАННЫЕ	https://style.rbc.ru/impressions/6a6c8a1c9a794710496237d6		В начале лета 2026 открыта третья Masa Madre в Лужниках - пекарня с открытой производственной мастерской на недостроенной площадке	2026-06	https://style.rbc.ru/impressions/6a6c8a1c9a794710496237d6	В файле дата 2026-07 (thefair). Бобков - также владелец баров на Солянке (Black Swan Pub, Secret Room, Botafogo, Bambule, Tabi)
256	Моряк и Чайка Пляж (сеть баров)		К13 Ресторанные группы и сети	Москва	18.09.2026 на Китай-городе открылся седьмой бар сети	2026-09	https://openkitchen.eda.yandex/article/news/launches/na-kitaygorode-otkrylsya-sedmoy-bar-seti-moryak-i-chayka-plyazh-v	Зеркала, барные столы с металлическим подстольем, стеклянные перегородки — типовой пакет …			Сергей Гаспаров	Основатель сети «Моряк и чайка», управляющий GASP BRO group (GASK Bro Group)	ГИПОТЕЗА	https://design-mate.ru/read/objects/find/project/bar-moryak-i-chayka		18.09.2026 на Китай-городе открылся седьмой бар сети «Моряк и Чайка Пляж»	2026-09	https://openkitchen.eda.yandex/article/news/launches/na-kitaygorode-otkrylsya-sedmoy-bar-seti-moryak-i-chayka-plyazh-v	Источник ФИО не датирован, страница по выдаче зафиксирована приблизительно. Партнёры группы: Александр Казьмин, Сергей Евграфов. Проверить, что «Пляж» - тот же оператор
257	Correas (сеть кафе)		К13 Ресторанные группы и сети	Москва	16.09.2026 в Москве открылось новое кафе сети Correas	2026-09	https://openkitchen.eda.yandex/article/news/launches/v-moskve-otkrylos-novoe-kafe-seti-correas	Столы, зеркала и перегородки для новых кафе перезапускаемой сети					не найдено			16.09.2026 в Москве открылось новое кафе сети Correas	2026-09	https://openkitchen.eda.yandex/article/news/launches/v-moskve-otkrylos-novoe-kafe-seti-correas	Поиск не выполнен: исчерпан лимит WebSearch (200 на сессию), WebFetch заблокирован прокси. Факт взят из исходного файла, не перепроверен.
258	Тайпит — мебельный дивизион	taipit.ru	К3 Офисная фабрика-интегратор	Москва	4 вакансии, в т.ч. «Менеджер по развитию продаж (офисная мебель)»	2026-09	https://hh.ru/vacancy/137673061	стеклянные перегородки и маркерные доски как дополнение к ассортименту их торгового дома					не найдено			4 вакансии, в т.ч. «Менеджер по развитию продаж (офисная мебель)»	2026-09	https://hh.ru/vacancy/137673061	Поиск не выполнен: исчерпан лимит WebSearch (200 на сессию), WebFetch заблокирован прокси. Факт взят из исходного файла, не перепроверен.
259	Мангазея	мангазея.рф	К8 Девелопер	Москва	Вошла в топ-10 девелоперов Москвы по объёму продаж, кратно улучшив результаты	2026-06	https://www.vedomosti.ru/press_releases/2026/06/11/mangazeya-voshla-v-top-10-developerov-mos	Аккредитация на etp.mdevelopment.ru; стекло и зеркала для МОП и будущих офисов					не найдено			Вошла в топ-10 девелоперов Москвы по объёму продаж, кратно улучшив результаты	2026-06	https://www.vedomosti.ru/press_releases/2026/06/11/mangazeya-voshla-v-top-10-developerov-mos	Поиск не выполнен: исчерпан лимит WebSearch (200 на сессию), WebFetch заблокирован прокси. Факт взят из исходного файла, не перепроверен.
260	ГК Абсолют	absrealty.ru	К8 Девелопер	Москва	Начато строительство двух домов в городе-парке	2026-06	https://companies.rbc.ru/news/VVjGC0ZYt4/nachalos-stroitelstvo-dvuh-domov-v-gorode-parke	Стеклянные перегородки для делового центра «Ликова» на стадии отделки					не найдено			Начато строительство двух домов в городе-парке	2026-06	https://companies.rbc.ru/news/VVjGC0ZYt4/nachalos-stroitelstvo-dvuh-domov-v-gorode-parke	Поиск не выполнен: исчерпан лимит WebSearch (200 на сессию), WebFetch заблокирован прокси. Факт взят из исходного файла, не перепроверен.
261	Кортрос	kortros.ru	К8 Девелопер	Москва	Началось возведение жилого комплекса на Профсоюзной улице в Москве	2026-09	https://kortros.ru/press/news	Зеркала и стекло для МОП нового московского ЖК					не найдено			Началось возведение жилого комплекса на Профсоюзной улице в Москве	2026-09	https://kortros.ru/press/news	Поиск не выполнен: исчерпан лимит WebSearch (200 на сессию), WebFetch заблокирован прокси. Факт взят из исходного файла, не перепроверен.
262	Крокус (5* отель в Красногорске)	crocus-group.ru	К11 Отели и гостиничные компании	МО	Главгосэкспертиза одобрила 5* отель на 1202 номера	2026-09	https://ru.hotel.report/development/s-vidom-na-moskvu-reku-v-podmoskove-poyavitsya-novaya-gostinica	Долгосрочный проект: зеркала и стеклянные перегородки санузлов на 1202 номера, лобби; нач…					не найдено			Главгосэкспертиза одобрила 5* отель на 1202 номера	2026-09	https://ru.hotel.report/development/s-vidom-na-moskvu-reku-v-podmoskove-poyavitsya-novaya-gostinica	Поиск не выполнен: исчерпан лимит WebSearch (200 на сессию), WebFetch заблокирован прокси. Факт взят из исходного файла, не перепроверен.
263	ФСК (гостиничный комплекс в Химках)	fsk.ru	К11 Отели и гостиничные компании	МО	Проект гостиничного комплекса за 2,1 млрд руб. на 120 номеров в Химках	2026-08	https://www.vedomosti.ru/press_releases/2026/08/11/gostinichnii-kompleks-za-21-mlrd-rublei-postroyat-v-podmoskove	Зеркала и перегородки санузлов для отеля + стеклянные перегородки для офисов продаж/лобби…					не найдено			Проект гостиничного комплекса за 2,1 млрд руб. на 120 номеров в Химках	2026-08	https://www.vedomosti.ru/press_releases/2026/08/11/gostinichnii-kompleks-za-21-mlrd-rublei-postroyat-v-podmoskove	Поиск не выполнен: исчерпан лимит WebSearch (200 на сессию), WebFetch заблокирован прокси. Факт взят из исходного файла, не перепроверен.
264	Президенция Монави / LeePrime Group		К11 Отели и гостиничные компании	МО	Подписано трёхстороннее соглашение о создании 5* отеля	2026-05	https://www.sostav.ru/blogs/215822/88701	Премиальные зеркала с подсветкой и стеклянные перегородки для отеля и медцентра на стадии…			Сергей Ли	Управляющий партнёр LeePrime Group (по файлу)	ГИПОТЕЗА	https://www.sostav.ru/blogs/215822/88701		Подписано трёхстороннее соглашение о создании 5* отеля	2026-05	https://www.sostav.ru/blogs/215822/88701	Поиск не выполнен: исчерпан лимит WebSearch (200 на сессию), WebFetch заблокирован прокси. Факт взят из исходного файла, не перепроверен. ЛПР взят из файла (второе имя усечено, не использовано). Sostav недоступен через прокси
265	Гостиница спорткомплекса April Club (Апрелевка)		К11 Отели и гостиничные компании	МО	Строительство завершено, документы на ввод оформлены, готовится к открытию	2026-03	https://abnews.ru/center/news/mosreg/2026/3/27/v-aprelevke-postroili-gostiniczu-na-ulicze-aprelevskoj	Комплектация 76 номеров перед открытием: зеркала, перегородки санузлов, мебель ресторана					не найдено			Строительство завершено, документы на ввод оформлены, готовится к открытию	2026-03	https://abnews.ru/center/news/mosreg/2026/3/27/v-aprelevke-postroili-gostiniczu-na-ulicze-aprelevskoj	Поиск не выполнен: исчерпан лимит WebSearch (200 на сессию), WebFetch заблокирован прокси. Факт взят из исходного файла, не перепроверен.
266	СЗ «Восточный 2» (база «Озеро Круглое»)		К11 Отели и гостиничные компании	МО	Покупка базы отдыха и планы модернизации в рекреационный центр	2026-03	https://hospitalityguide.ru/news/rekreaczionnyj-czentr-poyavitsya-v-moskovskoj-oblasti/	Ранний заход: зеркала и стеклянные перегородки для новых номеров и спа, мебель общественн…					не найдено			Покупка базы отдыха и планы модернизации в рекреационный центр	2026-03	https://hospitalityguide.ru/news/rekreaczionnyj-czentr-poyavitsya-v-moskovskoj-oblasti/	Поиск не выполнен: исчерпан лимит WebSearch (200 на сессию), WebFetch заблокирован прокси. Факт взят из исходного файла, не перепроверен.
267	ООО «Аквила» (МФЦ «Екатеринград», Подольск)		К11 Отели и гостиничные компании	МО	Начато строительство МФЦ «Екатеринград» (извещение в Главгосстройнадзор), ввод в 2027	2026-07	https://sabid.ru/news/v-podolske-startovalo-stroitelstvo-termalnogo-kompleksa-2026-07-	зеркала и стеклянные перегородки для раздевалок, SPA и кафе; выход через подрядчика отдел…			Борисоглебская Юлия Борисовна	Генеральный директор ООО «Аквила» (ГД по ЕГРЮЛ, на 17.02.2026)	ДАННЫЕ	https://www.rusprofile.ru/id/10256789		ООО «Аквила» строит в Подольске МФЦ «Екатеринград»: 4 этажа, 11 тыс. кв. м, термальный комплекс с бассейнами и банями, инвестиции более 1 млрд руб., разрешение на строительство получено	2026-07	https://finance.rambler.ru/realty/50419572-v-podolske-poyavitsya-novyy-rekreatsionnyy-multipark-ekateringrad/	Совпадение юрлица (ИНН 5036154620) с застройщиком проекта определено по названию и городу, проверить. Дата старта стройки 2026-07 из файла (sabid.ru), мной не перепроверена.
268	Русская Река (спа-отель, Кострома)	rrhotel.ru	К11 Отели и гостиничные компании	Костромская область	15.09.2026 официально открыт первый пятизвёздочный отель в Костроме	2026-09	https://abnews.ru/center/news/kostroma/2026/9/15/v-kostrome-otkrylsya-pervyj-pyatizvyozdochnyj-gostinichnyj-kompleks	допоставка: LED-зеркала для люксов и спа, стеклянные перегородки спа-зоны, консоли/столы …	+7 (906) 520-90-90	info@rrhotel.ru	Метельков Алексей Александрович	Собственник отеля «Русская река»; по rusprofile также руководит рядом юрлиц (в т.ч. ООО «Русский отель»)	ДАННЫЕ	https://moskvichmag.ru/lyudi/otel-prezhde-vsego-prodaet-son-vladelets-kostromskogo-otelya-ostrovskij-aleksej-metelkov/		15.09.2026 в Костроме открылся первый пятизвёздочный отель-спа «Русская река» (владелец Алексей Метельков)	2026-09	https://www.frontdesk.ru/article/pervyy-pyatizvezdnik-otkrylsya-v-kostrome	ГД самого отеля отдельно не найден; должность ГД в юрлицах уточнить (rusprofile.ru/person/metelkov-aa-444300135725).
269	Парк-отель «Лаврово-Песочня»	lavrovo-pesochnya.ru	К11 Отели и гостиничные компании	Калужская область	8 апреля 2026 открыт крытый аквапарк и термальный комплекс	2026-04	https://www.lavrovo-pesochnya.ru/company/news/	зеркала и перегородки для раздевалок/спа терм, столы для кафе	+7 (910) 600-33-70	pesochnia@bk.ru	Погосова Ольга Викторовна	Генеральный директор ООО «Лаврово-Песочня» (ГД по ЕГРЮЛ)	ДАННЫЕ	https://www.rusprofile.ru/id/5654622		8 апреля 2026 в парк-отеле открылся крытый аквапарк (5 бассейнов, 9 видов горок) и термальный комплекс (11 бань и саун); инвестор получил по льготной программе более 770 млн руб.	2026-04	https://ru.hotel.report/novosti/v-kaluzhskom-park-otele-lavrovo-pesochnya-otkrylsya-akvapark	ГД в реестре с 2014 г. (по справочнику); управляющего или технического директора отеля не нашла - при звонке уточнить, кто решает по комплектации.
270	Авто-Белогорье	belogorie-tenetplus.ru	К12 Автодилер	Белгородская область	Официальное открытие ДЦ Tenet Plus в Старом Осколе 11.09.2026	2026-09	https://belogorie-tenetplus.ru/	Стеклянные перегородки кабинетов, стойки ресепшн, столы менеджеров для шоурума	+7 (4725) 39-11-11	client@belogorie-tenetplus.ru	Иванов Павел Вячеславович	Генеральный директор ООО «Авто-Белогорье» (ГД по ЕГРЮЛ, с 23.03.2012)	ДАННЫЕ	https://www.rusprofile.ru/id/4070537		11 сентября 2026 состоялось официальное открытие дилерского центра Tenet Plus «Авто-Белогорье» в Старом Осколе (пр-т Алексея Угарова, 18Г)	2026-09	https://belogorie-tenetplus.ru/	Проверить, что юрлицо rusprofile (Белгород) то же, что ведёт ДЦ в Старом Осколе. Руководителя строительства/АХО группы не искала.
271	AB Motors (АБ Моторс)	abmotors-tenetplus.ru	К12 Автодилер	Воронежская область	Анонсировано открытие ДЦ Tenet Plus 03.10.2026	2026-10	https://abmotors-tenetplus.ru/	Срочная поставка перегородок и мебели к открытию шоурума	+7 (4732) 12-00-02	client@abmotors-tenetplus.ru	Крутчинин Александр Валентинович	Генеральный директор ООО «АБ-Моторс» (по данным РБК Компании)	ГИПОТЕЗА	https://www.rbc.ru/companies/id/1167746860490-ooo-ab-motors/		AB Motors (Воронеж, ул. Остужева, 45/2) входит в группу «Авто-Белогорье»; по сигналу файла открытие ДЦ Tenet Plus назначено на 03.10.2026	2026-10	https://avto-belogorie.ru/about/news/my-okrylis-v-g-voronezhe-ab-motors/	ФИО получено из сводки поиска, написание фамилии и дату проверить по странице РБК. Дата 03.10.2026 независимо не подтверждена. Возможный ЛПР выше: ГД группы «Авто-Белогорье» (Иванов П.В., см. №270).
272	Тринити Моторс	trinity-tenetplus.ru	К12 Автодилер	Белгородская область	Добавлен ДЦ нового бренда Tenet Plus (запуск бренда авг–сен 2026)	2026-09	https://trinity-tenetplus.ru/	Перегородки и мебель для зоны нового бренда, зеркала в клиентскую зону	+7 (4722) 38-09-09	reception@trinity-tenetplus.ru	Васильев Алексей Валерьевич	Генеральный директор ООО «Тринити Моторс» (Белгород, ул. Студенческая; ГД по ЕГРЮЛ, с 12.04.2018)	ДАННЫЕ	https://www.rusprofile.ru/id/11407610		Тринити Моторс (Белгород) - действующий дилер Tenet, по сигналу файла добавляет ДЦ нового бренда Tenet Plus; бренд Tenet Plus официально презентован 22.09.2026	2026-09	https://www.zr.ru/content/news/986189-svetskij-vecher/	Есть второе юрлицо ООО «Тринити Моторс М» - проверить, какое ведёт Tenet Plus. Конкретное событие Тринити Моторс в сентябре 2026 мной не подтверждено.
273	Вип Авто (Тверь)	vipauto-tenetplus.ru	К12 Автодилер	Тверская область	Открыты 2 точки нового бренда Tenet Plus в Твери (запуск бренда авг–сен 2026)	2026-09	https://vipauto-tenetplus.ru/	Типовой комплект перегородок/столов на 2 шоурума	+7 (4822) 31-78-03	info@vipauto-tenetplus.ru	Юклянюк Игорь Владимирович	Директор ООО «Вип-Авто Т» (Тверь, Московское ш., 21; с 26.06.2019)	ГИПОТЕЗА	https://www.rusprofile.ru/id/11824498		У «Вип Авто» в Твери две точки бренда Tenet: Московское ш., 21 и ул. Антонова-Овсеенко, 46	2026-09	https://yandex.com/maps/org/vip_avto_tenet/85950817816/	На одном адресе несколько юрлиц (Вип-Авто Т, Спорт, К, Л), какое ведёт Tenet Plus - неясно; должность с 2019 г., актуальность проверить. Дата факта из файла.
274	Автоград (Калуга)	autograd.group	К12 Автодилер	Калужская область	Открыт ДЦ нового бренда Tenet Plus на Тульском ш. (запуск бренда авг–сен 2026)	2026-09	https://autograd-tenetplus.ru/	Рамочный договор на перегородки/мебель для ДЦ группы	+7 (4842) 222-226	sales_tenet.plus@autograd.group			не найдено			Автоград (Калуга) - действующий дилер Tenet на Тульском шоссе, 14Б; по сигналу файла открыт ДЦ нового бренда Tenet Plus	2026-09	https://autograd-tenetplus.ru/	ЛПР не найден (1 поиск, дальше лимит WebSearch исчерпан). Проверить руками: ГД юрлица Автоград/Автоград Юг по ЕГРЮЛ. Событие открытия не подтверждено мной.
275	Автоэкспресс (Иваново)	avtoexpress-tenetplus.ru	К12 Автодилер	Ивановская область	Открыт ДЦ нового бренда Tenet Plus в Иваново (запуск бренда авг–сен 2026)	2026-09	https://avtoexpress-tenetplus.ru/	Перегородки кабинетов и мебель клиентской зоны	+7 (4932) 47-20-00	info@avtoexpress-tenetplus.ru	Везиров Джаваншир Мамед оглы	Директор ООО «Автоэкспресс-Плюс» (Иваново, по ЕГРЮЛ, с момента основания в 2003)	ГИПОТЕЗА	https://www.rusprofile.ru/id/619917		Автоэкспресс (Иваново) - официальный дилер Chery и Tenet; по сигналу файла открыт ДЦ нового бренда Tenet Plus	2026-09	https://avtoexpress.net/news/13014	Юрлицо совпадает только по названию и городу; ДЦ Tenet может вести другое юрлицо группы. Событие открытия Tenet Plus не подтверждено.
276	Лидер Авто (Кострома)	tenet-leaderavto.ru	К12 Автодилер	Костромская область	Включён в дилерскую сеть нового бренда Tenet Plus (старт сети авг–сен 2026)	2026-09	https://tenetplus.ru/dealers/	Перегородки/мебель под зону Tenet Plus	+7 (4942) 49-62-00	info@tenet-leaderavto.ru			не найдено			Лидер Авто (Кострома, ул. Локомотивная, 2в) - официальный дилер Tenet; по сигналу файла включён в дилерскую сеть Tenet Plus	2026-09	https://tenetplus.ru/dealers/	Юрлицо дилера не установлено (в выдаче ООО «Лидер Премиум», «Лидер-Сервис» - связь не подтверждена, ФИО не брала). Проверить руками.
277	Автосалон Глобус (Тамбов)	tenet-globus.ru	К12 Автодилер	Тамбовская область	Включён в дилерскую сеть нового бренда Tenet Plus, сайт globus-tenetplus.ru (старт сети авг–сен 2026)	2026-09	https://tenetplus.ru/dealers/	Перегородки/мебель под зону Tenet Plus	+7 (4752) 70-05-21	office@tenet-globus.ru			не найдено			Включён в дилерскую сеть нового бренда Tenet Plus, сайт globus-tenetplus.ru (старт сети авг–сен 2026)	2026-09	https://tenetplus.ru/dealers/	Поиск не выполнен: лимит WebSearch исчерпан. Факт из сигнала файла, не перепроверен. Проверить руками: ГД по ЕГРЮЛ.
278	UTFC (ООО «Фест»)	utfc.ru	К7 Серийная мебельная фабрика	Ярославская область	Запуск новой категории — модульные диваны; новые модели кресел СН-111, СН-105	2026-07	https://utfc.ru/	Стеклянные столы и журнальные столики в комплект к новым модульным диванам и лаунж-зонам	+7 (800) 350-12-34	sales@utfc.ru			не найдено			Запуск новой категории - модульные диваны; новые модели кресел СН-111, СН-105	2026-07	https://utfc.ru/	Поиск не выполнен: лимит WebSearch исчерпан. Факт из сигнала файла, не перепроверен. Проверить руками: ГД по ЕГРЮЛ.
279	Марион	marion-l.com	К6 Комплектатор образования	Липецкая область	Контракт 21.09.2026 на офисные тумбы для Управления Судебного департамента в Липецкой обл. (744,7 тыс. руб.)	2026-09	https://checko.ru/company/1024840833324/contracts	Стеклянные перегородки для кабинетов, стеклянные маркерные доски, столы на металлокаркасе	+7 474 224-01-66	marion-pavel@mail.ru			не найдено			Контракт 21.09.2026 на офисные тумбы для Управления Судебного департамента в Липецкой обл. (744,7 тыс. руб.)	2026-09	https://checko.ru/company/1024840833324/contracts	Поиск не выполнен: лимит WebSearch исчерпан. Факт из сигнала файла, не перепроверен. Проверить руками: ГД по ЕГРЮЛ.
280	Товары для офиса (Курск)		К6 Комплектатор образования	Курская область	Контракт 14.09.2026 на мебель для сидения для Курской областной думы (508,5 тыс. руб.)	2026-09	https://checko.ru/company/1044637008965/contracts	Стеклянные перегородки для кабинетов, маркерные доски, зеркала; дилерская скидка	+7 471 273-25-00	tdo46@mail.ru			не найдено			Контракт 14.09.2026 на мебель для сидения для Курской областной думы (508,5 тыс. руб.)	2026-09	https://checko.ru/company/1044637008965/contracts	Поиск не выполнен: лимит WebSearch исчерпан. Факт из сигнала файла, не перепроверен. Проверить руками: ГД по ЕГРЮЛ.
281	ОМИС-Трейд		К6 Комплектатор образования	Тверская область	Контракт 07.09.2026 на металлические офисные шкафы для администрации Пролетарского района (221,4 тыс. руб.)	2026-09	https://checko.ru/company/1026900552106/contracts	Стеклянные перегородки для кабинетов и маркерные доски; дилерские условия	+7 482 233-10-67	omis-tver@mail.ru			не найдено			Контракт 07.09.2026 на металлические офисные шкафы для администрации Пролетарского района (221,4 тыс. руб.)	2026-09	https://checko.ru/company/1026900552106/contracts	Поиск не выполнен: лимит WebSearch исчерпан. Факт из сигнала файла, не перепроверен. Проверить руками: ГД по ЕГРЮЛ.
282	Профофис (МК Тверь)	mktver.ru	К6 Комплектатор образования	Тверская область	Контракт 21.09.2026 на мебель для сидения для Управления Судебного департамента в Тверской обл. (193,7 тыс. руб.)	2026-09	https://checko.ru/company/1236900008828/contracts	Стеклянные перегородки для кабинетов, маркерные доски; дилерская скидка	+7 482 245-23-14	info@mktver.ru			не найдено			Контракт 21.09.2026 на мебель для сидения для Управления Судебного департамента в Тверской обл. (193,7 тыс. руб.)	2026-09	https://checko.ru/company/1236900008828/contracts	Поиск не выполнен: лимит WebSearch исчерпан. Факт из сигнала файла, не перепроверен. Проверить руками: ГД по ЕГРЮЛ.
283	Класс (Смоленск)		К6 Комплектатор образования	Смоленская область	Связанное ООО «Офис Плюс» (e-mail на домене klass-company.ru): контракт 21.09.2026 на металлические кровати для ОГБУЗ «Клиническа…	2026-09	https://checko.ru/company/1046758332312/contracts	Стеклянные перегородки и зеркала для медучреждений и соцучреждений, маркерные доски	+7 481 268-32-13	info@klass-company.ru			не найдено			Связанное ООО «Офис Плюс» (e-mail на домене klass-company.ru): контракт 21.09.2026 на металлические кровати для ОГБУЗ «Клиническа	2026-09	https://checko.ru/company/1046758332312/contracts	Поиск не выполнен: лимит WebSearch исчерпан. Факт из сигнала файла, не перепроверен. Проверить руками: ГД по ЕГРЮЛ.
284	Климат-Т		К6 Комплектатор образования	Смоленская область	Контракт 22.07.2026 на конструкторские и игровые наборы для ОГБПОУ «Смоленский педагогический колледж»	2026-07	https://checko.ru/company/1076731018154/contracts	Стеклянные маркерные доски и мебель для мастерских/лабораторий колледжей	+7 481 264-74-29	klimat-t.sm@yandex.ru			не найдено			Контракт 22.07.2026 на конструкторские и игровые наборы для ОГБПОУ «Смоленский педагогический колледж»	2026-07	https://checko.ru/company/1076731018154/contracts	Поиск не выполнен: лимит WebSearch исчерпан. Факт из сигнала файла, не перепроверен. Проверить руками: ГД по ЕГРЮЛ.
285	Саула-Запад		К6 Комплектатор образования	Смоленская область	Контракт 22.09.2026 на металлические шкафы для одежды для ОГБУЗ «Детская клиническая больница»	2026-09	https://checko.ru/company/1116732008381/contracts	Стеклянные перегородки и зеркала для отделений больниц, стеллажи на металлокаркасе	+7 481 263-25-36	saula-zapad@yandex.ru			не найдено			Контракт 22.09.2026 на металлические шкафы для одежды для ОГБУЗ «Детская клиническая больница»	2026-09	https://checko.ru/company/1116732008381/contracts	Поиск не выполнен: лимит WebSearch исчерпан. Факт из сигнала файла, не перепроверен. Проверить руками: ГД по ЕГРЮЛ.
286	Кратт		К6 Комплектатор образования	Смоленская область	Контракт 16.09.2026 на медицинскую мебель для ОГБУЗ «Детская клиническая больница»	2026-09	https://checko.ru/company/1216700004509/contracts	Стеклянные перегородки и зеркала для медкабинетов	+7 900 224-89-00	kratt.sml@yandex.ru			не найдено			Контракт 16.09.2026 на медицинскую мебель для ОГБУЗ «Детская клиническая больница»	2026-09	https://checko.ru/company/1216700004509/contracts	Поиск не выполнен: лимит WebSearch исчерпан. Факт из сигнала файла, не перепроверен. Проверить руками: ГД по ЕГРЮЛ.
287	Торговая реклама (Орёл)		К6 Комплектатор образования	Орловская область	Контракт 02.09.2026 на металлические архивные шкафы для ГБПОУ МОК «Запад» (678,9 тыс. руб.)	2026-09	https://checko.ru/company/1025700769346/contracts	Стеклянные маркерные доски и перегородки для колледжей; стеллажи на металлокаркасе	+7 486 273-55-35	pena@torgavto.com			не найдено			Контракт 02.09.2026 на металлические архивные шкафы для ГБПОУ МОК «Запад» (678,9 тыс. руб.)	2026-09	https://checko.ru/company/1025700769346/contracts	Поиск не выполнен: лимит WebSearch исчерпан. Факт из сигнала файла, не перепроверен. Проверить руками: ГД по ЕГРЮЛ.
288	ГК Стройкомплект (Тула)	стройкомплект71.рф	К8 Девелопер	Тульская область	25.09.2026 — старт продаж нового семейного квартала «Счастье моё»	2026-09	https://стройкомплект71.рф/	Зеркала и стекло для МОП/входных групп нового квартала	+7 (4872) 51-61-19	ooostroikomplekt@mail.ru			не найдено			25.09.2026 - старт продаж нового семейного квартала «Счастье моё»	2026-09	https://стройкомплект71.рф/	Поиск не выполнен: лимит WebSearch исчерпан. Факт из сигнала файла, не перепроверен. Проверить руками: ГД по ЕГРЮЛ.
289	Инвест76 (3D-глэмпинг на оз. Неро)		К11 Отели и гостиничные компании	Ярославская область	07.2026 анонс строительства первой гостиницы из 3D-печати в Ростове Великом	2026-07	https://www.kommersant.ru/doc/8781071	зеркала и стеклянные душевые перегородки для модулей, столы для ресторана					не найдено			07.2026 анонс строительства первой гостиницы из 3D-печати в Ростове Великом	2026-07	https://www.kommersant.ru/doc/8781071	Поиск не выполнен: лимит WebSearch исчерпан. Факт из сигнала файла, не перепроверен. Проверить руками: ГД по ЕГРЮЛ.
290	Никольское-Резорт		К11 Отели и гостиничные компании	Смоленская область	06.2026 соглашение на ПМЭФ-2026 со Смоленской областью	2026-06	https://tass.ru/ekonomika/27648357	зеркала, душевые перегородки для 20 домов, мебель ресторана					не найдено			06.2026 соглашение на ПМЭФ-2026 со Смоленской областью	2026-06	https://tass.ru/ekonomika/27648357	Поиск не выполнен: лимит WebSearch исчерпан. Факт из сигнала файла, не перепроверен. Проверить руками: ГД по ЕГРЮЛ.
291	Интер-отель (гостиница на Волжской набережной)		К11 Отели и гостиничные компании	Ярославская область	27.04.2026 положительное заключение госэкспертизы	2026-04	https://abnews.ru/center/news/yaroslavl/2026/5/8/proekt-gostiniczy-u-volgi-v-yaroslavle-poluchil-odobrenie	заложить в проект зеркала/перегородки санузлов, мебель лобби — ранний контакт					не найдено			27.04.2026 положительное заключение госэкспертизы	2026-04	https://abnews.ru/center/news/yaroslavl/2026/5/8/proekt-gostiniczy-u-volgi-v-yaroslavle-poluchil-odobrenie	Поиск не выполнен: лимит WebSearch исчерпан. Факт из сигнала файла, не перепроверен. Проверить руками: ГД по ЕГРЮЛ.
292	Бутик-отель «Дом Демидова»	domdemidova.ru	К11 Отели и гостиничные компании	Ярославская область	06.2026 на ПМЭФ подписано соглашение (150 млн ₽); на сайте — «скоро откроет двери»	2026-06	https://rg.ru/2026/06/09/reg-cfo/investicionnyj-kush.html	дизайнерские зеркала, душевые перегородки, консоли и столы для ресторана — через архитект…					не найдено			06.2026 на ПМЭФ подписано соглашение (150 млн ₽); на сайте - «скоро откроет двери»	2026-06	https://rg.ru/2026/06/09/reg-cfo/investicionnyj-kush.html	Поиск не выполнен: лимит WebSearch исчерпан. Факт из сигнала файла, не перепроверен. Проверить руками: ГД по ЕГРЮЛ.
293	УК Ростов Великий		К11 Отели и гостиничные компании	Ярославская область	03.06.2026 на ПМЭФ подписано соглашение на 1,1 млрд ₽	2026-06	https://www.interfax-russia.ru/center/news/butik-otel-i-gostinichnyy-kompleks-za-1-1-mlrd-rub-sozdadut-v-rostove-velikom	зеркала и перегородки санузлов, мебель лобби для бутик-отеля — ранний контакт на этапе пр…					не найдено			03.06.2026 на ПМЭФ подписано соглашение на 1,1 млрд ₽	2026-06	https://www.interfax-russia.ru/center/news/butik-otel-i-gostinichnyy-kompleks-za-1-1-mlrd-rub-sozdadut-v-rostove-velikom	Поиск не выполнен: лимит WebSearch исчерпан. Факт из сигнала файла, не перепроверен. Проверить руками: ГД по ЕГРЮЛ.
294	Волга Вилидж отель		К11 Отели и гостиничные компании	Ярославская область	09.2026 проект в списке строящихся загородных комплексов области; 2-я очередь 34 номера до 12.2027	2026-09	https://yarreg.ru/articles/v-yaroslavskoy-oblasti-postroyat-neskolko-zagorodnyh-kompleksov/	типовые зеркала и душевые перегородки для 34 модулей 2-й очереди, мебель ресторана					не найдено			09.2026 проект в списке строящихся загородных комплексов области; 2-я очередь 34 номера до 12.2027	2026-09	https://yarreg.ru/articles/v-yaroslavskoy-oblasti-postroyat-neskolko-zagorodnyh-kompleksov/	Поиск не выполнен: лимит WebSearch исчерпан. Факт из сигнала файла, не перепроверен. Проверить руками: ГД по ЕГРЮЛ.
295	Глэмпинг «Вежи Волжские»		К11 Отели и гостиничные компании	Ярославская область	09.2026 расширение: модульная гостиница 16 номеров + 10 коттеджей	2026-09	https://yarreg.ru/articles/v-yaroslavskoy-oblasti-postroyat-neskolko-zagorodnyh-kompleksov/	зеркала и душевые перегородки для 29 номеров, столы для кафе			Сергей Чернышев	инвестор	ГИПОТЕЗА			09.2026 расширение: модульная гостиница 16 номеров + 10 коттеджей	2026-09	https://yarreg.ru/articles/v-yaroslavskoy-oblasti-postroyat-neskolko-zagorodnyh-kompleksov/	ЛПР взят из входного файла, не перепроверен (лимит WebSearch исчерпан). Факт из сигнала файла, не перепроверен.
296	Глэмпинг «Туно»		К11 Отели и гостиничные компании	Ярославская область	09.2026 строится 2-я очередь на 18 номеров, завершение к концу 2026	2026-09	https://yarreg.ru/articles/v-yaroslavskoy-oblasti-postroyat-neskolko-zagorodnyh-kompleksov/	зеркала и душевые перегородки для 18 модулей 2-й очереди			Светлана Прокофьева	сооснователь	ГИПОТЕЗА			09.2026 строится 2-я очередь на 18 номеров, завершение к концу 2026	2026-09	https://yarreg.ru/articles/v-yaroslavskoy-oblasti-postroyat-neskolko-zagorodnyh-kompleksov/	ЛПР взят из входного файла, не перепроверен (лимит WebSearch исчерпан). Факт из сигнала файла, не перепроверен.
297	ЖАК ГРУПП (отель в историческом центре Тулы)		К11 Отели и гостиничные компании	Тульская область	глава ГК анонсировал строительство отеля в историческом центре Тулы	2026-05	https://abnews.ru/center/news/tula/2026/5/12/v-istoricheskom-czentre-tuly-postroyat-otel	проектный заход: зеркала и перегородки для номеров, столы для ресторана/лобби			Манук Аветисян	глава ГК «ЖАК ГРУПП»	ГИПОТЕЗА			глава ГК анонсировал строительство отеля в историческом центре Тулы	2026-05	https://abnews.ru/center/news/tula/2026/5/12/v-istoricheskom-czentre-tuly-postroyat-otel	ЛПР взят из входного файла, не перепроверен (лимит WebSearch исчерпан). Факт из сигнала файла, не перепроверен.
298	Контактная механика (бутик-отель в Калязине)		К11 Отели и гостиничные компании	Тверская область	соглашение на ПМЭФ-2026 о создании бутик-отеля в Калязине за 150 млн ₽	2026-06	https://rg.ru/2026/06/09/reg-cfo/investicionnyj-kush.html	зеркала, душевые перегородки и столы для номеров и ресторана бутик-отеля					не найдено			соглашение на ПМЭФ-2026 о создании бутик-отеля в Калязине за 150 млн ₽	2026-06	https://rg.ru/2026/06/09/reg-cfo/investicionnyj-kush.html	Поиск не выполнен: лимит WebSearch исчерпан. Факт из сигнала файла, не перепроверен. Проверить руками: ГД по ЕГРЮЛ.
299	Загородный клуб «Есенинская Русь»		К11 Отели и гостиничные компании	Рязанская область	открыт загородный клуб «Есенинская Русь» (31 дом, конференц-зал)	2026-08	https://www.ryazan.kp.ru/online/news/7137472/	зеркала и душевые перегородки для гостевых домов, стеклянные перегородки для конференц-за…					не найдено			открыт загородный клуб «Есенинская Русь» (31 дом, конференц-зал)	2026-08	https://www.ryazan.kp.ru/online/news/7137472/	Поиск не выполнен: лимит WebSearch исчерпан. Факт из сигнала файла, не перепроверен. Проверить руками: ГД по ЕГРЮЛ.
300	Корфу Групп (придорожные комплексы NAVIGATOR)		К11 Отели и гостиничные компании	Ярославская область	соглашение на ПМЭФ-2026 о строительстве придорожных комплексов с мотелями (320 млн ₽, 50 рабочих мест)	2026-06	https://yarcube.ru/newsletter/na-pmef-investory-podtverdili-stroitelstvo-pridorozhnykh-kompleksov-v-yaroslavskoy-oblasti/	типовой комплект на серию мотелей: зеркала, душевые перегородки, столы для кафе			Ирина Ковалева	генеральный директор	ГИПОТЕЗА			соглашение на ПМЭФ-2026 о строительстве придорожных комплексов с мотелями (320 млн ₽, 50 рабочих мест)	2026-06	https://yarcube.ru/newsletter/na-pmef-investory-podtverdili-stroitelstvo-pridorozhnykh-kompleksov-v-yaroslavskoy-oblasti/	ЛПР взят из входного файла, не перепроверен (лимит WebSearch исчерпан). Факт из сигнала файла, не перепроверен.
301	Авто Ленд		К12 Автодилер	Воронежская область	Открыл ДЦ Foton в Воронеже (1406 м², шоурум 423 м²)	2026-09	https://abreview.ru/ab/news/foton_otkryl_dilerskiy_tsentr_v_voronezhe/	Перегородки офиса продаж и клиентской зоны					не найдено			Открыл ДЦ Foton в Воронеже (1406 м², шоурум 423 м²)	2026-09	https://abreview.ru/ab/news/foton_otkryl_dilerskiy_tsentr_v_voronezhe/	Поиск не выполнен: лимит WebSearch исчерпан. Факт из сигнала файла, не перепроверен. Проверить руками: ГД по ЕГРЮЛ.
302	Авто Премиум (Тверь)		К12 Автодилер	Тверская область	Открыл салон Avatr в Твери	2026-05	https://abreview.ru/ab/news/barnaul_krasnodar_i_tver_popolnili_set_avatr/	Премиальные перегородки и зеркала для шоурума					не найдено			Открыл салон Avatr в Твери	2026-05	https://abreview.ru/ab/news/barnaul_krasnodar_i_tver_popolnili_set_avatr/	Поиск не выполнен: лимит WebSearch исчерпан. Факт из сигнала файла, не перепроверен. Проверить руками: ГД по ЕГРЮЛ.
303	Дебрянск Авто		К12 Автодилер	Брянская область	Открыл ДЦ Haval City в Брянске; +80% продаж в 2025 (рейтинг ABR)	2025-08	https://abreview.ru/ab/news/set_haval_popolnili_dva_desyatka_dilerov/	Перегородки и столы переговоров для новых ДЦ					не найдено			Открыл ДЦ Haval City в Брянске; +80% продаж в 2025 (рейтинг ABR)	2025-08	https://abreview.ru/ab/news/set_haval_popolnili_dva_desyatka_dilerov/	Поиск не выполнен: лимит WebSearch исчерпан. Факт из сигнала файла, не перепроверен. Проверить руками: ГД по ЕГРЮЛ.
304	Натура (сеть кофеен-бистро)		К13 Ресторанные группы и сети	Тульская область	Интервью сооснователя (31.07.2026): цель — открыть ещё 5 точек до конца 2026, экспансия в Москву и ЦФО по франшизе	2026-07	https://place.lemma.ru/interview/intervyu-set-natura-grigoryan-	Типовой пакет для франчайзи: зеркала, столы, стеклянные перегородки — в стандарт бренда			Амбарцум Григорян	сооснователь; Александр Данилов - соосн	ГИПОТЕЗА			Интервью сооснователя (31.07.2026): цель - открыть ещё 5 точек до конца 2026, экспансия в Москву и ЦФО по франшизе	2026-07	https://place.lemma.ru/interview/intervyu-set-natura-grigoryan-	ЛПР взят из входного файла, не перепроверен (лимит WebSearch исчерпан). Факт из сигнала файла, не перепроверен.
